#include "assets_generated.h"

const uint16_t dungeon_palette[16] = {
    0x0000,
    0x0841,
    0x18e4,
    0x31c8,
    0x4acc,
    0x6bf1,
    0xadb7,
    0xf527,
    0xfe8d,
    0xb248,
    0x6291,
    0x42f3,
    0x3e53,
    0xef9d,
    0x5b89,
    0x2166,
};

static const uint8_t pixels_wall_near[] = {
    0x23, 0x33, 0x33, 0x33, 0x32, 0x33, 0x33, 0x33, 0x33, 0x23, 0x33, 0x33, 0x33, 0x32, 0x32, 0x33,
    0x25, 0x55, 0x55, 0x55, 0x55, 0x55, 0x55, 0x55, 0x55, 0x55, 0x55, 0x55, 0x55, 0x55, 0x52, 0x53,
    0x22, 0x22, 0x22, 0x22, 0x22, 0x22, 0x22, 0x22, 0x22, 0x22, 0x22, 0x22, 0x22, 0x22, 0x22, 0x22,
    0x33, 0x33, 0x33, 0x32, 0x33, 0x33, 0x33, 0x33, 0x33, 0x32, 0x33, 0x33, 0x23, 0x33, 0x33, 0x32,
    0x33, 0x33, 0x33, 0x32, 0x33, 0x33, 0x33, 0x33, 0x33, 0x32, 0x33, 0x33, 0x23, 0x33, 0x33, 0x32,
    0x33, 0x33, 0x33, 0x32, 0x33, 0x33, 0x33, 0x33, 0x33, 0x32, 0x33, 0x33, 0x23, 0x33, 0x33, 0x32,
    0x33, 0x33, 0x33, 0x32, 0x33, 0x33, 0x33, 0x33, 0x33, 0x32, 0x33, 0x33, 0x23, 0x33, 0x33, 0x32,
    0x36, 0x33, 0x33, 0x32, 0x36, 0x33, 0x33, 0x33, 0x33, 0x32, 0x36, 0x33, 0x23, 0x33, 0x33, 0x62,
    0x33, 0x33, 0x33, 0x32, 0x33, 0x33, 0x33, 0x33, 0x33, 0x32, 0x33, 0x33, 0x23, 0x33, 0x33, 0x32,
    0x22, 0x22, 0x22, 0x22, 0x22, 0x22, 0x22, 0x22, 0x22, 0x22, 0x22, 0x22, 0x22, 0x22, 0x22, 0x22,
    0x33, 0x33, 0x32, 0x33, 0x33, 0x33, 0x33, 0x33, 0x33, 0x33, 0x23, 0x33, 0x33, 0x33, 0x23, 0x33,
    0x33, 0x33, 0x32, 0x33, 0x33, 0x33, 0x33, 0x33, 0x33, 0x33, 0x23, 0x33, 0x33, 0x33, 0x23, 0x33,
    0x33, 0x33, 0x32, 0x33, 0x33, 0x33, 0x33, 0x33, 0x33, 0x33, 0x23, 0x33, 0x33, 0x33, 0x23, 0x33,
    0x33, 0x33, 0x32, 0x33, 0x33, 0x33, 0x33, 0x33, 0x33, 0x33, 0x23, 0x33, 0x33, 0x33, 0x23, 0x33,
    0x36, 0x33, 0x32, 0x33, 0x33, 0x33, 0x33, 0x33, 0x33, 0x33, 0x23, 0x63, 0x33, 0x33, 0x23, 0x33,
    0x33, 0x33, 0x32, 0x33, 0x33, 0x33, 0x33, 0x33, 0x33, 0x33, 0x23, 0x33, 0x33, 0x23, 0x33, 0x33,
    0x22, 0x22, 0x22, 0x22, 0x22, 0x22, 0x22, 0x22, 0x22, 0x22, 0x22, 0x22, 0x22, 0x22, 0x22, 0x22,
    0x33, 0x32, 0x33, 0x33, 0x33, 0x33, 0x23, 0x33, 0x33, 0x33, 0x32, 0x33, 0x33, 0x23, 0x33, 0x23,
    0x33, 0x32, 0x33, 0x33, 0x33, 0x33, 0x23, 0x33, 0x33, 0x33, 0x32, 0x33, 0x33, 0x23, 0x33, 0x23,
    0x33, 0x32, 0x33, 0x33, 0x33, 0x33, 0x23, 0x33, 0x33, 0x33, 0x32, 0x33, 0x33, 0x23, 0x33, 0x23,
    0x33, 0x32, 0x33, 0x33, 0x33, 0x33, 0x23, 0x33, 0x33, 0x33, 0x32, 0x33, 0x33, 0x23, 0x33, 0x23,
    0x33, 0x32, 0x36, 0x33, 0x33, 0x33, 0x23, 0x33, 0x33, 0x33, 0x32, 0x36, 0x23, 0x33, 0x33, 0x23,
    0x33, 0x32, 0x33, 0x33, 0x33, 0x33, 0x23, 0x33, 0x33, 0x33, 0x32, 0x33, 0x23, 0x33, 0x33, 0x23,
    0x22, 0x22, 0x22, 0x22, 0x22, 0x22, 0x22, 0x22, 0x22, 0x22, 0x22, 0x22, 0x22, 0x22, 0x22, 0x22,
    0x33, 0x33, 0x33, 0x33, 0x33, 0x33, 0x33, 0x33, 0x33, 0x33, 0x33, 0x33, 0x23, 0x33, 0x33, 0x33,
    0x33, 0x33, 0x33, 0x33, 0x33, 0x33, 0x33, 0x33, 0x33, 0x33, 0x33, 0x33, 0x23, 0x33, 0x33, 0x33,
    0x33, 0x33, 0x33, 0x33, 0x33, 0x33, 0x33, 0x33, 0x33, 0x33, 0x33, 0x33, 0x23, 0x33, 0x33, 0x33,
    0x33, 0x33, 0x33, 0x33, 0x33, 0x33, 0x33, 0x33, 0x33, 0x33, 0x33, 0x33, 0x33, 0x33, 0x33, 0x33,
    0x33, 0x33, 0x33, 0x33, 0x33, 0x33, 0x33, 0x33, 0x33, 0x33, 0x33, 0x33, 0x33, 0x33, 0x33, 0x33,
    0x33, 0x33, 0x33, 0x33, 0x33, 0x33, 0x33, 0x33, 0x33, 0x33, 0x33, 0x33, 0x33, 0x33, 0x33, 0x33,
    0x33, 0x33, 0x33, 0x33, 0x33, 0x33, 0x33, 0x33, 0x33, 0x33, 0x33, 0x33, 0x33, 0x33, 0x33, 0x33,
    0x33, 0x33, 0x33, 0x33, 0x33, 0x33, 0x33, 0x33, 0x33, 0x33, 0x33, 0x33, 0x33, 0x33, 0x33, 0x33,
};
static const uint8_t pixels_wall_mid[] = {
    0x33, 0x33, 0x33, 0x33, 0x32, 0x33, 0x33, 0x33, 0x33, 0x33, 0x32, 0x33, 0x33, 0x13, 0x33, 0x33,
    0x34, 0x44, 0x44, 0x44, 0x44, 0x44, 0x44, 0x44, 0x44, 0x44, 0x44, 0x44, 0x44, 0x14, 0x44, 0x43,
    0x22, 0x22, 0x22, 0x22, 0x22, 0x22, 0x22, 0x22, 0x22, 0x22, 0x22, 0x22, 0x22, 0x12, 0x22, 0x22,
    0x33, 0x33, 0x33, 0x32, 0x33, 0x33, 0x33, 0x33, 0x33, 0x33, 0x33, 0x23, 0x33, 0x33, 0x33, 0x13,
    0x33, 0x33, 0x33, 0x32, 0x33, 0x33, 0x33, 0x33, 0x33, 0x33, 0x33, 0x23, 0x33, 0x33, 0x33, 0x13,
    0x33, 0x33, 0x33, 0x32, 0x33, 0x33, 0x33, 0x33, 0x33, 0x33, 0x33, 0x23, 0x33, 0x33, 0x33, 0x13,
    0x33, 0x33, 0x33, 0x32, 0x35, 0x33, 0x33, 0x33, 0x33, 0x33, 0x33, 0x23, 0x33, 0x33, 0x33, 0x13,
    0x33, 0x33, 0x33, 0x32, 0x33, 0x33, 0x33, 0x33, 0x33, 0x33, 0x33, 0x23, 0x33, 0x33, 0x13, 0x33,
    0x22, 0x22, 0x22, 0x22, 0x22, 0x22, 0x22, 0x22, 0x22, 0x22, 0x22, 0x22, 0x22, 0x22, 0x12, 0x22,
    0x33, 0x33, 0x32, 0x33, 0x33, 0x33, 0x33, 0x23, 0x33, 0x33, 0x33, 0x32, 0x33, 0x33, 0x13, 0x33,
    0x33, 0x33, 0x32, 0x33, 0x33, 0x33, 0x33, 0x23, 0x33, 0x33, 0x33, 0x32, 0x33, 0x33, 0x13, 0x33,
    0x33, 0x33, 0x32, 0x33, 0x33, 0x33, 0x33, 0x23, 0x33, 0x33, 0x33, 0x32, 0x33, 0x13, 0x33, 0x33,
    0x35, 0x33, 0x32, 0x33, 0x33, 0x33, 0x33, 0x23, 0x53, 0x33, 0x33, 0x32, 0x33, 0x13, 0x33, 0x33,
    0x33, 0x33, 0x32, 0x33, 0x33, 0x33, 0x33, 0x23, 0x33, 0x33, 0x33, 0x32, 0x33, 0x13, 0x33, 0x33,
    0x22, 0x22, 0x22, 0x22, 0x22, 0x22, 0x22, 0x22, 0x22, 0x22, 0x22, 0x22, 0x22, 0x12, 0x22, 0x22,
    0x33, 0x33, 0x33, 0x23, 0x33, 0x33, 0x33, 0x33, 0x33, 0x23, 0x33, 0x33, 0x13, 0x33, 0x33, 0x23,
    0x33, 0x33, 0x33, 0x23, 0x33, 0x33, 0x33, 0x33, 0x33, 0x23, 0x33, 0x33, 0x13, 0x33, 0x33, 0x23,
    0x33, 0x33, 0x33, 0x23, 0x33, 0x33, 0x33, 0x33, 0x33, 0x23, 0x33, 0x33, 0x13, 0x33, 0x33, 0x23,
    0x33, 0x33, 0x33, 0x23, 0x33, 0x33, 0x33, 0x33, 0x33, 0x23, 0x33, 0x33, 0x13, 0x33, 0x33, 0x23,
    0x33, 0x33, 0x33, 0x23, 0x33, 0x33, 0x33, 0x33, 0x33, 0x23, 0x33, 0x33, 0x31, 0x33, 0x33, 0x23,
    0x22, 0x22, 0x22, 0x22, 0x22, 0x22, 0x22, 0x22, 0x22, 0x22, 0x22, 0x22, 0x21, 0x22, 0x22, 0x22,
    0x33, 0x33, 0x33, 0x32, 0x33, 0x33, 0x33, 0x33, 0x33, 0x33, 0x33, 0x23, 0x31, 0x33, 0x33, 0x33,
    0x33, 0x33, 0x33, 0x32, 0x33, 0x33, 0x33, 0x33, 0x33, 0x33, 0x33, 0x23, 0x31, 0x33, 0x33, 0x33,
    0x33, 0x33, 0x33, 0x32, 0x33, 0x33, 0x33, 0x33, 0x33, 0x33, 0x33, 0x23, 0x33, 0x13, 0x33, 0x33,
    0x35, 0x33, 0x33, 0x32, 0x33, 0x33, 0x33, 0x33, 0x33, 0x33, 0x33, 0x23, 0x53, 0x13, 0x33, 0x33,
    0x33, 0x33, 0x33, 0x32, 0x33, 0x33, 0x33, 0x33, 0x33, 0x33, 0x33, 0x23, 0x33, 0x13, 0x33, 0x33,
    0x22, 0x22, 0x22, 0x22, 0x22, 0x22, 0x22, 0x22, 0x22, 0x22, 0x22, 0x22, 0x22, 0x12, 0x22, 0x22,
    0x33, 0x33, 0x33, 0x33, 0x33, 0x33, 0x33, 0x33, 0x33, 0x33, 0x33, 0x33, 0x33, 0x33, 0x33, 0x33,
    0x33, 0x33, 0x33, 0x33, 0x33, 0x33, 0x33, 0x33, 0x33, 0x33, 0x33, 0x33, 0x33, 0x33, 0x33, 0x33,
    0x33, 0x33, 0x33, 0x33, 0x33, 0x33, 0x33, 0x33, 0x33, 0x33, 0x33, 0x33, 0x33, 0x33, 0x33, 0x33,
    0x33, 0x33, 0x33, 0x33, 0x33, 0x33, 0x33, 0x33, 0x33, 0x33, 0x33, 0x33, 0x33, 0x33, 0x33, 0x33,
    0x33, 0x33, 0x33, 0x33, 0x33, 0x33, 0x33, 0x33, 0x33, 0x33, 0x33, 0x33, 0x33, 0x33, 0x33, 0x33,
};
static const uint8_t pixels_wall_far[] = {
    0x22, 0x22, 0x22, 0x22, 0x21, 0x22, 0x22, 0x22, 0x22, 0x22, 0x22, 0x22, 0x12, 0x22, 0x22, 0x22,
    0x23, 0x33, 0x33, 0x33, 0x33, 0x33, 0x33, 0x33, 0x33, 0x33, 0x33, 0x33, 0x33, 0x33, 0x33, 0x32,
    0x11, 0x11, 0x11, 0x11, 0x11, 0x11, 0x11, 0x11, 0x11, 0x11, 0x11, 0x11, 0x11, 0x11, 0x11, 0x11,
    0x22, 0x22, 0x22, 0x21, 0x22, 0x22, 0x22, 0x22, 0x12, 0x22, 0x22, 0x22, 0x21, 0x22, 0x22, 0x22,
    0x22, 0x22, 0x22, 0x21, 0x24, 0x22, 0x22, 0x22, 0x12, 0x22, 0x22, 0x22, 0x21, 0x24, 0x22, 0x22,
    0x22, 0x22, 0x22, 0x21, 0x22, 0x22, 0x22, 0x22, 0x12, 0x22, 0x22, 0x22, 0x21, 0x22, 0x22, 0x22,
    0x11, 0x11, 0x11, 0x11, 0x11, 0x11, 0x11, 0x11, 0x11, 0x11, 0x11, 0x11, 0x11, 0x11, 0x11, 0x11,
    0x22, 0x22, 0x22, 0x22, 0x12, 0x22, 0x22, 0x22, 0x22, 0x22, 0x12, 0x22, 0x22, 0x22, 0x22, 0x22,
    0x24, 0x22, 0x22, 0x22, 0x12, 0x42, 0x22, 0x22, 0x22, 0x22, 0x12, 0x42, 0x22, 0x22, 0x22, 0x22,
    0x22, 0x22, 0x22, 0x22, 0x12, 0x22, 0x22, 0x22, 0x22, 0x22, 0x12, 0x22, 0x22, 0x22, 0x22, 0x22,
    0x11, 0x11, 0x11, 0x11, 0x11, 0x11, 0x11, 0x11, 0x11, 0x11, 0x11, 0x11, 0x11, 0x11, 0x11, 0x11,
    0x22, 0x22, 0x22, 0x22, 0x21, 0x22, 0x22, 0x22, 0x22, 0x22, 0x22, 0x22, 0x12, 0x22, 0x22, 0x22,
    0x22, 0x22, 0x22, 0x22, 0x21, 0x24, 0x22, 0x22, 0x22, 0x22, 0x22, 0x22, 0x12, 0x22, 0x22, 0x22,
    0x22, 0x22, 0x22, 0x22, 0x21, 0x22, 0x22, 0x22, 0x22, 0x22, 0x22, 0x22, 0x12, 0x22, 0x22, 0x22,
    0x11, 0x11, 0x11, 0x11, 0x11, 0x11, 0x11, 0x11, 0x11, 0x11, 0x11, 0x11, 0x11, 0x11, 0x11, 0x11,
    0x21, 0x22, 0x22, 0x22, 0x22, 0x12, 0x22, 0x22, 0x22, 0x21, 0x22, 0x22, 0x22, 0x22, 0x12, 0x22,
    0x21, 0x22, 0x22, 0x22, 0x22, 0x12, 0x42, 0x22, 0x22, 0x21, 0x22, 0x22, 0x22, 0x22, 0x12, 0x42,
    0x21, 0x22, 0x22, 0x22, 0x22, 0x12, 0x22, 0x22, 0x22, 0x21, 0x22, 0x22, 0x22, 0x22, 0x12, 0x22,
    0x11, 0x11, 0x11, 0x11, 0x11, 0x11, 0x11, 0x11, 0x11, 0x11, 0x11, 0x11, 0x11, 0x11, 0x11, 0x11,
    0x22, 0x22, 0x21, 0x22, 0x22, 0x22, 0x22, 0x22, 0x21, 0x22, 0x22, 0x22, 0x22, 0x22, 0x21, 0x22,
    0x24, 0x22, 0x21, 0x24, 0x22, 0x22, 0x22, 0x22, 0x21, 0x24, 0x22, 0x22, 0x22, 0x22, 0x21, 0x42,
    0x22, 0x22, 0x21, 0x22, 0x22, 0x22, 0x22, 0x22, 0x21, 0x22, 0x22, 0x22, 0x22, 0x22, 0x21, 0x22,
    0x11, 0x11, 0x11, 0x11, 0x11, 0x11, 0x11, 0x11, 0x11, 0x11, 0x11, 0x11, 0x11, 0x11, 0x11, 0x11,
    0x22, 0x22, 0x22, 0x22, 0x21, 0x22, 0x22, 0x22, 0x22, 0x22, 0x22, 0x22, 0x12, 0x22, 0x22, 0x22,
    0x24, 0x22, 0x22, 0x22, 0x21, 0x22, 0x22, 0x22, 0x22, 0x22, 0x22, 0x22, 0x12, 0x42, 0x22, 0x22,
    0x22, 0x22, 0x22, 0x22, 0x21, 0x22, 0x22, 0x22, 0x22, 0x22, 0x22, 0x22, 0x12, 0x22, 0x22, 0x22,
    0x11, 0x11, 0x11, 0x11, 0x11, 0x11, 0x11, 0x11, 0x11, 0x11, 0x11, 0x11, 0x11, 0x11, 0x11, 0x11,
    0x22, 0x22, 0x22, 0x22, 0x22, 0x22, 0x22, 0x22, 0x22, 0x22, 0x22, 0x22, 0x22, 0x22, 0x22, 0x22,
    0x22, 0x22, 0x22, 0x22, 0x22, 0x22, 0x22, 0x22, 0x22, 0x22, 0x22, 0x22, 0x22, 0x22, 0x22, 0x22,
    0x22, 0x22, 0x22, 0x22, 0x22, 0x22, 0x22, 0x22, 0x22, 0x22, 0x22, 0x22, 0x22, 0x22, 0x22, 0x22,
    0x22, 0x22, 0x22, 0x22, 0x22, 0x22, 0x22, 0x22, 0x22, 0x22, 0x22, 0x22, 0x22, 0x22, 0x22, 0x22,
    0x22, 0x22, 0x22, 0x22, 0x22, 0x22, 0x22, 0x22, 0x22, 0x22, 0x22, 0x22, 0x22, 0x22, 0x22, 0x22,
};
static const uint8_t pixels_ceiling_near[] = {
    0x42, 0x22, 0x22, 0x22, 0x22, 0x24, 0x22, 0x22, 0x22, 0x22, 0x22, 0x42, 0x22, 0x22, 0x22, 0x22,
    0x24, 0x22, 0x22, 0x22, 0x22, 0x22, 0x42, 0x22, 0x22, 0x22, 0x22, 0x24, 0x22, 0x22, 0x22, 0x22,
    0x33, 0x43, 0x33, 0x33, 0x33, 0x33, 0x34, 0x33, 0x33, 0x33, 0x33, 0x33, 0x43, 0x33, 0x33, 0x33,
    0x22, 0x22, 0x22, 0x22, 0x22, 0x22, 0x22, 0x22, 0x22, 0x22, 0x22, 0x22, 0x22, 0x22, 0x22, 0x22,
    0x22, 0x22, 0x22, 0x22, 0x22, 0x22, 0x22, 0x22, 0x22, 0x22, 0x22, 0x22, 0x22, 0x22, 0x22, 0x22,
    0x22, 0x22, 0x22, 0x22, 0x22, 0x22, 0x22, 0x22, 0x22, 0x22, 0x22, 0x22, 0x22, 0x22, 0x22, 0x22,
    0x22, 0x22, 0x22, 0x22, 0x22, 0x22, 0x22, 0x22, 0x22, 0x22, 0x22, 0x22, 0x22, 0x22, 0x22, 0x22,
    0x22, 0x22, 0x24, 0x22, 0x22, 0x22, 0x22, 0x22, 0x42, 0x22, 0x22, 0x22, 0x22, 0x24, 0x22, 0x22,
    0x22, 0x22, 0x22, 0x42, 0x22, 0x22, 0x22, 0x22, 0x24, 0x22, 0x22, 0x22, 0x22, 0x22, 0x42, 0x22,
    0x33, 0x33, 0x33, 0x34, 0x33, 0x33, 0x33, 0x33, 0x33, 0x43, 0x33, 0x33, 0x33, 0x33, 0x34, 0x33,
    0x22, 0x22, 0x22, 0x22, 0x22, 0x22, 0x22, 0x22, 0x22, 0x22, 0x22, 0x22, 0x22, 0x22, 0x22, 0x22,
    0x22, 0x22, 0x22, 0x22, 0x22, 0x22, 0x22, 0x22, 0x22, 0x22, 0x22, 0x22, 0x22, 0x22, 0x22, 0x22,
    0x22, 0x22, 0x22, 0x22, 0x22, 0x22, 0x22, 0x22, 0x22, 0x22, 0x22, 0x22, 0x22, 0x22, 0x22, 0x22,
    0x22, 0x22, 0x22, 0x22, 0x22, 0x22, 0x22, 0x22, 0x22, 0x22, 0x22, 0x22, 0x22, 0x22, 0x22, 0x22,
    0x42, 0x22, 0x22, 0x22, 0x22, 0x24, 0x22, 0x22, 0x22, 0x22, 0x22, 0x42, 0x22, 0x22, 0x22, 0x22,
    0x24, 0x22, 0x22, 0x22, 0x22, 0x22, 0x42, 0x22, 0x22, 0x22, 0x22, 0x24, 0x22, 0x22, 0x22, 0x22,
    0x33, 0x43, 0x33, 0x33, 0x33, 0x33, 0x34, 0x33, 0x33, 0x33, 0x33, 0x33, 0x43, 0x33, 0x33, 0x33,
    0x22, 0x22, 0x22, 0x22, 0x22, 0x22, 0x22, 0x22, 0x22, 0x22, 0x22, 0x22, 0x22, 0x22, 0x22, 0x22,
    0x22, 0x22, 0x22, 0x22, 0x22, 0x22, 0x22, 0x22, 0x22, 0x22, 0x22, 0x22, 0x22, 0x22, 0x22, 0x22,
    0x22, 0x22, 0x22, 0x22, 0x22, 0x22, 0x22, 0x22, 0x22, 0x22, 0x22, 0x22, 0x22, 0x22, 0x22, 0x22,
    0x22, 0x22, 0x22, 0x22, 0x22, 0x22, 0x22, 0x22, 0x22, 0x22, 0x22, 0x22, 0x22, 0x22, 0x22, 0x22,
    0x22, 0x22, 0x24, 0x22, 0x22, 0x22, 0x22, 0x22, 0x42, 0x22, 0x22, 0x22, 0x22, 0x24, 0x22, 0x22,
    0x22, 0x22, 0x22, 0x42, 0x22, 0x22, 0x22, 0x22, 0x24, 0x22, 0x22, 0x22, 0x22, 0x22, 0x42, 0x22,
    0x33, 0x33, 0x33, 0x34, 0x33, 0x33, 0x33, 0x33, 0x33, 0x43, 0x33, 0x33, 0x33, 0x33, 0x34, 0x33,
    0x22, 0x22, 0x22, 0x22, 0x22, 0x22, 0x22, 0x22, 0x22, 0x22, 0x22, 0x22, 0x22, 0x22, 0x22, 0x22,
    0x22, 0x22, 0x22, 0x22, 0x22, 0x22, 0x22, 0x22, 0x22, 0x22, 0x22, 0x22, 0x22, 0x22, 0x22, 0x22,
    0x22, 0x22, 0x22, 0x22, 0x22, 0x22, 0x22, 0x22, 0x22, 0x22, 0x22, 0x22, 0x22, 0x22, 0x22, 0x22,
    0x22, 0x22, 0x22, 0x22, 0x22, 0x22, 0x22, 0x22, 0x22, 0x22, 0x22, 0x22, 0x22, 0x22, 0x22, 0x22,
    0x42, 0x22, 0x22, 0x22, 0x22, 0x24, 0x22, 0x22, 0x22, 0x22, 0x22, 0x42, 0x22, 0x22, 0x22, 0x22,
    0x24, 0x22, 0x22, 0x22, 0x22, 0x22, 0x42, 0x22, 0x22, 0x22, 0x22, 0x24, 0x22, 0x22, 0x22, 0x22,
    0x33, 0x43, 0x33, 0x33, 0x33, 0x33, 0x34, 0x33, 0x33, 0x33, 0x33, 0x33, 0x43, 0x33, 0x33, 0x33,
    0x11, 0x11, 0x11, 0x11, 0x11, 0x11, 0x11, 0x11, 0x11, 0x11, 0x11, 0x11, 0x11, 0x11, 0x11, 0x11,
};
static const uint8_t pixels_ceiling_mid[] = {
    0x42, 0x22, 0x22, 0x22, 0x22, 0x24, 0x22, 0x22, 0x22, 0x22, 0x22, 0x42, 0x22, 0x22, 0x22, 0x22,
    0x24, 0x22, 0x22, 0x22, 0x22, 0x22, 0x42, 0x22, 0x22, 0x22, 0x22, 0x24, 0x22, 0x22, 0x22, 0x22,
    0x33, 0x43, 0x33, 0x33, 0x33, 0x33, 0x34, 0x33, 0x33, 0x33, 0x33, 0x33, 0x43, 0x33, 0x33, 0x33,
    0x22, 0x22, 0x22, 0x22, 0x22, 0x22, 0x22, 0x22, 0x22, 0x22, 0x22, 0x22, 0x22, 0x22, 0x22, 0x22,
    0x22, 0x22, 0x22, 0x22, 0x22, 0x22, 0x22, 0x22, 0x22, 0x22, 0x22, 0x22, 0x22, 0x22, 0x22, 0x22,
    0x22, 0x22, 0x22, 0x22, 0x22, 0x22, 0x22, 0x22, 0x22, 0x22, 0x22, 0x22, 0x22, 0x22, 0x22, 0x22,
    0x22, 0x22, 0x22, 0x22, 0x22, 0x22, 0x22, 0x22, 0x22, 0x22, 0x22, 0x22, 0x22, 0x22, 0x22, 0x22,
    0x22, 0x22, 0x22, 0x22, 0x22, 0x22, 0x22, 0x22, 0x22, 0x22, 0x22, 0x22, 0x22, 0x22, 0x22, 0x22,
    0x22, 0x22, 0x22, 0x22, 0x22, 0x22, 0x22, 0x22, 0x22, 0x22, 0x22, 0x22, 0x22, 0x22, 0x22, 0x22,
    0x22, 0x22, 0x24, 0x22, 0x22, 0x22, 0x22, 0x22, 0x42, 0x22, 0x22, 0x22, 0x22, 0x24, 0x22, 0x22,
    0x22, 0x22, 0x22, 0x42, 0x22, 0x22, 0x22, 0x22, 0x24, 0x22, 0x22, 0x22, 0x22, 0x22, 0x42, 0x22,
    0x33, 0x33, 0x33, 0x34, 0x33, 0x33, 0x33, 0x33, 0x33, 0x43, 0x33, 0x33, 0x33, 0x33, 0x34, 0x33,
    0x22, 0x22, 0x22, 0x22, 0x22, 0x22, 0x22, 0x22, 0x22, 0x22, 0x22, 0x22, 0x22, 0x22, 0x22, 0x22,
    0x22, 0x22, 0x22, 0x22, 0x22, 0x22, 0x22, 0x22, 0x22, 0x22, 0x22, 0x22, 0x22, 0x22, 0x22, 0x22,
    0x22, 0x22, 0x22, 0x22, 0x22, 0x22, 0x22, 0x22, 0x22, 0x22, 0x22, 0x22, 0x22, 0x22, 0x22, 0x22,
    0x22, 0x22, 0x22, 0x22, 0x22, 0x22, 0x22, 0x22, 0x22, 0x22, 0x22, 0x22, 0x22, 0x22, 0x22, 0x22,
    0x22, 0x22, 0x22, 0x22, 0x22, 0x22, 0x22, 0x22, 0x22, 0x22, 0x22, 0x22, 0x22, 0x22, 0x22, 0x22,
    0x22, 0x22, 0x22, 0x22, 0x22, 0x22, 0x22, 0x22, 0x22, 0x22, 0x22, 0x22, 0x22, 0x22, 0x22, 0x22,
    0x42, 0x22, 0x22, 0x22, 0x22, 0x24, 0x22, 0x22, 0x22, 0x22, 0x22, 0x42, 0x22, 0x22, 0x22, 0x22,
    0x24, 0x22, 0x22, 0x22, 0x22, 0x22, 0x42, 0x22, 0x22, 0x22, 0x22, 0x24, 0x22, 0x22, 0x22, 0x22,
    0x33, 0x43, 0x33, 0x33, 0x33, 0x33, 0x34, 0x33, 0x33, 0x33, 0x33, 0x33, 0x43, 0x33, 0x33, 0x33,
    0x22, 0x22, 0x22, 0x22, 0x22, 0x22, 0x22, 0x22, 0x22, 0x22, 0x22, 0x22, 0x22, 0x22, 0x22, 0x22,
    0x22, 0x22, 0x22, 0x22, 0x22, 0x22, 0x22, 0x22, 0x22, 0x22, 0x22, 0x22, 0x22, 0x22, 0x22, 0x22,
    0x22, 0x22, 0x22, 0x22, 0x22, 0x22, 0x22, 0x22, 0x22, 0x22, 0x22, 0x22, 0x22, 0x22, 0x22, 0x22,
    0x22, 0x22, 0x22, 0x22, 0x22, 0x22, 0x22, 0x22, 0x22, 0x22, 0x22, 0x22, 0x22, 0x22, 0x22, 0x22,
    0x22, 0x22, 0x22, 0x22, 0x22, 0x22, 0x22, 0x22, 0x22, 0x22, 0x22, 0x22, 0x22, 0x22, 0x22, 0x22,
    0x22, 0x22, 0x22, 0x22, 0x22, 0x22, 0x22, 0x22, 0x22, 0x22, 0x22, 0x22, 0x22, 0x22, 0x22, 0x22,
    0x22, 0x22, 0x24, 0x22, 0x22, 0x22, 0x22, 0x22, 0x42, 0x22, 0x22, 0x22, 0x22, 0x24, 0x22, 0x22,
    0x22, 0x22, 0x22, 0x42, 0x22, 0x22, 0x22, 0x22, 0x24, 0x22, 0x22, 0x22, 0x22, 0x22, 0x42, 0x22,
    0x33, 0x33, 0x33, 0x34, 0x33, 0x33, 0x33, 0x33, 0x33, 0x43, 0x33, 0x33, 0x33, 0x33, 0x34, 0x33,
    0x22, 0x22, 0x22, 0x22, 0x22, 0x22, 0x22, 0x22, 0x22, 0x22, 0x22, 0x22, 0x22, 0x22, 0x22, 0x22,
    0x11, 0x11, 0x11, 0x11, 0x11, 0x11, 0x11, 0x11, 0x11, 0x11, 0x11, 0x11, 0x11, 0x11, 0x11, 0x11,
};
static const uint8_t pixels_ceiling_far[] = {
    0x41, 0x11, 0x11, 0x11, 0x11, 0x14, 0x11, 0x11, 0x11, 0x11, 0x11, 0x41, 0x11, 0x11, 0x11, 0x11,
    0x14, 0x11, 0x11, 0x11, 0x11, 0x11, 0x41, 0x11, 0x11, 0x11, 0x11, 0x14, 0x11, 0x11, 0x11, 0x11,
    0x33, 0x43, 0x33, 0x33, 0x33, 0x33, 0x34, 0x33, 0x33, 0x33, 0x33, 0x33, 0x43, 0x33, 0x33, 0x33,
    0x11, 0x11, 0x11, 0x11, 0x11, 0x11, 0x11, 0x11, 0x11, 0x11, 0x11, 0x11, 0x11, 0x11, 0x11, 0x11,
    0x11, 0x11, 0x11, 0x11, 0x11, 0x11, 0x11, 0x11, 0x11, 0x11, 0x11, 0x11, 0x11, 0x11, 0x11, 0x11,
    0x11, 0x11, 0x11, 0x11, 0x11, 0x11, 0x11, 0x11, 0x11, 0x11, 0x11, 0x11, 0x11, 0x11, 0x11, 0x11,
    0x11, 0x11, 0x11, 0x11, 0x11, 0x11, 0x11, 0x11, 0x11, 0x11, 0x11, 0x11, 0x11, 0x11, 0x11, 0x11,
    0x11, 0x11, 0x11, 0x11, 0x11, 0x11, 0x11, 0x11, 0x11, 0x11, 0x11, 0x11, 0x11, 0x11, 0x11, 0x11,
    0x11, 0x11, 0x11, 0x11, 0x11, 0x11, 0x11, 0x11, 0x11, 0x11, 0x11, 0x11, 0x11, 0x11, 0x11, 0x11,
    0x11, 0x11, 0x11, 0x11, 0x11, 0x11, 0x11, 0x11, 0x11, 0x11, 0x11, 0x11, 0x11, 0x11, 0x11, 0x11,
    0x11, 0x11, 0x11, 0x11, 0x11, 0x11, 0x11, 0x11, 0x11, 0x11, 0x11, 0x11, 0x11, 0x11, 0x11, 0x11,
    0x11, 0x11, 0x11, 0x11, 0x11, 0x11, 0x11, 0x11, 0x11, 0x11, 0x11, 0x11, 0x11, 0x11, 0x11, 0x11,
    0x11, 0x11, 0x14, 0x11, 0x11, 0x11, 0x11, 0x11, 0x41, 0x11, 0x11, 0x11, 0x11, 0x14, 0x11, 0x11,
    0x11, 0x11, 0x11, 0x41, 0x11, 0x11, 0x11, 0x11, 0x14, 0x11, 0x11, 0x11, 0x11, 0x11, 0x41, 0x11,
    0x33, 0x33, 0x33, 0x34, 0x33, 0x33, 0x33, 0x33, 0x33, 0x43, 0x33, 0x33, 0x33, 0x33, 0x34, 0x33,
    0x11, 0x11, 0x11, 0x11, 0x11, 0x11, 0x11, 0x11, 0x11, 0x11, 0x11, 0x11, 0x11, 0x11, 0x11, 0x11,
    0x11, 0x11, 0x11, 0x11, 0x11, 0x11, 0x11, 0x11, 0x11, 0x11, 0x11, 0x11, 0x11, 0x11, 0x11, 0x11,
    0x11, 0x11, 0x11, 0x11, 0x11, 0x11, 0x11, 0x11, 0x11, 0x11, 0x11, 0x11, 0x11, 0x11, 0x11, 0x11,
    0x11, 0x11, 0x11, 0x11, 0x11, 0x11, 0x11, 0x11, 0x11, 0x11, 0x11, 0x11, 0x11, 0x11, 0x11, 0x11,
    0x11, 0x11, 0x11, 0x11, 0x11, 0x11, 0x11, 0x11, 0x11, 0x11, 0x11, 0x11, 0x11, 0x11, 0x11, 0x11,
    0x11, 0x11, 0x11, 0x11, 0x11, 0x11, 0x11, 0x11, 0x11, 0x11, 0x11, 0x11, 0x11, 0x11, 0x11, 0x11,
    0x11, 0x11, 0x11, 0x11, 0x11, 0x11, 0x11, 0x11, 0x11, 0x11, 0x11, 0x11, 0x11, 0x11, 0x11, 0x11,
    0x11, 0x11, 0x11, 0x11, 0x11, 0x11, 0x11, 0x11, 0x11, 0x11, 0x11, 0x11, 0x11, 0x11, 0x11, 0x11,
    0x11, 0x11, 0x11, 0x11, 0x11, 0x11, 0x11, 0x11, 0x11, 0x11, 0x11, 0x11, 0x11, 0x11, 0x11, 0x11,
    0x41, 0x11, 0x11, 0x11, 0x11, 0x14, 0x11, 0x11, 0x11, 0x11, 0x11, 0x41, 0x11, 0x11, 0x11, 0x11,
    0x14, 0x11, 0x11, 0x11, 0x11, 0x11, 0x41, 0x11, 0x11, 0x11, 0x11, 0x14, 0x11, 0x11, 0x11, 0x11,
    0x33, 0x43, 0x33, 0x33, 0x33, 0x33, 0x34, 0x33, 0x33, 0x33, 0x33, 0x33, 0x43, 0x33, 0x33, 0x33,
    0x11, 0x11, 0x11, 0x11, 0x11, 0x11, 0x11, 0x11, 0x11, 0x11, 0x11, 0x11, 0x11, 0x11, 0x11, 0x11,
    0x11, 0x11, 0x11, 0x11, 0x11, 0x11, 0x11, 0x11, 0x11, 0x11, 0x11, 0x11, 0x11, 0x11, 0x11, 0x11,
    0x11, 0x11, 0x11, 0x11, 0x11, 0x11, 0x11, 0x11, 0x11, 0x11, 0x11, 0x11, 0x11, 0x11, 0x11, 0x11,
    0x11, 0x11, 0x11, 0x11, 0x11, 0x11, 0x11, 0x11, 0x11, 0x11, 0x11, 0x11, 0x11, 0x11, 0x11, 0x11,
    0x11, 0x11, 0x11, 0x11, 0x11, 0x11, 0x11, 0x11, 0x11, 0x11, 0x11, 0x11, 0x11, 0x11, 0x11, 0x11,
};
static const uint8_t pixels_floor_near[] = {
    0x33, 0x33, 0x33, 0x33, 0x33, 0x33, 0x33, 0x33, 0x33, 0x33, 0x33, 0x33, 0x33, 0x33, 0x33, 0x33,
    0x44, 0x44, 0x44, 0x44, 0x44, 0x44, 0x44, 0x44, 0x44, 0x44, 0x44, 0x44, 0x44, 0x44, 0x44, 0x44,
    0x11, 0x14, 0x11, 0x11, 0x11, 0x11, 0x14, 0x11, 0x11, 0x11, 0x11, 0x14, 0x11, 0x11, 0x11, 0x11,
    0x33, 0x34, 0x33, 0x33, 0x33, 0x33, 0x34, 0x33, 0x33, 0x33, 0x33, 0x34, 0x33, 0x33, 0x33, 0x33,
    0x33, 0x43, 0x33, 0x33, 0x33, 0x33, 0x43, 0x33, 0x33, 0x33, 0x33, 0x43, 0x33, 0x33, 0x33, 0x33,
    0x33, 0x43, 0x33, 0x33, 0x33, 0x33, 0x43, 0x33, 0x33, 0x33, 0x33, 0x43, 0x33, 0x33, 0x33, 0x33,
    0x34, 0x33, 0x33, 0x33, 0x33, 0x34, 0x33, 0x33, 0x33, 0x33, 0x34, 0x33, 0x33, 0x33, 0x33, 0x33,
    0x34, 0x33, 0x33, 0x33, 0x33, 0x34, 0x33, 0x33, 0x33, 0x33, 0x34, 0x33, 0x33, 0x33, 0x33, 0x33,
    0x33, 0x33, 0x33, 0x33, 0x33, 0x33, 0x33, 0x33, 0x33, 0x33, 0x33, 0x33, 0x33, 0x33, 0x33, 0x33,
    0x33, 0x33, 0x33, 0x33, 0x33, 0x33, 0x33, 0x33, 0x33, 0x33, 0x33, 0x33, 0x33, 0x33, 0x33, 0x33,
    0x33, 0x33, 0x33, 0x33, 0x33, 0x33, 0x33, 0x33, 0x33, 0x33, 0x33, 0x33, 0x33, 0x33, 0x33, 0x33,
    0x33, 0x33, 0x33, 0x33, 0x33, 0x33, 0x33, 0x33, 0x33, 0x33, 0x33, 0x33, 0x33, 0x33, 0x33, 0x33,
    0x33, 0x33, 0x33, 0x33, 0x43, 0x33, 0x33, 0x33, 0x33, 0x43, 0x33, 0x33, 0x33, 0x33, 0x43, 0x33,
    0x11, 0x11, 0x11, 0x14, 0x11, 0x11, 0x11, 0x11, 0x14, 0x11, 0x11, 0x11, 0x11, 0x14, 0x11, 0x11,
    0x33, 0x33, 0x33, 0x34, 0x33, 0x33, 0x33, 0x33, 0x34, 0x33, 0x33, 0x33, 0x33, 0x34, 0x33, 0x33,
    0x33, 0x33, 0x33, 0x43, 0x33, 0x33, 0x33, 0x33, 0x43, 0x33, 0x33, 0x33, 0x33, 0x43, 0x33, 0x33,
    0x33, 0x33, 0x33, 0x43, 0x33, 0x33, 0x33, 0x33, 0x43, 0x33, 0x33, 0x33, 0x33, 0x43, 0x33, 0x33,
    0x33, 0x33, 0x34, 0x33, 0x33, 0x33, 0x33, 0x34, 0x33, 0x33, 0x33, 0x33, 0x34, 0x33, 0x33, 0x33,
    0x33, 0x33, 0x34, 0x33, 0x33, 0x33, 0x33, 0x34, 0x33, 0x33, 0x33, 0x33, 0x34, 0x33, 0x33, 0x33,
    0x33, 0x33, 0x33, 0x33, 0x33, 0x33, 0x33, 0x33, 0x33, 0x33, 0x33, 0x33, 0x33, 0x33, 0x33, 0x33,
    0x33, 0x33, 0x33, 0x33, 0x33, 0x33, 0x33, 0x33, 0x33, 0x33, 0x33, 0x33, 0x33, 0x33, 0x33, 0x33,
    0x33, 0x33, 0x33, 0x33, 0x33, 0x33, 0x33, 0x33, 0x33, 0x33, 0x33, 0x33, 0x33, 0x33, 0x33, 0x33,
    0x33, 0x33, 0x33, 0x33, 0x33, 0x33, 0x33, 0x33, 0x33, 0x33, 0x33, 0x33, 0x33, 0x33, 0x33, 0x33,
    0x33, 0x33, 0x34, 0x33, 0x33, 0x33, 0x33, 0x34, 0x33, 0x33, 0x33, 0x33, 0x34, 0x33, 0x33, 0x33,
    0x11, 0x11, 0x41, 0x11, 0x11, 0x11, 0x11, 0x41, 0x11, 0x11, 0x11, 0x11, 0x41, 0x11, 0x11, 0x11,
    0x33, 0x33, 0x43, 0x33, 0x33, 0x33, 0x33, 0x43, 0x33, 0x33, 0x33, 0x33, 0x43, 0x33, 0x33, 0x33,
    0x33, 0x34, 0x33, 0x33, 0x33, 0x33, 0x34, 0x33, 0x33, 0x33, 0x33, 0x34, 0x33, 0x33, 0x33, 0x33,
    0x33, 0x34, 0x33, 0x33, 0x33, 0x33, 0x34, 0x33, 0x33, 0x33, 0x33, 0x34, 0x33, 0x33, 0x33, 0x33,
    0x33, 0x43, 0x33, 0x33, 0x33, 0x33, 0x43, 0x33, 0x33, 0x33, 0x33, 0x43, 0x33, 0x33, 0x33, 0x33,
    0x33, 0x43, 0x33, 0x33, 0x33, 0x33, 0x43, 0x33, 0x33, 0x33, 0x33, 0x43, 0x33, 0x33, 0x33, 0x33,
    0x33, 0x33, 0x33, 0x33, 0x33, 0x33, 0x33, 0x33, 0x33, 0x33, 0x33, 0x33, 0x33, 0x33, 0x33, 0x33,
    0x33, 0x33, 0x33, 0x33, 0x33, 0x33, 0x33, 0x33, 0x33, 0x33, 0x33, 0x33, 0x33, 0x33, 0x33, 0x33,
};
static const uint8_t pixels_floor_mid[] = {
    0x22, 0x22, 0x22, 0x22, 0x22, 0x22, 0x22, 0x22, 0x22, 0x22, 0x22, 0x22, 0x22, 0x22, 0x22, 0x22,
    0x44, 0x44, 0x44, 0x44, 0x44, 0x44, 0x44, 0x44, 0x44, 0x44, 0x44, 0x44, 0x44, 0x44, 0x44, 0x44,
    0x11, 0x14, 0x11, 0x11, 0x11, 0x11, 0x14, 0x11, 0x11, 0x11, 0x11, 0x14, 0x11, 0x11, 0x11, 0x11,
    0x22, 0x24, 0x22, 0x22, 0x22, 0x22, 0x24, 0x22, 0x22, 0x22, 0x22, 0x24, 0x22, 0x22, 0x22, 0x22,
    0x22, 0x42, 0x22, 0x22, 0x22, 0x22, 0x42, 0x22, 0x22, 0x22, 0x22, 0x42, 0x22, 0x22, 0x22, 0x22,
    0x22, 0x42, 0x22, 0x22, 0x22, 0x22, 0x42, 0x22, 0x22, 0x22, 0x22, 0x42, 0x22, 0x22, 0x22, 0x22,
    0x24, 0x22, 0x22, 0x22, 0x22, 0x24, 0x22, 0x22, 0x22, 0x22, 0x24, 0x22, 0x22, 0x22, 0x22, 0x22,
    0x24, 0x22, 0x22, 0x22, 0x22, 0x24, 0x22, 0x22, 0x22, 0x22, 0x24, 0x22, 0x22, 0x22, 0x22, 0x22,
    0x22, 0x22, 0x22, 0x22, 0x22, 0x22, 0x22, 0x22, 0x22, 0x22, 0x22, 0x22, 0x22, 0x22, 0x22, 0x22,
    0x22, 0x22, 0x24, 0x22, 0x22, 0x22, 0x22, 0x24, 0x22, 0x22, 0x22, 0x22, 0x24, 0x22, 0x22, 0x22,
    0x11, 0x11, 0x41, 0x11, 0x11, 0x11, 0x11, 0x41, 0x11, 0x11, 0x11, 0x11, 0x41, 0x11, 0x11, 0x11,
    0x22, 0x22, 0x42, 0x22, 0x22, 0x22, 0x22, 0x42, 0x22, 0x22, 0x22, 0x22, 0x42, 0x22, 0x22, 0x22,
    0x22, 0x24, 0x22, 0x22, 0x22, 0x22, 0x24, 0x22, 0x22, 0x22, 0x22, 0x24, 0x22, 0x22, 0x22, 0x22,
    0x22, 0x24, 0x22, 0x22, 0x22, 0x22, 0x24, 0x22, 0x22, 0x22, 0x22, 0x24, 0x22, 0x22, 0x22, 0x22,
    0x22, 0x42, 0x22, 0x22, 0x22, 0x22, 0x42, 0x22, 0x22, 0x22, 0x22, 0x42, 0x22, 0x22, 0x22, 0x22,
    0x22, 0x42, 0x22, 0x22, 0x22, 0x22, 0x42, 0x22, 0x22, 0x22, 0x22, 0x42, 0x22, 0x22, 0x22, 0x22,
    0x22, 0x22, 0x22, 0x22, 0x22, 0x22, 0x22, 0x22, 0x22, 0x22, 0x22, 0x22, 0x22, 0x22, 0x22, 0x22,
    0x22, 0x22, 0x22, 0x42, 0x22, 0x22, 0x22, 0x22, 0x42, 0x22, 0x22, 0x22, 0x22, 0x42, 0x22, 0x22,
    0x11, 0x11, 0x14, 0x11, 0x11, 0x11, 0x11, 0x14, 0x11, 0x11, 0x11, 0x11, 0x14, 0x11, 0x11, 0x11,
    0x22, 0x22, 0x24, 0x22, 0x22, 0x22, 0x22, 0x24, 0x22, 0x22, 0x22, 0x22, 0x24, 0x22, 0x22, 0x22,
    0x22, 0x22, 0x42, 0x22, 0x22, 0x22, 0x22, 0x42, 0x22, 0x22, 0x22, 0x22, 0x42, 0x22, 0x22, 0x22,
    0x22, 0x22, 0x42, 0x22, 0x22, 0x22, 0x22, 0x42, 0x22, 0x22, 0x22, 0x22, 0x42, 0x22, 0x22, 0x22,
    0x22, 0x24, 0x22, 0x22, 0x22, 0x22, 0x24, 0x22, 0x22, 0x22, 0x22, 0x24, 0x22, 0x22, 0x22, 0x22,
    0x22, 0x24, 0x22, 0x22, 0x22, 0x22, 0x24, 0x22, 0x22, 0x22, 0x22, 0x24, 0x22, 0x22, 0x22, 0x22,
    0x22, 0x22, 0x22, 0x22, 0x22, 0x22, 0x22, 0x22, 0x22, 0x22, 0x22, 0x22, 0x22, 0x22, 0x22, 0x22,
    0x22, 0x22, 0x22, 0x24, 0x22, 0x22, 0x22, 0x22, 0x24, 0x22, 0x22, 0x22, 0x22, 0x24, 0x22, 0x22,
    0x11, 0x11, 0x11, 0x41, 0x11, 0x11, 0x11, 0x11, 0x41, 0x11, 0x11, 0x11, 0x11, 0x41, 0x11, 0x11,
    0x22, 0x22, 0x22, 0x42, 0x22, 0x22, 0x22, 0x22, 0x42, 0x22, 0x22, 0x22, 0x22, 0x42, 0x22, 0x22,
    0x22, 0x22, 0x24, 0x22, 0x22, 0x22, 0x22, 0x24, 0x22, 0x22, 0x22, 0x22, 0x24, 0x22, 0x22, 0x22,
    0x22, 0x22, 0x24, 0x22, 0x22, 0x22, 0x22, 0x24, 0x22, 0x22, 0x22, 0x22, 0x24, 0x22, 0x22, 0x22,
    0x22, 0x22, 0x42, 0x22, 0x22, 0x22, 0x22, 0x42, 0x22, 0x22, 0x22, 0x22, 0x42, 0x22, 0x22, 0x22,
    0x22, 0x22, 0x42, 0x22, 0x22, 0x22, 0x22, 0x42, 0x22, 0x22, 0x22, 0x22, 0x42, 0x22, 0x22, 0x22,
};
static const uint8_t pixels_floor_far[] = {
    0x22, 0x22, 0x22, 0x22, 0x22, 0x22, 0x22, 0x22, 0x22, 0x22, 0x22, 0x22, 0x22, 0x22, 0x22, 0x22,
    0x44, 0x44, 0x44, 0x44, 0x44, 0x44, 0x44, 0x44, 0x44, 0x44, 0x44, 0x44, 0x44, 0x44, 0x44, 0x44,
    0x11, 0x14, 0x11, 0x11, 0x11, 0x11, 0x14, 0x11, 0x11, 0x11, 0x11, 0x14, 0x11, 0x11, 0x11, 0x11,
    0x22, 0x24, 0x22, 0x22, 0x22, 0x22, 0x24, 0x22, 0x22, 0x22, 0x22, 0x24, 0x22, 0x22, 0x22, 0x22,
    0x22, 0x42, 0x22, 0x22, 0x22, 0x22, 0x42, 0x22, 0x22, 0x22, 0x22, 0x42, 0x22, 0x22, 0x22, 0x22,
    0x22, 0x42, 0x22, 0x22, 0x22, 0x22, 0x42, 0x22, 0x22, 0x22, 0x22, 0x42, 0x22, 0x22, 0x22, 0x22,
    0x24, 0x22, 0x22, 0x22, 0x22, 0x24, 0x22, 0x22, 0x22, 0x22, 0x24, 0x22, 0x22, 0x22, 0x22, 0x22,
    0x24, 0x24, 0x22, 0x22, 0x22, 0x24, 0x24, 0x22, 0x22, 0x22, 0x24, 0x24, 0x22, 0x22, 0x22, 0x22,
    0x11, 0x41, 0x11, 0x11, 0x11, 0x11, 0x41, 0x11, 0x11, 0x11, 0x11, 0x41, 0x11, 0x11, 0x11, 0x11,
    0x22, 0x42, 0x22, 0x22, 0x22, 0x22, 0x42, 0x22, 0x22, 0x22, 0x22, 0x42, 0x22, 0x22, 0x22, 0x22,
    0x24, 0x22, 0x22, 0x22, 0x22, 0x24, 0x22, 0x22, 0x22, 0x22, 0x24, 0x22, 0x22, 0x22, 0x22, 0x22,
    0x24, 0x22, 0x22, 0x22, 0x22, 0x24, 0x22, 0x22, 0x22, 0x22, 0x24, 0x22, 0x22, 0x22, 0x22, 0x22,
    0x42, 0x22, 0x22, 0x22, 0x22, 0x42, 0x22, 0x22, 0x22, 0x22, 0x42, 0x22, 0x22, 0x22, 0x22, 0x22,
    0x42, 0x42, 0x22, 0x22, 0x22, 0x42, 0x42, 0x22, 0x22, 0x22, 0x42, 0x42, 0x22, 0x22, 0x22, 0x22,
    0x14, 0x11, 0x11, 0x11, 0x11, 0x14, 0x11, 0x11, 0x11, 0x11, 0x14, 0x11, 0x11, 0x11, 0x11, 0x11,
    0x24, 0x22, 0x22, 0x22, 0x22, 0x24, 0x22, 0x22, 0x22, 0x22, 0x24, 0x22, 0x22, 0x22, 0x22, 0x22,
    0x42, 0x22, 0x22, 0x22, 0x22, 0x42, 0x22, 0x22, 0x22, 0x22, 0x42, 0x22, 0x22, 0x22, 0x22, 0x22,
    0x42, 0x22, 0x22, 0x22, 0x22, 0x42, 0x22, 0x22, 0x22, 0x22, 0x42, 0x22, 0x22, 0x22, 0x22, 0x22,
    0x22, 0x22, 0x22, 0x22, 0x24, 0x22, 0x22, 0x22, 0x22, 0x24, 0x22, 0x22, 0x22, 0x22, 0x22, 0x22,
    0x22, 0x22, 0x22, 0x22, 0x44, 0x22, 0x22, 0x22, 0x22, 0x44, 0x22, 0x22, 0x22, 0x22, 0x42, 0x22,
    0x11, 0x11, 0x11, 0x14, 0x11, 0x11, 0x11, 0x11, 0x14, 0x11, 0x11, 0x11, 0x11, 0x14, 0x11, 0x11,
    0x22, 0x22, 0x22, 0x24, 0x22, 0x22, 0x22, 0x22, 0x24, 0x22, 0x22, 0x22, 0x22, 0x24, 0x22, 0x22,
    0x22, 0x22, 0x22, 0x42, 0x22, 0x22, 0x22, 0x22, 0x42, 0x22, 0x22, 0x22, 0x22, 0x42, 0x22, 0x22,
    0x22, 0x22, 0x22, 0x42, 0x22, 0x22, 0x22, 0x22, 0x42, 0x22, 0x22, 0x22, 0x22, 0x42, 0x22, 0x22,
    0x22, 0x22, 0x24, 0x22, 0x22, 0x22, 0x22, 0x24, 0x22, 0x22, 0x22, 0x22, 0x24, 0x22, 0x22, 0x22,
    0x22, 0x22, 0x24, 0x24, 0x22, 0x22, 0x22, 0x24, 0x24, 0x22, 0x22, 0x22, 0x24, 0x24, 0x22, 0x22,
    0x11, 0x11, 0x11, 0x41, 0x11, 0x11, 0x11, 0x11, 0x41, 0x11, 0x11, 0x11, 0x11, 0x41, 0x11, 0x11,
    0x22, 0x22, 0x22, 0x42, 0x22, 0x22, 0x22, 0x22, 0x42, 0x22, 0x22, 0x22, 0x22, 0x42, 0x22, 0x22,
    0x22, 0x22, 0x24, 0x22, 0x22, 0x22, 0x22, 0x24, 0x22, 0x22, 0x22, 0x22, 0x24, 0x22, 0x22, 0x22,
    0x22, 0x22, 0x24, 0x22, 0x22, 0x22, 0x22, 0x24, 0x22, 0x22, 0x22, 0x22, 0x24, 0x22, 0x22, 0x22,
    0x22, 0x22, 0x42, 0x22, 0x22, 0x22, 0x22, 0x42, 0x22, 0x22, 0x22, 0x22, 0x42, 0x22, 0x22, 0x22,
    0x22, 0x22, 0x42, 0x22, 0x22, 0x22, 0x22, 0x42, 0x22, 0x22, 0x22, 0x22, 0x42, 0x22, 0x22, 0x22,
};
static const uint8_t pixels_arch[] = {
    0x00, 0x00, 0x00, 0x00, 0x00, 0x00, 0x00, 0x00, 0x00, 0x00, 0x00, 0x00, 0x00, 0x00, 0x00, 0x00,
    0x00, 0x00, 0x00, 0x00, 0x00, 0x00, 0x06, 0x66, 0x66, 0x60, 0x00, 0x00, 0x00, 0x00, 0x00, 0x00,
    0x00, 0x00, 0x00, 0x00, 0x00, 0x00, 0x06, 0x66, 0x66, 0x60, 0x00, 0x00, 0x00, 0x00, 0x00, 0x00,
    0x00, 0x00, 0x00, 0x00, 0x00, 0x55, 0x56, 0x66, 0x66, 0x65, 0x55, 0x00, 0x00, 0x00, 0x00, 0x00,
    0x00, 0x00, 0x00, 0x00, 0x00, 0x55, 0x55, 0x55, 0x55, 0x55, 0x55, 0x00, 0x00, 0x00, 0x00, 0x00,
    0x00, 0x00, 0x00, 0x00, 0x00, 0x55, 0x55, 0x55, 0x55, 0x55, 0x55, 0x00, 0x00, 0x00, 0x00, 0x00,
    0x00, 0x00, 0x00, 0x05, 0x55, 0x55, 0x55, 0x55, 0x55, 0x55, 0x55, 0x55, 0x50, 0x00, 0x00, 0x00,
    0x00, 0x00, 0x00, 0x05, 0x55, 0x55, 0x55, 0x55, 0x55, 0x55, 0x55, 0x55, 0x50, 0x00, 0x00, 0x00,
    0x00, 0x00, 0x00, 0x05, 0x55, 0x55, 0x55, 0x55, 0x55, 0x55, 0x55, 0x55, 0x50, 0x00, 0x00, 0x00,
    0x00, 0x00, 0x44, 0x45, 0x55, 0x55, 0x55, 0x55, 0x55, 0x55, 0x55, 0x55, 0x54, 0x44, 0x00, 0x00,
    0x00, 0x00, 0x44, 0x45, 0x55, 0x55, 0x55, 0x55, 0x55, 0x55, 0x55, 0x55, 0x54, 0x44, 0x00, 0x00,
    0x00, 0x00, 0x44, 0x45, 0x55, 0x55, 0x55, 0x55, 0x55, 0x55, 0x55, 0x55, 0x54, 0x44, 0x00, 0x00,
    0x00, 0x22, 0x44, 0x45, 0x22, 0x22, 0x22, 0x22, 0x22, 0x22, 0x22, 0x22, 0x24, 0x44, 0x22, 0x00,
    0x00, 0x22, 0x44, 0x45, 0x55, 0x55, 0x55, 0x55, 0x55, 0x55, 0x55, 0x55, 0x54, 0x44, 0x22, 0x00,
    0x00, 0x22, 0x44, 0x45, 0x55, 0x11, 0x11, 0x11, 0x11, 0x11, 0x11, 0x55, 0x54, 0x44, 0x22, 0x00,
    0x00, 0x22, 0x44, 0x45, 0x55, 0x11, 0x11, 0x11, 0x11, 0x11, 0x11, 0x55, 0x54, 0x44, 0x22, 0x00,
    0x00, 0x22, 0x44, 0x45, 0x55, 0x11, 0x11, 0x11, 0x11, 0x11, 0x11, 0x55, 0x54, 0x44, 0x22, 0x00,
    0x00, 0x22, 0x44, 0x45, 0x55, 0x11, 0x11, 0x11, 0x11, 0x11, 0x11, 0x55, 0x54, 0x44, 0x22, 0x00,
    0x00, 0x22, 0x44, 0x45, 0x55, 0x11, 0x11, 0x11, 0x11, 0x11, 0x11, 0x55, 0x54, 0x44, 0x22, 0x00,
    0x00, 0x22, 0x44, 0x45, 0x55, 0x11, 0x11, 0x11, 0x11, 0x11, 0x11, 0x55, 0x54, 0x44, 0x22, 0x00,
    0x00, 0x22, 0x44, 0x45, 0x55, 0x11, 0x11, 0x11, 0x11, 0x11, 0x11, 0x55, 0x54, 0x44, 0x22, 0x00,
    0x00, 0x22, 0x44, 0x45, 0x55, 0x11, 0x11, 0x11, 0x11, 0x11, 0x11, 0x55, 0x54, 0x44, 0x22, 0x00,
    0x00, 0x22, 0x44, 0x45, 0x55, 0x11, 0x11, 0x11, 0x11, 0x11, 0x11, 0x55, 0x54, 0x44, 0x22, 0x00,
    0x00, 0x22, 0x44, 0x45, 0x55, 0x11, 0x11, 0x11, 0x11, 0x11, 0x11, 0x55, 0x54, 0x44, 0x22, 0x00,
    0x00, 0x22, 0x44, 0x45, 0x55, 0x11, 0x11, 0x11, 0x11, 0x11, 0x11, 0x55, 0x54, 0x44, 0x22, 0x00,
    0x00, 0x22, 0x44, 0x45, 0x55, 0x11, 0x11, 0x11, 0x11, 0x11, 0x11, 0x55, 0x54, 0x44, 0x22, 0x00,
    0x00, 0x22, 0x44, 0x45, 0x55, 0x11, 0x11, 0x11, 0x11, 0x11, 0x11, 0x55, 0x54, 0x44, 0x22, 0x00,
    0x00, 0x22, 0x44, 0x45, 0x55, 0x11, 0x11, 0x11, 0x11, 0x11, 0x11, 0x55, 0x54, 0x44, 0x22, 0x00,
    0x00, 0x22, 0x44, 0x45, 0x55, 0x11, 0x11, 0x11, 0x11, 0x11, 0x11, 0x55, 0x54, 0x44, 0x22, 0x00,
    0x00, 0x22, 0x44, 0x45, 0x55, 0x11, 0x11, 0x11, 0x11, 0x11, 0x11, 0x55, 0x54, 0x44, 0x22, 0x00,
    0x00, 0x22, 0x44, 0x45, 0x55, 0x11, 0x11, 0x11, 0x11, 0x11, 0x11, 0x55, 0x54, 0x44, 0x22, 0x00,
    0x00, 0x22, 0x44, 0x45, 0x55, 0x11, 0x11, 0x11, 0x11, 0x11, 0x11, 0x55, 0x54, 0x44, 0x22, 0x00,
};
static const uint8_t pixels_door[] = {
    0x00, 0x00, 0x00, 0x00, 0x00, 0x00, 0x00, 0x00, 0x00, 0x00, 0x00, 0x00, 0x00, 0x00, 0x00, 0x00,
    0x00, 0x00, 0x00, 0x00, 0x00, 0x00, 0x00, 0x00, 0x00, 0x00, 0x00, 0x00, 0x00, 0x00, 0x00, 0x00,
    0x00, 0x00, 0x00, 0x00, 0x00, 0x00, 0x00, 0x00, 0x00, 0x00, 0x00, 0x00, 0x00, 0x00, 0x00, 0x00,
    0x00, 0x00, 0x00, 0x00, 0x00, 0x00, 0x00, 0x00, 0x00, 0x00, 0x00, 0x00, 0x00, 0x00, 0x00, 0x00,
    0x00, 0x00, 0x04, 0x44, 0x44, 0x44, 0x44, 0x44, 0x44, 0x44, 0x44, 0x44, 0x44, 0x40, 0x00, 0x00,
    0x00, 0x00, 0x04, 0x44, 0x44, 0x44, 0x44, 0x44, 0x44, 0x44, 0x44, 0x44, 0x44, 0x40, 0x00, 0x00,
    0x00, 0x02, 0x24, 0x44, 0x44, 0x44, 0x44, 0x44, 0x44, 0x44, 0x44, 0x44, 0x44, 0x42, 0x20, 0x00,
    0x00, 0x02, 0x24, 0x44, 0x16, 0x66, 0x66, 0x66, 0x66, 0x66, 0x66, 0x61, 0x44, 0x42, 0x20, 0x00,
    0x00, 0x02, 0x24, 0x44, 0x11, 0x11, 0x11, 0x11, 0x51, 0x11, 0x11, 0x11, 0x44, 0x42, 0x20, 0x00,
    0x00, 0x02, 0x24, 0x44, 0x13, 0x33, 0x33, 0x33, 0x53, 0x33, 0x33, 0x33, 0x44, 0x42, 0x20, 0x00,
    0x00, 0x02, 0x24, 0x44, 0x11, 0x11, 0x11, 0x11, 0x51, 0x11, 0x11, 0x11, 0x44, 0x42, 0x20, 0x00,
    0x00, 0x02, 0x24, 0x44, 0x11, 0x11, 0x11, 0x11, 0x51, 0x11, 0x11, 0x11, 0x44, 0x42, 0x20, 0x00,
    0x00, 0x02, 0x24, 0x44, 0x11, 0x11, 0x11, 0x11, 0x51, 0x11, 0x11, 0x11, 0x44, 0x42, 0x20, 0x00,
    0x00, 0x02, 0x24, 0x44, 0x11, 0x11, 0x11, 0x11, 0x51, 0x11, 0x11, 0x11, 0x44, 0x42, 0x20, 0x00,
    0x00, 0x02, 0x24, 0x44, 0x11, 0x11, 0x11, 0x11, 0x51, 0x11, 0x11, 0x11, 0x44, 0x42, 0x20, 0x00,
    0x00, 0x02, 0x24, 0x44, 0x13, 0x33, 0x33, 0x33, 0x53, 0x33, 0x33, 0x33, 0x44, 0x42, 0x20, 0x00,
    0x00, 0x02, 0x24, 0x44, 0x11, 0x11, 0x11, 0x11, 0x51, 0x11, 0x11, 0x11, 0x44, 0x42, 0x20, 0x00,
    0x00, 0x02, 0x24, 0x44, 0x11, 0x11, 0x11, 0x11, 0x51, 0x11, 0x11, 0x11, 0x44, 0x42, 0x20, 0x00,
    0x00, 0x02, 0x24, 0x44, 0x11, 0x11, 0x11, 0x11, 0x51, 0x11, 0x11, 0x11, 0x44, 0x42, 0x20, 0x00,
    0x00, 0x02, 0x24, 0x44, 0x11, 0x11, 0x11, 0x11, 0x51, 0x11, 0x11, 0x11, 0x44, 0x42, 0x20, 0x00,
    0x00, 0x02, 0x24, 0x44, 0x11, 0x11, 0x11, 0x11, 0x51, 0x11, 0x11, 0x11, 0x44, 0x42, 0x20, 0x00,
    0x00, 0x02, 0x24, 0x44, 0x13, 0x33, 0x33, 0x33, 0x53, 0x33, 0x33, 0x33, 0x44, 0x42, 0x20, 0x00,
    0x00, 0x02, 0x24, 0x44, 0x11, 0x11, 0x11, 0x11, 0x51, 0x11, 0x11, 0x11, 0x44, 0x42, 0x20, 0x00,
    0x00, 0x02, 0x24, 0x44, 0x11, 0x11, 0x11, 0x11, 0x51, 0x11, 0x11, 0x11, 0x44, 0x42, 0x20, 0x00,
    0x00, 0x02, 0x24, 0x44, 0x11, 0x11, 0x11, 0x11, 0x51, 0x11, 0x11, 0x11, 0x44, 0x42, 0x20, 0x00,
    0x00, 0x02, 0x24, 0x44, 0x11, 0x11, 0x11, 0x11, 0x51, 0x11, 0x11, 0x11, 0x44, 0x42, 0x20, 0x00,
    0x00, 0x02, 0x24, 0x44, 0x11, 0x11, 0x11, 0x11, 0x51, 0x11, 0x11, 0x11, 0x44, 0x42, 0x20, 0x00,
    0x00, 0x02, 0x24, 0x44, 0x13, 0x33, 0x33, 0x33, 0x53, 0x33, 0x33, 0x33, 0x44, 0x42, 0x20, 0x00,
    0x00, 0x02, 0x24, 0x44, 0x11, 0x11, 0x11, 0x11, 0x51, 0x11, 0x11, 0x11, 0x44, 0x42, 0x20, 0x00,
    0x00, 0x02, 0x24, 0x44, 0x11, 0x11, 0x11, 0x11, 0x51, 0x11, 0x11, 0x11, 0x44, 0x42, 0x20, 0x00,
    0x00, 0x02, 0x24, 0x44, 0x11, 0x11, 0x11, 0x11, 0x51, 0x11, 0x11, 0x11, 0x44, 0x42, 0x20, 0x00,
    0x00, 0x02, 0x24, 0x44, 0x11, 0x11, 0x11, 0x11, 0x51, 0x11, 0x11, 0x11, 0x44, 0x42, 0x20, 0x00,
};
static const uint8_t pixels_torch[] = {
    0x00, 0x00, 0x00, 0x00, 0x00, 0x00, 0x00, 0x00, 0x00, 0x00, 0x00, 0x00, 0x00, 0x00, 0x00, 0x00,
    0x00, 0x00, 0x00, 0x00, 0x00, 0x00, 0x00, 0x00, 0x00, 0x00, 0x00, 0x00, 0x00, 0x00, 0x00, 0x00,
    0x00, 0x00, 0x00, 0x00, 0x00, 0x00, 0x00, 0x00, 0x00, 0x00, 0x00, 0x00, 0x00, 0x00, 0x00, 0x00,
    0x00, 0x00, 0x00, 0x00, 0x00, 0x00, 0x00, 0x00, 0x00, 0x00, 0x00, 0x00, 0x00, 0x00, 0x00, 0x00,
    0x00, 0x00, 0x00, 0x00, 0x00, 0x00, 0x00, 0x88, 0x88, 0x00, 0x00, 0x00, 0x00, 0x00, 0x00, 0x00,
    0x00, 0x00, 0x00, 0x00, 0x00, 0x00, 0x00, 0x88, 0x88, 0x00, 0x00, 0x00, 0x00, 0x00, 0x00, 0x00,
    0x00, 0x00, 0x00, 0x00, 0x00, 0x00, 0x00, 0x88, 0x88, 0x00, 0x00, 0x00, 0x00, 0x00, 0x00, 0x00,
    0x00, 0x00, 0x00, 0x00, 0x00, 0x00, 0x00, 0x88, 0x88, 0x00, 0x00, 0x00, 0x00, 0x00, 0x00, 0x00,
    0x00, 0x00, 0x00, 0x00, 0x00, 0x00, 0x07, 0x88, 0x88, 0x70, 0x00, 0x00, 0x00, 0x00, 0x00, 0x00,
    0x00, 0x00, 0x00, 0x00, 0x00, 0x00, 0x07, 0x88, 0x88, 0x70, 0x00, 0x00, 0x00, 0x00, 0x00, 0x00,
    0x00, 0x00, 0x00, 0x00, 0x00, 0x00, 0x07, 0x77, 0x77, 0x70, 0x00, 0x00, 0x00, 0x00, 0x00, 0x00,
    0x00, 0x00, 0x00, 0x00, 0x00, 0x00, 0x07, 0x77, 0x77, 0x70, 0x00, 0x00, 0x00, 0x00, 0x00, 0x00,
    0x00, 0x00, 0x00, 0x00, 0x00, 0x22, 0x27, 0x77, 0x77, 0x72, 0x22, 0x00, 0x00, 0x00, 0x00, 0x00,
    0x00, 0x00, 0x00, 0x00, 0x00, 0x22, 0x27, 0x77, 0x77, 0x72, 0x22, 0x00, 0x00, 0x00, 0x00, 0x00,
    0x00, 0x00, 0x00, 0x00, 0x00, 0x22, 0x22, 0x22, 0x22, 0x22, 0x22, 0x00, 0x00, 0x00, 0x00, 0x00,
    0x00, 0x00, 0x00, 0x00, 0x00, 0x00, 0x00, 0x00, 0x55, 0x00, 0x00, 0x00, 0x00, 0x00, 0x00, 0x00,
    0x00, 0x00, 0x00, 0x00, 0x00, 0x00, 0x00, 0x00, 0x55, 0x00, 0x00, 0x00, 0x00, 0x00, 0x00, 0x00,
    0x00, 0x00, 0x00, 0x00, 0x00, 0x00, 0x00, 0x00, 0x55, 0x00, 0x00, 0x00, 0x00, 0x00, 0x00, 0x00,
    0x00, 0x00, 0x00, 0x00, 0x00, 0x00, 0x00, 0x00, 0x55, 0x00, 0x00, 0x00, 0x00, 0x00, 0x00, 0x00,
    0x00, 0x00, 0x00, 0x00, 0x00, 0x00, 0x00, 0x00, 0x55, 0x00, 0x00, 0x00, 0x00, 0x00, 0x00, 0x00,
    0x00, 0x00, 0x00, 0x00, 0x00, 0x00, 0x00, 0x00, 0x55, 0x00, 0x00, 0x00, 0x00, 0x00, 0x00, 0x00,
    0x00, 0x00, 0x00, 0x00, 0x00, 0x00, 0x00, 0x00, 0x55, 0x00, 0x00, 0x00, 0x00, 0x00, 0x00, 0x00,
    0x00, 0x00, 0x00, 0x00, 0x00, 0x00, 0x00, 0x00, 0x55, 0x00, 0x00, 0x00, 0x00, 0x00, 0x00, 0x00,
    0x00, 0x00, 0x00, 0x00, 0x00, 0x00, 0x00, 0x00, 0x55, 0x00, 0x00, 0x00, 0x00, 0x00, 0x00, 0x00,
    0x00, 0x00, 0x00, 0x00, 0x00, 0x00, 0x00, 0x00, 0x55, 0x00, 0x00, 0x00, 0x00, 0x00, 0x00, 0x00,
    0x00, 0x00, 0x00, 0x00, 0x00, 0x00, 0x00, 0x00, 0x55, 0x00, 0x00, 0x00, 0x00, 0x00, 0x00, 0x00,
    0x00, 0x00, 0x00, 0x00, 0x00, 0x00, 0x00, 0x00, 0x55, 0x00, 0x00, 0x00, 0x00, 0x00, 0x00, 0x00,
    0x00, 0x00, 0x00, 0x00, 0x00, 0x00, 0x00, 0x00, 0x55, 0x00, 0x00, 0x00, 0x00, 0x00, 0x00, 0x00,
    0x00, 0x00, 0x00, 0x00, 0x00, 0x00, 0x00, 0x00, 0x55, 0x00, 0x00, 0x00, 0x00, 0x00, 0x00, 0x00,
    0x00, 0x00, 0x00, 0x00, 0x00, 0x00, 0x00, 0x00, 0x55, 0x00, 0x00, 0x00, 0x00, 0x00, 0x00, 0x00,
    0x00, 0x00, 0x00, 0x00, 0x00, 0x00, 0x00, 0x00, 0x00, 0x00, 0x00, 0x00, 0x00, 0x00, 0x00, 0x00,
    0x00, 0x00, 0x00, 0x00, 0x00, 0x00, 0x00, 0x00, 0x00, 0x00, 0x00, 0x00, 0x00, 0x00, 0x00, 0x00,
};
static const uint8_t pixels_banner[] = {
    0x00, 0x00, 0x00, 0x00, 0x00, 0x00, 0x00, 0x00, 0x00, 0x00, 0x00, 0x00, 0x00, 0x00, 0x00, 0x00,
    0x00, 0x00, 0x00, 0x00, 0x00, 0x00, 0x00, 0x00, 0x55, 0x00, 0x00, 0x00, 0x00, 0x00, 0x00, 0x00,
    0x00, 0x00, 0x00, 0x00, 0x00, 0x00, 0x00, 0x00, 0x55, 0x00, 0x00, 0x00, 0x00, 0x00, 0x00, 0x00,
    0x00, 0x00, 0x00, 0x00, 0x00, 0x00, 0x00, 0x00, 0x55, 0x00, 0x00, 0x00, 0x00, 0x00, 0x00, 0x00,
    0x00, 0x00, 0x00, 0x00, 0x00, 0x00, 0x00, 0x00, 0x55, 0x00, 0x00, 0x00, 0x00, 0x00, 0x00, 0x00,
    0x00, 0x00, 0x00, 0x00, 0x00, 0x33, 0x33, 0x33, 0x33, 0x33, 0x33, 0x00, 0x00, 0x00, 0x00, 0x00,
    0x00, 0x00, 0x00, 0x00, 0x00, 0x33, 0x33, 0x33, 0x33, 0x33, 0x33, 0x00, 0x00, 0x00, 0x00, 0x00,
    0x00, 0x00, 0x00, 0x00, 0x00, 0x34, 0x44, 0x44, 0x44, 0x44, 0x43, 0x00, 0x00, 0x00, 0x00, 0x00,
    0x00, 0x00, 0x00, 0x00, 0x00, 0x34, 0x44, 0x44, 0x44, 0x44, 0x43, 0x00, 0x00, 0x00, 0x00, 0x00,
    0x00, 0x00, 0x00, 0x00, 0x00, 0x34, 0x44, 0x44, 0x44, 0x44, 0x43, 0x00, 0x00, 0x00, 0x00, 0x00,
    0x00, 0x00, 0x00, 0x00, 0x00, 0x34, 0x44, 0x44, 0x44, 0x44, 0x43, 0x00, 0x00, 0x00, 0x00, 0x00,
    0x00, 0x00, 0x00, 0x00, 0x00, 0x34, 0x44, 0x44, 0x44, 0x44, 0x43, 0x00, 0x00, 0x00, 0x00, 0x00,
    0x00, 0x00, 0x00, 0x00, 0x00, 0x34, 0x44, 0x44, 0x44, 0x44, 0x43, 0x00, 0x00, 0x00, 0x00, 0x00,
    0x00, 0x00, 0x00, 0x00, 0x00, 0x34, 0x44, 0x44, 0x44, 0x44, 0x43, 0x00, 0x00, 0x00, 0x00, 0x00,
    0x00, 0x00, 0x00, 0x00, 0x00, 0x34, 0x44, 0x44, 0x44, 0x44, 0x43, 0x00, 0x00, 0x00, 0x00, 0x00,
    0x00, 0x00, 0x00, 0x00, 0x00, 0x34, 0x44, 0x44, 0x44, 0x44, 0x43, 0x00, 0x00, 0x00, 0x00, 0x00,
    0x00, 0x00, 0x00, 0x00, 0x00, 0x34, 0x44, 0x44, 0x44, 0x44, 0x43, 0x00, 0x00, 0x00, 0x00, 0x00,
    0x00, 0x00, 0x00, 0x00, 0x00, 0x34, 0x44, 0x44, 0x44, 0x44, 0x43, 0x00, 0x00, 0x00, 0x00, 0x00,
    0x00, 0x00, 0x00, 0x00, 0x00, 0x34, 0x44, 0x44, 0x44, 0x44, 0x43, 0x00, 0x00, 0x00, 0x00, 0x00,
    0x00, 0x00, 0x00, 0x00, 0x00, 0x34, 0x44, 0x44, 0x44, 0x44, 0x43, 0x00, 0x00, 0x00, 0x00, 0x00,
    0x00, 0x00, 0x00, 0x00, 0x00, 0x34, 0x44, 0x44, 0x44, 0x44, 0x43, 0x00, 0x00, 0x00, 0x00, 0x00,
    0x00, 0x00, 0x00, 0x00, 0x00, 0x33, 0x33, 0x33, 0x33, 0x33, 0x33, 0x00, 0x00, 0x00, 0x00, 0x00,
    0x00, 0x00, 0x00, 0x00, 0x00, 0x22, 0x22, 0x22, 0x22, 0x22, 0x22, 0x20, 0x00, 0x00, 0x00, 0x00,
    0x00, 0x00, 0x00, 0x00, 0x00, 0x02, 0x22, 0x22, 0x22, 0x22, 0x22, 0x00, 0x00, 0x00, 0x00, 0x00,
    0x00, 0x00, 0x00, 0x00, 0x00, 0x00, 0x22, 0x22, 0x22, 0x22, 0x20, 0x00, 0x00, 0x00, 0x00, 0x00,
    0x00, 0x00, 0x00, 0x00, 0x00, 0x00, 0x02, 0x22, 0x22, 0x22, 0x00, 0x00, 0x00, 0x00, 0x00, 0x00,
    0x00, 0x00, 0x00, 0x00, 0x00, 0x00, 0x02, 0x22, 0x22, 0x22, 0x00, 0x00, 0x00, 0x00, 0x00, 0x00,
    0x00, 0x00, 0x00, 0x00, 0x00, 0x00, 0x00, 0x22, 0x22, 0x20, 0x00, 0x00, 0x00, 0x00, 0x00, 0x00,
    0x00, 0x00, 0x00, 0x00, 0x00, 0x00, 0x00, 0x02, 0x22, 0x00, 0x00, 0x00, 0x00, 0x00, 0x00, 0x00,
    0x00, 0x00, 0x00, 0x00, 0x00, 0x00, 0x00, 0x00, 0x25, 0x00, 0x00, 0x00, 0x00, 0x00, 0x00, 0x00,
    0x00, 0x00, 0x00, 0x00, 0x00, 0x00, 0x00, 0x00, 0x55, 0x00, 0x00, 0x00, 0x00, 0x00, 0x00, 0x00,
    0x00, 0x00, 0x00, 0x00, 0x00, 0x00, 0x00, 0x00, 0x00, 0x00, 0x00, 0x00, 0x00, 0x00, 0x00, 0x00,
};
static const uint8_t pixels_chain[] = {
    0x00, 0x00, 0x00, 0x00, 0x00, 0x00, 0x00, 0x00, 0x40, 0x00, 0x00, 0x00, 0x00, 0x00, 0x00, 0x00,
    0x00, 0x00, 0x00, 0x00, 0x00, 0x00, 0x00, 0x00, 0x40, 0x00, 0x00, 0x00, 0x00, 0x00, 0x00, 0x00,
    0x00, 0x00, 0x00, 0x00, 0x00, 0x00, 0x00, 0x00, 0x40, 0x00, 0x00, 0x00, 0x00, 0x00, 0x00, 0x00,
    0x00, 0x00, 0x00, 0x00, 0x00, 0x00, 0x00, 0x00, 0x40, 0x00, 0x00, 0x00, 0x00, 0x00, 0x00, 0x00,
    0x00, 0x00, 0x00, 0x00, 0x00, 0x00, 0x00, 0x00, 0x40, 0x00, 0x00, 0x00, 0x00, 0x00, 0x00, 0x00,
    0x00, 0x00, 0x00, 0x00, 0x00, 0x00, 0x00, 0x00, 0x40, 0x00, 0x00, 0x00, 0x00, 0x00, 0x00, 0x00,
    0x00, 0x00, 0x00, 0x00, 0x00, 0x00, 0x00, 0x00, 0x40, 0x00, 0x00, 0x00, 0x00, 0x00, 0x00, 0x00,
    0x00, 0x00, 0x00, 0x00, 0x00, 0x00, 0x00, 0x00, 0x40, 0x00, 0x00, 0x00, 0x00, 0x00, 0x00, 0x00,
    0x00, 0x00, 0x00, 0x00, 0x00, 0x00, 0x00, 0x55, 0x55, 0x50, 0x00, 0x00, 0x00, 0x00, 0x00, 0x00,
    0x00, 0x00, 0x00, 0x00, 0x00, 0x00, 0x05, 0x00, 0x00, 0x05, 0x00, 0x00, 0x00, 0x00, 0x00, 0x00,
    0x00, 0x00, 0x00, 0x00, 0x00, 0x00, 0x50, 0x00, 0x00, 0x00, 0x50, 0x00, 0x00, 0x00, 0x00, 0x00,
    0x00, 0x00, 0x00, 0x00, 0x00, 0x00, 0x50, 0x00, 0x00, 0x00, 0x50, 0x00, 0x00, 0x00, 0x00, 0x00,
    0x00, 0x00, 0x00, 0x00, 0x00, 0x00, 0x05, 0x00, 0x00, 0x05, 0x00, 0x00, 0x00, 0x00, 0x00, 0x00,
    0x00, 0x00, 0x00, 0x00, 0x00, 0x00, 0x00, 0x55, 0x55, 0x50, 0x00, 0x00, 0x00, 0x00, 0x00, 0x00,
    0x00, 0x00, 0x00, 0x00, 0x00, 0x00, 0x00, 0x00, 0x00, 0x00, 0x00, 0x00, 0x00, 0x00, 0x00, 0x00,
    0x00, 0x00, 0x00, 0x00, 0x00, 0x00, 0x00, 0x55, 0x55, 0x50, 0x00, 0x00, 0x00, 0x00, 0x00, 0x00,
    0x00, 0x00, 0x00, 0x00, 0x00, 0x00, 0x05, 0x00, 0x00, 0x05, 0x00, 0x00, 0x00, 0x00, 0x00, 0x00,
    0x00, 0x00, 0x00, 0x00, 0x00, 0x00, 0x50, 0x00, 0x00, 0x00, 0x50, 0x00, 0x00, 0x00, 0x00, 0x00,
    0x00, 0x00, 0x00, 0x00, 0x00, 0x00, 0x50, 0x00, 0x00, 0x00, 0x50, 0x00, 0x00, 0x00, 0x00, 0x00,
    0x00, 0x00, 0x00, 0x00, 0x00, 0x00, 0x05, 0x00, 0x00, 0x05, 0x00, 0x00, 0x00, 0x00, 0x00, 0x00,
    0x00, 0x00, 0x00, 0x00, 0x00, 0x00, 0x00, 0x55, 0x55, 0x50, 0x00, 0x00, 0x00, 0x00, 0x00, 0x00,
    0x00, 0x00, 0x00, 0x00, 0x00, 0x00, 0x00, 0x00, 0x00, 0x00, 0x00, 0x00, 0x00, 0x00, 0x00, 0x00,
    0x00, 0x00, 0x00, 0x00, 0x00, 0x00, 0x00, 0x55, 0x55, 0x50, 0x00, 0x00, 0x00, 0x00, 0x00, 0x00,
    0x00, 0x00, 0x00, 0x00, 0x00, 0x00, 0x05, 0x00, 0x00, 0x05, 0x00, 0x00, 0x00, 0x00, 0x00, 0x00,
    0x00, 0x00, 0x00, 0x00, 0x00, 0x00, 0x50, 0x00, 0x00, 0x00, 0x50, 0x00, 0x00, 0x00, 0x00, 0x00,
    0x00, 0x00, 0x00, 0x00, 0x00, 0x00, 0x50, 0x00, 0x00, 0x00, 0x50, 0x00, 0x00, 0x00, 0x00, 0x00,
    0x00, 0x00, 0x00, 0x00, 0x00, 0x00, 0x05, 0x00, 0x00, 0x05, 0x00, 0x00, 0x00, 0x00, 0x00, 0x00,
    0x00, 0x00, 0x00, 0x00, 0x00, 0x00, 0x00, 0x55, 0x55, 0x50, 0x00, 0x00, 0x00, 0x00, 0x00, 0x00,
    0x00, 0x00, 0x00, 0x00, 0x00, 0x00, 0x00, 0x00, 0x00, 0x00, 0x00, 0x00, 0x00, 0x00, 0x00, 0x00,
    0x00, 0x00, 0x00, 0x00, 0x00, 0x00, 0x00, 0x00, 0x00, 0x00, 0x00, 0x00, 0x00, 0x00, 0x00, 0x00,
    0x00, 0x00, 0x00, 0x00, 0x00, 0x00, 0x00, 0x00, 0x00, 0x00, 0x00, 0x00, 0x00, 0x00, 0x00, 0x00,
    0x00, 0x00, 0x00, 0x00, 0x00, 0x00, 0x00, 0x00, 0x00, 0x00, 0x00, 0x00, 0x00, 0x00, 0x00, 0x00,
};
static const uint8_t pixels_skulls[] = {
    0x00, 0x00, 0x00, 0x00, 0x00, 0x00, 0x00, 0x00, 0x00, 0x00, 0x00, 0x00, 0x00, 0x00, 0x00, 0x00,
    0x00, 0x00, 0x00, 0x00, 0x00, 0x00, 0x00, 0x00, 0x00, 0x00, 0x00, 0x00, 0x00, 0x00, 0x00, 0x00,
    0x00, 0x00, 0x00, 0x00, 0x00, 0x00, 0x00, 0x00, 0x00, 0x00, 0x00, 0x00, 0x00, 0x00, 0x00, 0x00,
    0x00, 0x00, 0x00, 0x00, 0x00, 0x00, 0x00, 0x00, 0x00, 0x00, 0x00, 0x00, 0x00, 0x00, 0x00, 0x00,
    0x00, 0x00, 0x00, 0x00, 0x00, 0x00, 0x00, 0x00, 0x00, 0x00, 0x00, 0x00, 0x00, 0x00, 0x00, 0x00,
    0x00, 0x00, 0x00, 0x00, 0x00, 0x00, 0x00, 0x00, 0x00, 0x00, 0x00, 0x00, 0x00, 0x00, 0x00, 0x00,
    0x00, 0x00, 0x00, 0x00, 0x00, 0x00, 0x00, 0x00, 0x00, 0x00, 0x00, 0x00, 0x00, 0x00, 0x00, 0x00,
    0x00, 0x00, 0x00, 0x00, 0x00, 0x00, 0x00, 0x00, 0x00, 0x00, 0x00, 0x00, 0x00, 0x00, 0x00, 0x00,
    0x00, 0x00, 0x00, 0x00, 0x00, 0x00, 0x00, 0x00, 0x00, 0x00, 0x00, 0x00, 0x00, 0x00, 0x00, 0x00,
    0x00, 0x00, 0x00, 0x00, 0x00, 0x00, 0x00, 0x00, 0x00, 0x00, 0x00, 0x00, 0x00, 0x00, 0x00, 0x00,
    0x00, 0x00, 0x00, 0x00, 0x00, 0x00, 0x00, 0x00, 0x00, 0x00, 0x00, 0x00, 0x00, 0x00, 0x00, 0x00,
    0x00, 0x00, 0x00, 0x00, 0x00, 0x00, 0x00, 0x00, 0x00, 0x00, 0x00, 0x00, 0x00, 0x00, 0x00, 0x00,
    0x00, 0x00, 0x00, 0x00, 0x00, 0x00, 0x00, 0x00, 0x00, 0x00, 0x00, 0x00, 0x00, 0x00, 0x00, 0x00,
    0x00, 0x00, 0x00, 0x00, 0x00, 0x00, 0x00, 0x00, 0x00, 0x00, 0x00, 0x00, 0x00, 0x00, 0x00, 0x00,
    0x00, 0x00, 0x00, 0x00, 0x00, 0x00, 0x01, 0x11, 0x11, 0x00, 0x00, 0x00, 0x00, 0x01, 0x11, 0x11,
    0x00, 0x00, 0x00, 0x00, 0x00, 0x00, 0x16, 0x66, 0x66, 0x10, 0x00, 0x00, 0x00, 0x16, 0x66, 0x66,
    0x00, 0x00, 0x00, 0x00, 0x00, 0x01, 0x66, 0x66, 0x66, 0x61, 0x00, 0x00, 0x01, 0x66, 0x66, 0x66,
    0x00, 0x00, 0x00, 0x00, 0x00, 0x16, 0x66, 0x66, 0x66, 0x66, 0x10, 0x00, 0x16, 0x66, 0x66, 0x66,
    0x00, 0x00, 0x00, 0x11, 0x11, 0x16, 0x61, 0x66, 0x66, 0x66, 0x11, 0x11, 0x16, 0x61, 0x66, 0x66,
    0x00, 0x00, 0x01, 0x66, 0x66, 0x16, 0x66, 0x66, 0x66, 0x61, 0x66, 0x66, 0x16, 0x66, 0x66, 0x66,
    0x00, 0x00, 0x16, 0x66, 0x66, 0x16, 0x66, 0x66, 0x66, 0x16, 0x66, 0x66, 0x16, 0x66, 0x66, 0x66,
    0x00, 0x01, 0x66, 0x66, 0x66, 0x61, 0x66, 0x66, 0x61, 0x66, 0x66, 0x66, 0x61, 0x66, 0x66, 0x66,
    0x00, 0x01, 0x66, 0x16, 0x66, 0x66, 0x16, 0x66, 0x61, 0x66, 0x16, 0x66, 0x66, 0x16, 0x66, 0x66,
    0x00, 0x01, 0x66, 0x66, 0x66, 0x66, 0x61, 0x11, 0x11, 0x66, 0x66, 0x66, 0x66, 0x61, 0x11, 0x11,
    0x00, 0x01, 0x66, 0x66, 0x66, 0x66, 0x61, 0x00, 0x01, 0x66, 0x66, 0x66, 0x66, 0x61, 0x00, 0x00,
    0x00, 0x00, 0x16, 0x66, 0x66, 0x66, 0x10, 0x00, 0x00, 0x16, 0x66, 0x66, 0x66, 0x10, 0x00, 0x00,
    0x00, 0x00, 0x01, 0x66, 0x66, 0x61, 0x00, 0x00, 0x00, 0x01, 0x66, 0x66, 0x61, 0x00, 0x00, 0x00,
    0x00, 0x00, 0x00, 0x11, 0x11, 0x10, 0x00, 0x00, 0x00, 0x00, 0x11, 0x11, 0x10, 0x00, 0x00, 0x00,
    0x00, 0x00, 0x00, 0x00, 0x00, 0x00, 0x00, 0x00, 0x00, 0x00, 0x00, 0x00, 0x00, 0x00, 0x00, 0x00,
    0x00, 0x00, 0x00, 0x00, 0x00, 0x00, 0x00, 0x00, 0x00, 0x00, 0x00, 0x00, 0x00, 0x00, 0x00, 0x00,
    0x00, 0x00, 0x00, 0x00, 0x00, 0x00, 0x00, 0x00, 0x00, 0x00, 0x00, 0x00, 0x00, 0x00, 0x00, 0x00,
    0x00, 0x00, 0x00, 0x00, 0x00, 0x00, 0x00, 0x00, 0x00, 0x00, 0x00, 0x00, 0x00, 0x00, 0x00, 0x00,
};
static const uint8_t pixels_rubble[] = {
    0x00, 0x00, 0x00, 0x00, 0x00, 0x00, 0x00, 0x00, 0x00, 0x00, 0x00, 0x00, 0x00, 0x00, 0x00, 0x00,
    0x00, 0x00, 0x00, 0x00, 0x00, 0x00, 0x00, 0x00, 0x00, 0x00, 0x00, 0x00, 0x00, 0x00, 0x00, 0x00,
    0x00, 0x00, 0x00, 0x00, 0x00, 0x00, 0x00, 0x00, 0x00, 0x00, 0x00, 0x00, 0x00, 0x00, 0x00, 0x00,
    0x00, 0x00, 0x00, 0x00, 0x00, 0x00, 0x00, 0x00, 0x00, 0x00, 0x00, 0x00, 0x00, 0x00, 0x00, 0x00,
    0x00, 0x00, 0x00, 0x00, 0x00, 0x00, 0x00, 0x00, 0x00, 0x00, 0x00, 0x00, 0x00, 0x00, 0x00, 0x00,
    0x00, 0x00, 0x00, 0x00, 0x00, 0x00, 0x00, 0x00, 0x00, 0x00, 0x00, 0x00, 0x00, 0x00, 0x00, 0x00,
    0x00, 0x00, 0x00, 0x00, 0x00, 0x00, 0x00, 0x00, 0x00, 0x00, 0x00, 0x00, 0x00, 0x00, 0x00, 0x00,
    0x00, 0x00, 0x00, 0x00, 0x00, 0x00, 0x00, 0x00, 0x00, 0x00, 0x00, 0x00, 0x00, 0x00, 0x00, 0x00,
    0x00, 0x00, 0x00, 0x00, 0x00, 0x00, 0x00, 0x00, 0x00, 0x00, 0x00, 0x00, 0x00, 0x00, 0x00, 0x00,
    0x00, 0x00, 0x00, 0x00, 0x00, 0x00, 0x00, 0x00, 0x00, 0x00, 0x00, 0x00, 0x00, 0x00, 0x00, 0x00,
    0x00, 0x00, 0x00, 0x00, 0x00, 0x00, 0x00, 0x00, 0x00, 0x00, 0x00, 0x00, 0x00, 0x00, 0x00, 0x00,
    0x00, 0x00, 0x00, 0x00, 0x00, 0x00, 0x00, 0x00, 0x00, 0x00, 0x00, 0x00, 0x00, 0x00, 0x00, 0x00,
    0x00, 0x00, 0x00, 0x00, 0x00, 0x00, 0x00, 0x00, 0x00, 0x00, 0x00, 0x00, 0x00, 0x00, 0x00, 0x00,
    0x00, 0x00, 0x00, 0x00, 0x00, 0x00, 0x00, 0x00, 0x00, 0x00, 0x00, 0x00, 0x00, 0x00, 0x00, 0x00,
    0x00, 0x00, 0x00, 0x00, 0x00, 0x00, 0x00, 0x00, 0x00, 0x00, 0x00, 0x00, 0x00, 0x00, 0x00, 0x00,
    0x10, 0x00, 0x00, 0x00, 0x00, 0x00, 0x00, 0x00, 0x00, 0x00, 0x00, 0x00, 0x00, 0x00, 0x00, 0x00,
    0x61, 0x00, 0x00, 0x00, 0x00, 0x00, 0x00, 0x00, 0x00, 0x00, 0x00, 0x00, 0x00, 0x00, 0x00, 0x00,
    0x66, 0x10, 0x00, 0x00, 0x00, 0x00, 0x00, 0x44, 0x44, 0x44, 0x40, 0x00, 0x00, 0x00, 0x00, 0x00,
    0x66, 0x10, 0x00, 0x00, 0x00, 0x00, 0x00, 0x44, 0x44, 0x44, 0x40, 0x00, 0x00, 0x00, 0x00, 0x00,
    0x66, 0x10, 0x00, 0x00, 0x20, 0x00, 0x00, 0x24, 0x44, 0x44, 0x20, 0x00, 0x00, 0x20, 0x00, 0x00,
    0x66, 0x10, 0x00, 0x02, 0x00, 0x00, 0x02, 0x44, 0x44, 0x42, 0x40, 0x00, 0x02, 0x00, 0x00, 0x00,
    0x61, 0x00, 0x02, 0x20, 0x44, 0x42, 0x24, 0x44, 0x42, 0x24, 0x40, 0x02, 0x20, 0x44, 0x44, 0x44,
    0x10, 0x00, 0x20, 0x00, 0x44, 0x24, 0x44, 0x40, 0x20, 0x00, 0x00, 0x20, 0x00, 0x44, 0x44, 0x44,
    0x00, 0x02, 0x00, 0x00, 0x42, 0x44, 0x44, 0x42, 0x00, 0x00, 0x02, 0x00, 0x00, 0x44, 0x44, 0x44,
    0x00, 0x00, 0x00, 0x00, 0x44, 0x44, 0x44, 0x40, 0x00, 0x00, 0x00, 0x00, 0x00, 0x44, 0x44, 0x44,
    0x00, 0x44, 0x44, 0x44, 0x44, 0x44, 0x44, 0x40, 0x00, 0x00, 0x44, 0x44, 0x44, 0x44, 0x44, 0x44,
    0x00, 0x44, 0x44, 0x44, 0x40, 0x00, 0x00, 0x00, 0x00, 0x00, 0x44, 0x44, 0x44, 0x40, 0x00, 0x00,
    0x00, 0x44, 0x44, 0x44, 0x40, 0x00, 0x00, 0x00, 0x00, 0x00, 0x44, 0x44, 0x44, 0x40, 0x00, 0x00,
    0x00, 0x44, 0x44, 0x44, 0x40, 0x00, 0x00, 0x00, 0x00, 0x00, 0x44, 0x44, 0x44, 0x40, 0x00, 0x00,
    0x00, 0x44, 0x44, 0x44, 0x40, 0x00, 0x00, 0x00, 0x00, 0x00, 0x44, 0x44, 0x44, 0x40, 0x00, 0x00,
    0x00, 0x00, 0x00, 0x00, 0x00, 0x00, 0x00, 0x00, 0x00, 0x00, 0x00, 0x00, 0x00, 0x00, 0x00, 0x00,
    0x00, 0x00, 0x00, 0x00, 0x00, 0x00, 0x00, 0x00, 0x00, 0x00, 0x00, 0x00, 0x00, 0x00, 0x00, 0x00,
};
static const uint8_t pixels_roots[] = {
    0x00, 0x00, 0x05, 0x50, 0x00, 0x00, 0x00, 0x44, 0x00, 0x00, 0x00, 0x00, 0x00, 0x05, 0x50, 0x00,
    0x00, 0x00, 0x05, 0x50, 0x00, 0x00, 0x00, 0x44, 0x00, 0x00, 0x00, 0x00, 0x00, 0x05, 0x50, 0x00,
    0x00, 0x00, 0x05, 0x50, 0x00, 0x00, 0x00, 0x44, 0x00, 0x00, 0x00, 0x00, 0x00, 0x05, 0x50, 0x00,
    0x00, 0x00, 0x00, 0x55, 0x00, 0x00, 0x00, 0x44, 0x00, 0x00, 0x00, 0x00, 0x00, 0x55, 0x00, 0x00,
    0x00, 0x00, 0x00, 0x55, 0x00, 0x00, 0x00, 0x04, 0x40, 0x00, 0x00, 0x00, 0x00, 0x55, 0x00, 0x00,
    0x00, 0x00, 0x00, 0x55, 0x00, 0x00, 0x00, 0x04, 0x40, 0x00, 0x00, 0x00, 0x00, 0x55, 0x00, 0x00,
    0x00, 0x00, 0x00, 0x55, 0x00, 0x00, 0x00, 0x04, 0x40, 0x00, 0x00, 0x00, 0x00, 0x55, 0x00, 0x00,
    0x00, 0x00, 0x00, 0x05, 0x50, 0x00, 0x00, 0x04, 0x40, 0x00, 0x00, 0x00, 0x05, 0x50, 0x00, 0x00,
    0x00, 0x00, 0x00, 0x05, 0x50, 0x00, 0x00, 0x04, 0x40, 0x00, 0x00, 0x00, 0x05, 0x50, 0x00, 0x00,
    0x00, 0x00, 0x00, 0x05, 0x50, 0x00, 0x00, 0x04, 0x40, 0x00, 0x00, 0x00, 0x05, 0x50, 0x00, 0x00,
    0x00, 0x00, 0x00, 0x05, 0x50, 0x00, 0x00, 0x04, 0x40, 0x00, 0x00, 0x00, 0x05, 0x50, 0x00, 0x00,
    0x00, 0x00, 0x00, 0x00, 0x55, 0x00, 0x00, 0x04, 0x40, 0x00, 0x00, 0x00, 0x55, 0x00, 0x00, 0x00,
    0x00, 0x00, 0x00, 0x00, 0x55, 0x00, 0x00, 0x00, 0x44, 0x00, 0x00, 0x00, 0x55, 0x00, 0x00, 0x00,
    0x00, 0x00, 0x00, 0x00, 0x55, 0x00, 0x00, 0x00, 0x44, 0x00, 0x00, 0x00, 0x55, 0x00, 0x00, 0x00,
    0x00, 0x00, 0x00, 0x00, 0x55, 0x00, 0x00, 0x00, 0x44, 0x00, 0x00, 0x00, 0x55, 0x00, 0x00, 0x00,
    0x00, 0x00, 0x00, 0x00, 0x05, 0x50, 0x00, 0x00, 0x44, 0x00, 0x00, 0x05, 0x50, 0x00, 0x00, 0x00,
    0x00, 0x00, 0x00, 0x00, 0x05, 0x50, 0x00, 0x00, 0x44, 0x00, 0x00, 0x05, 0x50, 0x00, 0x00, 0x00,
    0x00, 0x00, 0x00, 0x00, 0x05, 0x50, 0x00, 0x00, 0x44, 0x00, 0x00, 0x05, 0x50, 0x00, 0x00, 0x00,
    0x00, 0x00, 0x00, 0x00, 0x05, 0x50, 0x00, 0x00, 0x44, 0x00, 0x00, 0x05, 0x50, 0x00, 0x00, 0x00,
    0x00, 0x00, 0x00, 0x00, 0x00, 0x55, 0x00, 0x00, 0x04, 0x40, 0x00, 0x55, 0x00, 0x00, 0x00, 0x00,
    0x00, 0x00, 0x00, 0x00, 0x00, 0x55, 0x00, 0x00, 0x04, 0x40, 0x00, 0x55, 0x00, 0x00, 0x00, 0x00,
    0x00, 0x00, 0x00, 0x00, 0x00, 0x55, 0x00, 0x00, 0x04, 0x40, 0x00, 0x55, 0x00, 0x00, 0x00, 0x00,
    0x00, 0x00, 0x00, 0x00, 0x00, 0x55, 0x00, 0x00, 0x04, 0x40, 0x00, 0x55, 0x00, 0x00, 0x00, 0x00,
    0x00, 0x00, 0x00, 0x00, 0x00, 0x05, 0x50, 0x00, 0x04, 0x40, 0x05, 0x50, 0x00, 0x00, 0x00, 0x00,
    0x00, 0x00, 0x00, 0x00, 0x00, 0x05, 0x50, 0x00, 0x04, 0x40, 0x05, 0x50, 0x00, 0x00, 0x00, 0x00,
    0x00, 0x00, 0x00, 0x00, 0x00, 0x05, 0x50, 0x00, 0x04, 0x40, 0x05, 0x50, 0x00, 0x00, 0x00, 0x00,
    0x00, 0x00, 0x00, 0x00, 0x00, 0x05, 0x50, 0x00, 0x04, 0x40, 0x05, 0x50, 0x00, 0x00, 0x00, 0x00,
    0x00, 0x00, 0x00, 0x00, 0x00, 0x00, 0x55, 0x00, 0x00, 0x44, 0x55, 0x00, 0x00, 0x00, 0x00, 0x00,
    0x00, 0x00, 0x00, 0x00, 0x00, 0x00, 0x55, 0x00, 0x00, 0x44, 0x55, 0x00, 0x00, 0x00, 0x00, 0x00,
    0x00, 0x00, 0x00, 0x00, 0x00, 0x00, 0x55, 0x00, 0x00, 0x44, 0x55, 0x00, 0x00, 0x00, 0x00, 0x00,
    0x00, 0x00, 0x00, 0x00, 0x00, 0x00, 0x00, 0x00, 0x00, 0x44, 0x00, 0x00, 0x00, 0x00, 0x00, 0x00,
    0x00, 0x00, 0x00, 0x00, 0x00, 0x00, 0x00, 0x00, 0x00, 0x00, 0x00, 0x00, 0x00, 0x00, 0x00, 0x00,
};
static const uint8_t pixels_chest[] = {
    0x00, 0x00, 0x00, 0x00, 0x00, 0x00, 0x00, 0x00, 0x00, 0x00, 0x00, 0x00, 0x00, 0x00, 0x00, 0x00,
    0x00, 0x00, 0x00, 0x00, 0x00, 0x00, 0x00, 0x00, 0x00, 0x00, 0x00, 0x00, 0x00, 0x00, 0x00, 0x00,
    0x00, 0x00, 0x00, 0x00, 0x00, 0x00, 0x00, 0x00, 0x00, 0x00, 0x00, 0x00, 0x00, 0x00, 0x00, 0x00,
    0x00, 0x00, 0x00, 0x00, 0x00, 0x00, 0x00, 0x00, 0x00, 0x00, 0x00, 0x00, 0x00, 0x00, 0x00, 0x00,
    0x00, 0x00, 0x00, 0x00, 0x00, 0x00, 0x00, 0x00, 0x00, 0x00, 0x00, 0x00, 0x00, 0x00, 0x00, 0x00,
    0x00, 0x00, 0x00, 0x00, 0x00, 0x00, 0x00, 0x00, 0x00, 0x00, 0x00, 0x00, 0x00, 0x00, 0x00, 0x00,
    0x00, 0x00, 0x00, 0x00, 0x00, 0x00, 0x00, 0x00, 0x00, 0x00, 0x00, 0x00, 0x00, 0x00, 0x00, 0x00,
    0x00, 0x00, 0x00, 0x00, 0x00, 0x00, 0x00, 0x00, 0x00, 0x00, 0x00, 0x00, 0x00, 0x00, 0x00, 0x00,
    0x00, 0x00, 0x00, 0x00, 0x00, 0x00, 0x00, 0x00, 0x00, 0x00, 0x00, 0x00, 0x00, 0x00, 0x00, 0x00,
    0x00, 0x00, 0x00, 0x00, 0x00, 0x00, 0x00, 0x00, 0x00, 0x00, 0x00, 0x00, 0x00, 0x00, 0x00, 0x00,
    0x00, 0x00, 0x00, 0x55, 0x55, 0x55, 0x55, 0x55, 0x55, 0x55, 0x55, 0x55, 0x55, 0x00, 0x00, 0x00,
    0x00, 0x00, 0x00, 0x55, 0x55, 0x55, 0x55, 0x55, 0x55, 0x55, 0x55, 0x55, 0x55, 0x00, 0x00, 0x00,
    0x00, 0x00, 0x44, 0x55, 0x55, 0x55, 0x55, 0x55, 0x55, 0x55, 0x55, 0x55, 0x55, 0x44, 0x00, 0x00,
    0x00, 0x00, 0x44, 0x55, 0x55, 0x55, 0x55, 0x55, 0x55, 0x55, 0x55, 0x55, 0x55, 0x44, 0x00, 0x00,
    0x00, 0x00, 0x44, 0x55, 0x55, 0x55, 0x55, 0x55, 0x55, 0x55, 0x55, 0x55, 0x55, 0x44, 0x00, 0x00,
    0x00, 0x00, 0x44, 0x44, 0x44, 0x44, 0x44, 0x44, 0x44, 0x44, 0x44, 0x44, 0x44, 0x44, 0x00, 0x00,
    0x00, 0x00, 0x44, 0x44, 0x44, 0x44, 0x44, 0x44, 0x44, 0x44, 0x44, 0x44, 0x44, 0x44, 0x00, 0x00,
    0x00, 0x01, 0x44, 0x44, 0x44, 0x44, 0x44, 0x66, 0x66, 0x44, 0x44, 0x44, 0x44, 0x44, 0x10, 0x00,
    0x00, 0x01, 0x15, 0x55, 0x55, 0x55, 0x55, 0x66, 0x66, 0x55, 0x55, 0x55, 0x55, 0x51, 0x10, 0x00,
    0x00, 0x01, 0x15, 0x55, 0x55, 0x55, 0x55, 0x66, 0x66, 0x55, 0x55, 0x55, 0x55, 0x51, 0x10, 0x00,
    0x00, 0x01, 0x15, 0x55, 0x55, 0x55, 0x55, 0x66, 0x66, 0x55, 0x55, 0x55, 0x55, 0x51, 0x10, 0x00,
    0x00, 0x01, 0x15, 0x55, 0x55, 0x55, 0x55, 0x66, 0x66, 0x55, 0x55, 0x55, 0x55, 0x51, 0x10, 0x00,
    0x00, 0x01, 0x15, 0x55, 0x55, 0x55, 0x55, 0x66, 0x66, 0x55, 0x55, 0x55, 0x55, 0x51, 0x10, 0x00,
    0x00, 0x01, 0x15, 0x55, 0x55, 0x55, 0x55, 0x66, 0x66, 0x55, 0x55, 0x55, 0x55, 0x51, 0x10, 0x00,
    0x00, 0x01, 0x15, 0x55, 0x55, 0x55, 0x55, 0x55, 0x55, 0x55, 0x55, 0x55, 0x55, 0x51, 0x10, 0x00,
    0x00, 0x01, 0x15, 0x55, 0x55, 0x55, 0x55, 0x55, 0x55, 0x55, 0x55, 0x55, 0x55, 0x51, 0x10, 0x00,
    0x00, 0x01, 0x15, 0x55, 0x55, 0x55, 0x55, 0x55, 0x55, 0x55, 0x55, 0x55, 0x55, 0x51, 0x10, 0x00,
    0x00, 0x01, 0x15, 0x55, 0x55, 0x55, 0x55, 0x55, 0x55, 0x55, 0x55, 0x55, 0x55, 0x51, 0x10, 0x00,
    0x00, 0x01, 0x11, 0x11, 0x11, 0x11, 0x11, 0x11, 0x11, 0x11, 0x11, 0x11, 0x11, 0x11, 0x10, 0x00,
    0x00, 0x00, 0x00, 0x00, 0x00, 0x00, 0x00, 0x00, 0x00, 0x00, 0x00, 0x00, 0x00, 0x00, 0x00, 0x00,
    0x00, 0x00, 0x00, 0x00, 0x00, 0x00, 0x00, 0x00, 0x00, 0x00, 0x00, 0x00, 0x00, 0x00, 0x00, 0x00,
    0x00, 0x00, 0x00, 0x00, 0x00, 0x00, 0x00, 0x00, 0x00, 0x00, 0x00, 0x00, 0x00, 0x00, 0x00, 0x00,
};
static const uint8_t pixels_shrine[] = {
    0x00, 0x00, 0x00, 0x00, 0x00, 0x00, 0x00, 0x00, 0x00, 0x00, 0x00, 0x00, 0x00, 0x00, 0x00, 0x00,
    0x00, 0x00, 0x00, 0x00, 0x00, 0x00, 0x00, 0x00, 0x00, 0x00, 0x00, 0x00, 0x00, 0x00, 0x00, 0x00,
    0x00, 0x00, 0x00, 0x00, 0x00, 0x00, 0x00, 0x00, 0x00, 0x00, 0x00, 0x00, 0x00, 0x00, 0x00, 0x00,
    0x00, 0x00, 0x00, 0x00, 0x00, 0x00, 0x00, 0x00, 0x00, 0x00, 0x00, 0x00, 0x00, 0x00, 0x00, 0x00,
    0x00, 0x00, 0x00, 0x00, 0x00, 0x00, 0x00, 0x00, 0x00, 0x00, 0x00, 0x00, 0x00, 0x00, 0x00, 0x00,
    0x00, 0x00, 0x00, 0x00, 0x00, 0x00, 0x00, 0x00, 0x00, 0x00, 0x00, 0x00, 0x00, 0x00, 0x00, 0x00,
    0x00, 0x00, 0x00, 0x00, 0x00, 0x00, 0x00, 0x00, 0x10, 0x00, 0x00, 0x00, 0x00, 0x00, 0x00, 0x00,
    0x00, 0x00, 0x00, 0x00, 0x00, 0x0f, 0xff, 0xf1, 0xc1, 0xff, 0xf0, 0x00, 0x00, 0x00, 0x00, 0x00,
    0x00, 0x00, 0x00, 0x00, 0x00, 0x0f, 0xff, 0x1c, 0xcc, 0x1f, 0xf0, 0x00, 0x00, 0x00, 0x00, 0x00,
    0x00, 0x00, 0x00, 0x00, 0x00, 0x0f, 0xf1, 0xcc, 0xcc, 0xc1, 0xf0, 0x00, 0x00, 0x00, 0x00, 0x00,
    0x00, 0x00, 0x00, 0x00, 0x00, 0x0f, 0xff, 0x1c, 0xcc, 0x1f, 0xf0, 0x00, 0x00, 0x00, 0x00, 0x00,
    0x00, 0x00, 0x00, 0x00, 0x04, 0x4f, 0xff, 0xf1, 0xc1, 0xff, 0xf4, 0x40, 0x00, 0x00, 0x00, 0x00,
    0x00, 0x00, 0x00, 0x00, 0x04, 0x4f, 0xff, 0xff, 0x1f, 0xff, 0xf4, 0x40, 0x00, 0x00, 0x00, 0x00,
    0x00, 0x00, 0x00, 0x00, 0x04, 0x4f, 0xff, 0xff, 0xff, 0xff, 0xf4, 0x40, 0x00, 0x00, 0x00, 0x00,
    0x00, 0x00, 0x00, 0x00, 0x04, 0x4f, 0xff, 0xff, 0xff, 0xff, 0xf4, 0x40, 0x00, 0x00, 0x00, 0x00,
    0x00, 0x00, 0x00, 0x00, 0x04, 0x4f, 0xff, 0xff, 0xff, 0xff, 0xf4, 0x40, 0x00, 0x00, 0x00, 0x00,
    0x00, 0x00, 0x00, 0x00, 0x04, 0x4f, 0xff, 0xff, 0xff, 0xff, 0xf4, 0x40, 0x00, 0x00, 0x00, 0x00,
    0x00, 0x00, 0x00, 0x00, 0x04, 0x4f, 0xff, 0xff, 0xff, 0xff, 0xf4, 0x40, 0x00, 0x00, 0x00, 0x00,
    0x00, 0x00, 0x00, 0x00, 0x04, 0x5f, 0xff, 0xff, 0xff, 0xff, 0xf4, 0x50, 0x00, 0x00, 0x00, 0x00,
    0x00, 0x00, 0x00, 0x00, 0x55, 0x4f, 0xff, 0xff, 0xff, 0xff, 0xf4, 0x45, 0x50, 0x00, 0x00, 0x00,
    0x00, 0x00, 0x00, 0x05, 0x04, 0x4f, 0xff, 0xff, 0xff, 0xff, 0xf4, 0x40, 0x05, 0x00, 0x00, 0x00,
    0x00, 0x00, 0x00, 0x50, 0x04, 0x4f, 0xff, 0xff, 0xff, 0xff, 0xf4, 0x40, 0x00, 0x50, 0x00, 0x00,
    0x00, 0x00, 0x55, 0x00, 0x04, 0x4f, 0xff, 0xff, 0xff, 0xff, 0xf4, 0x40, 0x00, 0x05, 0x50, 0x00,
    0x00, 0x05, 0x00, 0x00, 0x04, 0x4f, 0xff, 0xff, 0xff, 0xff, 0xf4, 0x40, 0x00, 0x00, 0x05, 0x00,
    0x00, 0x00, 0x00, 0x00, 0x04, 0x44, 0x44, 0x44, 0x44, 0x44, 0x44, 0x40, 0x00, 0x00, 0x00, 0x00,
    0x00, 0x00, 0x03, 0x33, 0x33, 0x33, 0x33, 0x33, 0x33, 0x33, 0x33, 0x33, 0x33, 0x30, 0x00, 0x00,
    0x00, 0x00, 0x03, 0x33, 0x33, 0x33, 0x33, 0x33, 0x33, 0x33, 0x33, 0x33, 0x33, 0x30, 0x00, 0x00,
    0x00, 0x00, 0x03, 0x33, 0x33, 0x33, 0x33, 0x33, 0x33, 0x33, 0x33, 0x33, 0x33, 0x30, 0x00, 0x00,
    0x00, 0x00, 0x03, 0x33, 0x33, 0x33, 0x33, 0x33, 0x33, 0x33, 0x33, 0x33, 0x33, 0x30, 0x00, 0x00,
    0x00, 0x00, 0x03, 0x33, 0x33, 0x33, 0x33, 0x33, 0x33, 0x33, 0x33, 0x33, 0x33, 0x30, 0x00, 0x00,
    0x00, 0x00, 0x00, 0x00, 0x00, 0x00, 0x00, 0x00, 0x00, 0x00, 0x00, 0x00, 0x00, 0x00, 0x00, 0x00,
    0x00, 0x00, 0x00, 0x00, 0x00, 0x00, 0x00, 0x00, 0x00, 0x00, 0x00, 0x00, 0x00, 0x00, 0x00, 0x00,
};
static const uint8_t pixels_gate[] = {
    0x00, 0x00, 0x00, 0x00, 0x00, 0x00, 0x00, 0x00, 0x00, 0x00, 0x00, 0x00, 0x00, 0x00, 0x00, 0x00,
    0x00, 0x00, 0x00, 0x00, 0x00, 0x05, 0x55, 0x55, 0x55, 0x55, 0x50, 0x00, 0x00, 0x00, 0x00, 0x00,
    0x00, 0x00, 0x00, 0x00, 0x00, 0x05, 0x55, 0x55, 0x55, 0x55, 0x50, 0x00, 0x00, 0x00, 0x00, 0x00,
    0x00, 0x00, 0x00, 0x00, 0x44, 0x45, 0x55, 0x55, 0x55, 0x55, 0x54, 0x44, 0x00, 0x00, 0x00, 0x00,
    0x00, 0x00, 0x00, 0x00, 0x44, 0x45, 0x55, 0x55, 0x55, 0x55, 0x54, 0x44, 0x00, 0x00, 0x00, 0x00,
    0x00, 0x00, 0x03, 0x33, 0x44, 0x44, 0x44, 0x44, 0x44, 0x44, 0x44, 0x44, 0x33, 0x30, 0x00, 0x00,
    0x00, 0x00, 0x03, 0x33, 0x44, 0x44, 0x44, 0x44, 0x44, 0x44, 0x44, 0x44, 0x33, 0x30, 0x00, 0x00,
    0x00, 0x00, 0x03, 0x33, 0x44, 0x44, 0x44, 0x44, 0x44, 0x44, 0x44, 0x44, 0x33, 0x30, 0x00, 0x00,
    0x00, 0x44, 0x43, 0x33, 0x33, 0x33, 0x33, 0x33, 0x33, 0x33, 0x33, 0x33, 0x33, 0x34, 0x44, 0x00,
    0x00, 0x44, 0x43, 0x33, 0x33, 0x33, 0x33, 0x33, 0x33, 0x33, 0x33, 0x33, 0x33, 0x34, 0x44, 0x00,
    0x00, 0x44, 0x43, 0x33, 0x11, 0x33, 0x31, 0x13, 0x33, 0x11, 0x33, 0x31, 0x13, 0x34, 0x44, 0x00,
    0x00, 0x44, 0x43, 0x33, 0x11, 0x33, 0x31, 0x13, 0x33, 0x11, 0x33, 0x31, 0x13, 0x34, 0x44, 0x00,
    0x00, 0x44, 0x43, 0x33, 0x11, 0x33, 0x31, 0x13, 0x33, 0x11, 0x33, 0x31, 0x13, 0x34, 0x44, 0x00,
    0x00, 0x44, 0x43, 0x33, 0x11, 0x33, 0x31, 0x13, 0x33, 0x11, 0x33, 0x31, 0x13, 0x34, 0x44, 0x00,
    0x00, 0x44, 0x43, 0x33, 0x11, 0x33, 0x31, 0x13, 0x33, 0x11, 0x33, 0x31, 0x13, 0x34, 0x44, 0x00,
    0x00, 0x44, 0x43, 0x33, 0x11, 0x33, 0x31, 0x13, 0x33, 0x11, 0x33, 0x31, 0x13, 0x34, 0x44, 0x00,
    0x00, 0x44, 0x43, 0x33, 0x11, 0x33, 0x31, 0x13, 0x33, 0x11, 0x33, 0x31, 0x13, 0x34, 0x44, 0x00,
    0x00, 0x44, 0x66, 0x63, 0x11, 0x33, 0x31, 0x13, 0x33, 0x11, 0x33, 0x31, 0x16, 0x66, 0x44, 0x00,
    0x00, 0x44, 0x66, 0x63, 0x11, 0x33, 0x31, 0x13, 0x33, 0x11, 0x33, 0x31, 0x16, 0x66, 0x44, 0x00,
    0x00, 0x44, 0x66, 0x63, 0x11, 0x33, 0x31, 0x13, 0x33, 0x11, 0x33, 0x31, 0x16, 0x66, 0x44, 0x00,
    0x00, 0x44, 0x43, 0x33, 0x11, 0x33, 0x31, 0x13, 0x33, 0x11, 0x33, 0x31, 0x13, 0x34, 0x44, 0x00,
    0x00, 0x44, 0x43, 0x33, 0x11, 0x33, 0x31, 0x13, 0x33, 0x11, 0x33, 0x31, 0x13, 0x34, 0x44, 0x00,
    0x00, 0x44, 0x43, 0x33, 0x11, 0x33, 0x31, 0x13, 0x33, 0x11, 0x33, 0x31, 0x13, 0x34, 0x44, 0x00,
    0x00, 0x44, 0x43, 0x33, 0x11, 0x33, 0x31, 0x13, 0x33, 0x11, 0x33, 0x31, 0x13, 0x34, 0x44, 0x00,
    0x00, 0x44, 0x43, 0x33, 0x11, 0x33, 0x31, 0x13, 0x33, 0x11, 0x33, 0x31, 0x13, 0x34, 0x44, 0x00,
    0x00, 0x44, 0x43, 0x33, 0x11, 0x33, 0x31, 0x13, 0x33, 0x11, 0x33, 0x31, 0x13, 0x34, 0x44, 0x00,
    0x00, 0x44, 0x43, 0x33, 0x11, 0x33, 0x31, 0x13, 0x33, 0x11, 0x33, 0x31, 0x13, 0x34, 0x44, 0x00,
    0x00, 0x44, 0x43, 0x33, 0x11, 0x33, 0x31, 0x13, 0x33, 0x11, 0x33, 0x31, 0x13, 0x34, 0x44, 0x00,
    0x00, 0x44, 0x43, 0x11, 0x11, 0x11, 0x11, 0x11, 0x11, 0x11, 0x11, 0x11, 0x11, 0x34, 0x44, 0x00,
    0x00, 0x44, 0x43, 0x11, 0x11, 0x11, 0x11, 0x11, 0x11, 0x11, 0x11, 0x11, 0x11, 0x34, 0x44, 0x00,
    0x00, 0x44, 0x43, 0x11, 0x11, 0x11, 0x11, 0x11, 0x11, 0x11, 0x11, 0x11, 0x11, 0x34, 0x44, 0x00,
    0x00, 0x44, 0x43, 0x33, 0x33, 0x33, 0x33, 0x33, 0x33, 0x33, 0x33, 0x33, 0x33, 0x34, 0x44, 0x00,
};
static const uint8_t pixels_skeleton_0[] = {
    0x00, 0x00, 0x00, 0x00, 0x00, 0x00, 0x00, 0x00, 0x00, 0x00, 0x00, 0x00, 0x00, 0x00, 0x00, 0x00,
    0x00, 0x00, 0x00, 0x00, 0x00, 0x00, 0x00, 0x00, 0x00, 0x00, 0x00, 0x00, 0x00, 0x00, 0x00, 0x00,
    0x00, 0x00, 0x00, 0x00, 0x00, 0x00, 0x00, 0x00, 0x00, 0x00, 0x00, 0x00, 0x00, 0x00, 0x00, 0x00,
    0x00, 0x00, 0x00, 0x00, 0x00, 0x00, 0x00, 0x00, 0x00, 0x00, 0x00, 0x00, 0x00, 0x00, 0x00, 0x00,
    0x00, 0x00, 0x00, 0x00, 0x00, 0x00, 0x06, 0x61, 0x66, 0x66, 0x00, 0x00, 0x00, 0x00, 0x00, 0x00,
    0x00, 0x00, 0x00, 0x00, 0x00, 0x00, 0x06, 0x19, 0x16, 0x66, 0x00, 0x00, 0x00, 0x00, 0x00, 0x00,
    0x00, 0x00, 0x00, 0x00, 0x00, 0x00, 0x01, 0x99, 0x91, 0x66, 0x00, 0x00, 0x00, 0x00, 0x00, 0x00,
    0x00, 0x00, 0x00, 0x00, 0x00, 0x00, 0x19, 0x99, 0x99, 0x16, 0x00, 0x00, 0x00, 0x00, 0x00, 0x00,
    0x00, 0x00, 0x00, 0x00, 0x00, 0x00, 0x01, 0x99, 0x91, 0x66, 0x00, 0x00, 0x00, 0x00, 0x00, 0x00,
    0x00, 0x00, 0x00, 0x00, 0x00, 0x00, 0x06, 0x19, 0x16, 0x66, 0x00, 0x00, 0x00, 0x00, 0x00, 0x00,
    0x00, 0x00, 0x00, 0x00, 0x00, 0x00, 0x06, 0x61, 0x66, 0x66, 0x00, 0x00, 0x00, 0x00, 0x00, 0x00,
    0x00, 0x00, 0x00, 0x00, 0x00, 0x03, 0x33, 0x33, 0x33, 0x33, 0x33, 0x00, 0x00, 0x00, 0x00, 0x00,
    0x00, 0x00, 0x00, 0x00, 0x00, 0x03, 0x33, 0x33, 0x33, 0x33, 0x33, 0x00, 0x00, 0x00, 0x00, 0x00,
    0x00, 0x00, 0x00, 0x00, 0x06, 0x66, 0x33, 0x33, 0x33, 0x33, 0x33, 0x00, 0x00, 0x00, 0x00, 0x00,
    0x00, 0x00, 0x00, 0x00, 0x06, 0x66, 0x33, 0x33, 0x33, 0x33, 0x33, 0x00, 0x00, 0x00, 0x00, 0x00,
    0x00, 0x00, 0x00, 0x00, 0x06, 0x66, 0x33, 0x33, 0x33, 0x33, 0x36, 0x00, 0x00, 0x00, 0x00, 0x00,
    0x00, 0x00, 0x00, 0x00, 0x06, 0x66, 0x33, 0x33, 0x33, 0x33, 0x66, 0x60, 0x00, 0x00, 0x00, 0x00,
    0x00, 0x00, 0x00, 0x00, 0x06, 0x66, 0x33, 0x33, 0x33, 0x33, 0x36, 0x60, 0x00, 0x00, 0x00, 0x00,
    0x00, 0x00, 0x00, 0x00, 0x66, 0x66, 0x33, 0x33, 0x33, 0x33, 0x36, 0x66, 0x00, 0x00, 0x00, 0x00,
    0x00, 0x00, 0x00, 0x06, 0x66, 0x66, 0x33, 0x33, 0x33, 0x33, 0x33, 0x66, 0x00, 0x00, 0x00, 0x00,
    0x00, 0x00, 0x00, 0x06, 0x66, 0x66, 0x33, 0x33, 0x33, 0x33, 0x33, 0x66, 0x60, 0x00, 0x00, 0x00,
    0x00, 0x00, 0x00, 0x66, 0x66, 0x66, 0x33, 0x33, 0x33, 0x33, 0x33, 0x06, 0x66, 0x00, 0x00, 0x00,
    0x00, 0x00, 0x06, 0x66, 0x06, 0x66, 0x33, 0x33, 0x33, 0x33, 0x33, 0x00, 0x66, 0x00, 0x00, 0x00,
    0x00, 0x00, 0x06, 0x60, 0x00, 0x00, 0x66, 0x60, 0x00, 0x66, 0x60, 0x00, 0x66, 0x60, 0x00, 0x00,
    0x00, 0x00, 0x66, 0x60, 0x00, 0x00, 0x66, 0x60, 0x00, 0x66, 0x60, 0x00, 0x06, 0x60, 0x00, 0x00,
    0x00, 0x00, 0x06, 0x00, 0x00, 0x00, 0x66, 0x60, 0x00, 0x66, 0x60, 0x00, 0x06, 0x66, 0x00, 0x00,
    0x00, 0x00, 0x00, 0x00, 0x00, 0x00, 0x66, 0x60, 0x00, 0x66, 0x60, 0x00, 0x00, 0x60, 0x00, 0x00,
    0x00, 0x00, 0x00, 0x00, 0x00, 0x00, 0x66, 0x60, 0x00, 0x66, 0x60, 0x00, 0x00, 0x00, 0x00, 0x00,
    0x00, 0x00, 0x00, 0x00, 0x00, 0x00, 0x66, 0x60, 0x00, 0x66, 0x60, 0x00, 0x00, 0x00, 0x00, 0x00,
    0x00, 0x00, 0x00, 0x00, 0x00, 0x00, 0x66, 0x60, 0x00, 0x66, 0x60, 0x00, 0x00, 0x00, 0x00, 0x00,
    0x00, 0x00, 0x00, 0x00, 0x00, 0x00, 0x00, 0x00, 0x00, 0x00, 0x00, 0x00, 0x00, 0x00, 0x00, 0x00,
    0x00, 0x00, 0x00, 0x00, 0x00, 0x00, 0x00, 0x00, 0x00, 0x00, 0x00, 0x00, 0x00, 0x00, 0x00, 0x00,
};
static const uint8_t pixels_skeleton_1[] = {
    0x00, 0x00, 0x00, 0x00, 0x00, 0x00, 0x00, 0x00, 0x00, 0x00, 0x00, 0x00, 0x00, 0x00, 0x00, 0x00,
    0x00, 0x00, 0x00, 0x00, 0x00, 0x00, 0x00, 0x00, 0x00, 0x00, 0x00, 0x00, 0x00, 0x00, 0x00, 0x00,
    0x00, 0x00, 0x00, 0x00, 0x00, 0x00, 0x00, 0x00, 0x00, 0x00, 0x00, 0x00, 0x00, 0x00, 0x00, 0x00,
    0x00, 0x00, 0x00, 0x00, 0x00, 0x00, 0x00, 0x00, 0x00, 0x00, 0x00, 0x00, 0x00, 0x00, 0x00, 0x00,
    0x00, 0x00, 0x00, 0x00, 0x00, 0x00, 0x00, 0x00, 0x00, 0x00, 0x00, 0x00, 0x00, 0x00, 0x00, 0x00,
    0x00, 0x00, 0x00, 0x00, 0x00, 0x00, 0x06, 0x61, 0x66, 0x66, 0x00, 0x00, 0x00, 0x00, 0x00, 0x00,
    0x00, 0x00, 0x00, 0x00, 0x00, 0x00, 0x06, 0x19, 0x16, 0x66, 0x00, 0x00, 0x00, 0x00, 0x00, 0x00,
    0x00, 0x00, 0x00, 0x00, 0x00, 0x00, 0x01, 0x99, 0x91, 0x66, 0x00, 0x00, 0x00, 0x00, 0x00, 0x00,
    0x00, 0x00, 0x00, 0x00, 0x00, 0x00, 0x19, 0x99, 0x99, 0x16, 0x00, 0x00, 0x00, 0x00, 0x00, 0x00,
    0x00, 0x00, 0x00, 0x00, 0x00, 0x00, 0x01, 0x99, 0x91, 0x66, 0x00, 0x00, 0x00, 0x00, 0x00, 0x00,
    0x00, 0x00, 0x00, 0x00, 0x00, 0x00, 0x06, 0x19, 0x16, 0x66, 0x00, 0x00, 0x00, 0x00, 0x00, 0x00,
    0x00, 0x00, 0x00, 0x00, 0x00, 0x00, 0x06, 0x61, 0x66, 0x66, 0x00, 0x00, 0x00, 0x00, 0x00, 0x00,
    0x00, 0x00, 0x00, 0x00, 0x00, 0x03, 0x33, 0x33, 0x33, 0x33, 0x33, 0x00, 0x00, 0x00, 0x00, 0x00,
    0x00, 0x00, 0x00, 0x00, 0x00, 0x03, 0x33, 0x33, 0x33, 0x33, 0x33, 0x00, 0x00, 0x00, 0x00, 0x00,
    0x00, 0x00, 0x00, 0x00, 0x06, 0x66, 0x33, 0x33, 0x33, 0x33, 0x33, 0x00, 0x00, 0x00, 0x00, 0x00,
    0x00, 0x00, 0x00, 0x00, 0x06, 0x66, 0x33, 0x33, 0x33, 0x33, 0x36, 0x00, 0x00, 0x00, 0x00, 0x00,
    0x00, 0x00, 0x00, 0x00, 0x06, 0x66, 0x33, 0x33, 0x33, 0x33, 0x66, 0x60, 0x00, 0x00, 0x00, 0x00,
    0x00, 0x00, 0x00, 0x00, 0x06, 0x66, 0x33, 0x33, 0x33, 0x33, 0x36, 0x60, 0x00, 0x00, 0x00, 0x00,
    0x00, 0x00, 0x00, 0x00, 0x66, 0x66, 0x33, 0x33, 0x33, 0x33, 0x36, 0x66, 0x00, 0x00, 0x00, 0x00,
    0x00, 0x00, 0x00, 0x06, 0x66, 0x66, 0x33, 0x33, 0x33, 0x33, 0x33, 0x66, 0x00, 0x00, 0x00, 0x00,
    0x00, 0x00, 0x00, 0x06, 0x66, 0x66, 0x33, 0x33, 0x33, 0x33, 0x33, 0x66, 0x60, 0x00, 0x00, 0x00,
    0x00, 0x00, 0x00, 0x66, 0x66, 0x66, 0x33, 0x33, 0x33, 0x33, 0x33, 0x06, 0x66, 0x00, 0x00, 0x00,
    0x00, 0x00, 0x06, 0x66, 0x06, 0x66, 0x33, 0x33, 0x33, 0x33, 0x33, 0x00, 0x66, 0x00, 0x00, 0x00,
    0x00, 0x00, 0x06, 0x60, 0x06, 0x66, 0x66, 0x63, 0x33, 0x66, 0x63, 0x00, 0x66, 0x60, 0x00, 0x00,
    0x00, 0x00, 0x66, 0x60, 0x00, 0x00, 0x66, 0x60, 0x00, 0x66, 0x60, 0x00, 0x06, 0x60, 0x00, 0x00,
    0x00, 0x00, 0x06, 0x00, 0x00, 0x00, 0x66, 0x60, 0x00, 0x66, 0x60, 0x00, 0x06, 0x66, 0x00, 0x00,
    0x00, 0x00, 0x00, 0x00, 0x00, 0x00, 0x66, 0x60, 0x00, 0x66, 0x60, 0x00, 0x00, 0x60, 0x00, 0x00,
    0x00, 0x00, 0x00, 0x00, 0x00, 0x00, 0x66, 0x60, 0x00, 0x66, 0x60, 0x00, 0x00, 0x00, 0x00, 0x00,
    0x00, 0x00, 0x00, 0x00, 0x00, 0x00, 0x66, 0x60, 0x00, 0x66, 0x60, 0x00, 0x00, 0x00, 0x00, 0x00,
    0x00, 0x00, 0x00, 0x00, 0x00, 0x00, 0x66, 0x60, 0x00, 0x66, 0x60, 0x00, 0x00, 0x00, 0x00, 0x00,
    0x00, 0x00, 0x00, 0x00, 0x00, 0x00, 0x00, 0x00, 0x00, 0x00, 0x00, 0x00, 0x00, 0x00, 0x00, 0x00,
    0x00, 0x00, 0x00, 0x00, 0x00, 0x00, 0x00, 0x00, 0x00, 0x00, 0x00, 0x00, 0x00, 0x00, 0x00, 0x00,
};
static const uint8_t pixels_skeleton_2[] = {
    0x00, 0x00, 0x00, 0x00, 0x00, 0x00, 0x00, 0x00, 0x00, 0x00, 0x00, 0x00, 0x00, 0x00, 0x00, 0x00,
    0x00, 0x00, 0x00, 0x00, 0x00, 0x00, 0x00, 0x00, 0x00, 0x00, 0x00, 0x00, 0x00, 0x00, 0x00, 0x00,
    0x00, 0x00, 0x00, 0x00, 0x00, 0x00, 0x00, 0x00, 0x00, 0x00, 0x00, 0x00, 0x00, 0x00, 0x00, 0x00,
    0x00, 0x00, 0x00, 0x00, 0x00, 0x00, 0x00, 0x00, 0x00, 0x00, 0x00, 0x00, 0x00, 0x00, 0x00, 0x00,
    0x00, 0x00, 0x00, 0x00, 0x00, 0x00, 0x06, 0x61, 0x66, 0x66, 0x00, 0x00, 0x00, 0x00, 0x00, 0x00,
    0x00, 0x00, 0x00, 0x00, 0x00, 0x00, 0x06, 0x19, 0x16, 0x66, 0x00, 0x00, 0x00, 0x00, 0x00, 0x00,
    0x00, 0x00, 0x00, 0x00, 0x00, 0x00, 0x01, 0x99, 0x91, 0x66, 0x00, 0x00, 0x00, 0x00, 0x00, 0x00,
    0x00, 0x00, 0x00, 0x00, 0x00, 0x00, 0x19, 0x99, 0x99, 0x16, 0x00, 0x00, 0x00, 0x00, 0x00, 0x00,
    0x00, 0x00, 0x00, 0x00, 0x00, 0x00, 0x01, 0x99, 0x91, 0x66, 0x00, 0x00, 0x00, 0x00, 0x00, 0x00,
    0x00, 0x00, 0x00, 0x00, 0x00, 0x00, 0x06, 0x19, 0x16, 0x66, 0x00, 0x00, 0x00, 0x00, 0x00, 0x00,
    0x00, 0x00, 0x00, 0x00, 0x00, 0x00, 0x06, 0x61, 0x66, 0x66, 0x00, 0x00, 0x00, 0x00, 0x00, 0x00,
    0x00, 0x00, 0x00, 0x00, 0x00, 0x03, 0x33, 0x33, 0x33, 0x33, 0x33, 0x00, 0x00, 0x00, 0x00, 0x00,
    0x00, 0x00, 0x00, 0x00, 0x00, 0x03, 0x33, 0x33, 0x33, 0x33, 0x33, 0x00, 0x00, 0x00, 0x00, 0x00,
    0x00, 0x00, 0x00, 0x00, 0x06, 0x66, 0x33, 0x33, 0x33, 0x33, 0x33, 0x00, 0x00, 0x00, 0x00, 0x00,
    0x00, 0x00, 0x00, 0x00, 0x06, 0x66, 0x33, 0x33, 0x33, 0x33, 0x33, 0x00, 0x00, 0x00, 0x00, 0x00,
    0x00, 0x00, 0x00, 0x00, 0x06, 0x66, 0x33, 0x33, 0x33, 0x33, 0x36, 0x00, 0x00, 0x00, 0x00, 0x00,
    0x00, 0x00, 0x00, 0x00, 0x06, 0x66, 0x33, 0x33, 0x33, 0x33, 0x66, 0x60, 0x00, 0x00, 0x00, 0x00,
    0x00, 0x00, 0x00, 0x00, 0x66, 0x66, 0x33, 0x33, 0x33, 0x33, 0x36, 0x60, 0x00, 0x00, 0x00, 0x00,
    0x00, 0x00, 0x00, 0x00, 0x66, 0x66, 0x33, 0x33, 0x33, 0x33, 0x36, 0x66, 0x00, 0x00, 0x00, 0x00,
    0x00, 0x00, 0x00, 0x06, 0x66, 0x66, 0x33, 0x33, 0x33, 0x33, 0x33, 0x66, 0x60, 0x00, 0x00, 0x00,
    0x00, 0x00, 0x00, 0x66, 0x66, 0x66, 0x33, 0x33, 0x33, 0x33, 0x33, 0x06, 0x60, 0x00, 0x00, 0x00,
    0x00, 0x00, 0x06, 0x66, 0x06, 0x66, 0x33, 0x33, 0x33, 0x33, 0x33, 0x00, 0x66, 0x00, 0x00, 0x00,
    0x00, 0x00, 0x06, 0x60, 0x06, 0x66, 0x33, 0x33, 0x33, 0x33, 0x33, 0x00, 0x66, 0x60, 0x00, 0x00,
    0x00, 0x00, 0x66, 0x60, 0x00, 0x00, 0x66, 0x60, 0x00, 0x66, 0x60, 0x00, 0x06, 0x66, 0x00, 0x00,
    0x00, 0x06, 0x66, 0x00, 0x00, 0x00, 0x66, 0x60, 0x00, 0x66, 0x60, 0x00, 0x00, 0x66, 0x00, 0x00,
    0x00, 0x00, 0x60, 0x00, 0x00, 0x00, 0x66, 0x60, 0x00, 0x66, 0x60, 0x00, 0x00, 0x66, 0x60, 0x00,
    0x00, 0x00, 0x00, 0x00, 0x00, 0x00, 0x66, 0x60, 0x00, 0x66, 0x60, 0x00, 0x00, 0x06, 0x00, 0x00,
    0x00, 0x00, 0x00, 0x00, 0x00, 0x00, 0x66, 0x60, 0x00, 0x66, 0x60, 0x00, 0x00, 0x00, 0x00, 0x00,
    0x00, 0x00, 0x00, 0x00, 0x00, 0x00, 0x66, 0x60, 0x00, 0x66, 0x60, 0x00, 0x00, 0x00, 0x00, 0x00,
    0x00, 0x00, 0x00, 0x00, 0x00, 0x00, 0x66, 0x60, 0x00, 0x66, 0x60, 0x00, 0x00, 0x00, 0x00, 0x00,
    0x00, 0x00, 0x00, 0x00, 0x00, 0x00, 0x00, 0x00, 0x00, 0x00, 0x00, 0x00, 0x00, 0x00, 0x00, 0x00,
    0x00, 0x00, 0x00, 0x00, 0x00, 0x00, 0x00, 0x00, 0x00, 0x00, 0x00, 0x00, 0x00, 0x00, 0x00, 0x00,
};
static const uint8_t pixels_skeleton_3[] = {
    0x00, 0x00, 0x00, 0x00, 0x00, 0x00, 0x00, 0x00, 0x00, 0x00, 0x00, 0x00, 0x00, 0x00, 0x00, 0x00,
    0x00, 0x00, 0x00, 0x00, 0x00, 0x00, 0x00, 0x00, 0x00, 0x00, 0x00, 0x00, 0x00, 0x00, 0x00, 0x00,
    0x00, 0x00, 0x00, 0x00, 0x00, 0x00, 0x00, 0x00, 0x00, 0x00, 0x00, 0x00, 0x00, 0x00, 0x00, 0x00,
    0x00, 0x00, 0x00, 0x00, 0x00, 0x00, 0x00, 0x00, 0x00, 0x00, 0x00, 0x00, 0x00, 0x00, 0x00, 0x00,
    0x00, 0x00, 0x00, 0x00, 0x00, 0x0d, 0x06, 0x61, 0x66, 0x66, 0x00, 0x00, 0x00, 0x00, 0x00, 0x00,
    0x00, 0x00, 0x00, 0x00, 0x00, 0x0d, 0x06, 0x19, 0x16, 0x66, 0x00, 0x00, 0x00, 0x00, 0x00, 0x00,
    0x00, 0x00, 0x00, 0x00, 0x00, 0x00, 0xd1, 0x99, 0x91, 0x66, 0x00, 0x00, 0x00, 0x00, 0x00, 0x00,
    0x00, 0x00, 0x00, 0x00, 0x00, 0x00, 0xd9, 0x99, 0x99, 0x16, 0x00, 0x00, 0x00, 0x00, 0x00, 0x00,
    0x00, 0x00, 0x00, 0x00, 0x00, 0x00, 0x0d, 0x99, 0x91, 0x66, 0x00, 0x00, 0x00, 0x00, 0x00, 0x00,
    0x00, 0x00, 0x00, 0x00, 0x00, 0x00, 0x0d, 0x19, 0x16, 0x66, 0x00, 0x00, 0x00, 0x00, 0x00, 0x00,
    0x00, 0x00, 0x00, 0x00, 0x00, 0x00, 0x06, 0xd1, 0x66, 0x66, 0x00, 0x00, 0x00, 0x00, 0x00, 0x00,
    0x00, 0x00, 0x00, 0x00, 0x00, 0x03, 0x33, 0xd3, 0x33, 0x33, 0x33, 0x00, 0x00, 0x00, 0x00, 0x00,
    0x00, 0x00, 0x00, 0x00, 0x00, 0x03, 0x33, 0x3d, 0x33, 0x33, 0x33, 0x00, 0x00, 0x00, 0x00, 0x00,
    0x00, 0x00, 0x00, 0x00, 0x06, 0x66, 0x33, 0x3d, 0x33, 0x33, 0x33, 0x00, 0x00, 0x00, 0x00, 0x00,
    0x00, 0x00, 0x00, 0x00, 0x06, 0x66, 0x33, 0x3d, 0x33, 0x33, 0x33, 0x00, 0x00, 0x00, 0x00, 0x00,
    0x00, 0x00, 0x00, 0x00, 0x06, 0x66, 0x33, 0x33, 0xd3, 0x33, 0x36, 0x00, 0x00, 0x00, 0x00, 0x00,
    0x00, 0x00, 0x00, 0x00, 0x06, 0x66, 0x33, 0x33, 0xd3, 0x33, 0x66, 0x60, 0x00, 0x00, 0x00, 0x00,
    0x00, 0x00, 0x00, 0x00, 0x06, 0x66, 0x33, 0x33, 0x3d, 0x33, 0x36, 0x60, 0x00, 0x00, 0x00, 0x00,
    0x00, 0x00, 0x00, 0x00, 0x66, 0x66, 0x33, 0x33, 0x3d, 0x33, 0x36, 0x66, 0x00, 0x00, 0x00, 0x00,
    0x00, 0x00, 0x00, 0x06, 0x66, 0x66, 0x33, 0x33, 0x33, 0xd3, 0x33, 0x66, 0x00, 0x00, 0x00, 0x00,
    0x00, 0x00, 0x00, 0x06, 0x66, 0x66, 0x33, 0x33, 0x33, 0xd3, 0x33, 0x66, 0x60, 0x00, 0x00, 0x00,
    0x00, 0x00, 0x00, 0x66, 0x66, 0x66, 0x33, 0x33, 0x33, 0xd3, 0x33, 0x06, 0x66, 0x00, 0x00, 0x00,
    0x00, 0x00, 0x06, 0x66, 0x06, 0x66, 0x33, 0x33, 0x33, 0x3d, 0x33, 0x00, 0x66, 0x00, 0x00, 0x00,
    0x00, 0x00, 0x06, 0x60, 0x00, 0x00, 0x66, 0x60, 0x00, 0x6d, 0x60, 0x00, 0x66, 0x60, 0x00, 0x00,
    0x00, 0x00, 0x66, 0x60, 0x00, 0x00, 0x66, 0x60, 0x00, 0x66, 0xd0, 0x00, 0x06, 0x60, 0x00, 0x00,
    0x00, 0x00, 0x06, 0x00, 0x00, 0x00, 0x66, 0x60, 0x00, 0x66, 0xd0, 0x00, 0x06, 0x66, 0x00, 0x00,
    0x00, 0x00, 0x00, 0x00, 0x00, 0x00, 0x66, 0x60, 0x00, 0x66, 0x6d, 0x00, 0x00, 0x60, 0x00, 0x00,
    0x00, 0x00, 0x00, 0x00, 0x00, 0x00, 0x66, 0x60, 0x00, 0x66, 0x6d, 0x00, 0x00, 0x00, 0x00, 0x00,
    0x00, 0x00, 0x09, 0x99, 0x99, 0x99, 0x99, 0x99, 0x99, 0x99, 0x99, 0xd9, 0x99, 0x99, 0x00, 0x00,
    0x00, 0x00, 0x09, 0x99, 0x99, 0x99, 0x99, 0x99, 0x99, 0x99, 0x99, 0xd9, 0x99, 0x99, 0x00, 0x00,
    0x00, 0x00, 0x00, 0x00, 0x00, 0x00, 0x00, 0x00, 0x00, 0x00, 0x00, 0x00, 0x00, 0x00, 0x00, 0x00,
    0x00, 0x00, 0x00, 0x00, 0x00, 0x00, 0x00, 0x00, 0x00, 0x00, 0x00, 0x00, 0x00, 0x00, 0x00, 0x00,
};
static const uint8_t pixels_slime_0[] = {
    0x00, 0x00, 0x00, 0x00, 0x00, 0x00, 0x00, 0x00, 0x00, 0x00, 0x00, 0x00, 0x00, 0x00, 0x00, 0x00,
    0x00, 0x00, 0x00, 0x00, 0x00, 0x00, 0x00, 0x00, 0x00, 0x00, 0x00, 0x00, 0x00, 0x00, 0x00, 0x00,
    0x00, 0x00, 0x00, 0x00, 0x00, 0x00, 0x00, 0x00, 0x00, 0x00, 0x00, 0x00, 0x00, 0x00, 0x00, 0x00,
    0x00, 0x00, 0x00, 0x00, 0x00, 0x00, 0x00, 0x00, 0x00, 0x00, 0x00, 0x00, 0x00, 0x00, 0x00, 0x00,
    0x00, 0x00, 0x00, 0x00, 0x00, 0x00, 0x00, 0x00, 0x00, 0x00, 0x00, 0x00, 0x00, 0x00, 0x00, 0x00,
    0x00, 0x00, 0x00, 0x00, 0x00, 0x00, 0x00, 0x00, 0x00, 0x00, 0x00, 0x00, 0x00, 0x00, 0x00, 0x00,
    0x00, 0x00, 0x00, 0x00, 0x00, 0x00, 0x00, 0x00, 0x00, 0x00, 0x00, 0x00, 0x00, 0x00, 0x00, 0x00,
    0x00, 0x00, 0x00, 0x00, 0x00, 0x00, 0x00, 0xaa, 0xaa, 0xa0, 0x00, 0x00, 0x00, 0x00, 0x00, 0x00,
    0x00, 0x00, 0x00, 0x00, 0x00, 0x00, 0xaa, 0xaa, 0xaa, 0xaa, 0xa0, 0x00, 0x00, 0x00, 0x00, 0x00,
    0x00, 0x00, 0x00, 0x00, 0x00, 0x0a, 0xaa, 0xaa, 0xaa, 0xaa, 0xaa, 0x00, 0x00, 0x00, 0x00, 0x00,
    0x00, 0x00, 0x00, 0x00, 0x00, 0xaa, 0xaa, 0xaa, 0xaa, 0xaa, 0xaa, 0xa0, 0x00, 0x00, 0x00, 0x00,
    0x00, 0x00, 0x00, 0x00, 0x0a, 0xaa, 0xaa, 0xaa, 0xaa, 0xaa, 0xaa, 0xaa, 0x00, 0x00, 0x00, 0x00,
    0x00, 0x00, 0x00, 0x00, 0x0a, 0xaa, 0xaa, 0xaa, 0xaa, 0xaa, 0xaa, 0xaa, 0x00, 0x00, 0x00, 0x00,
    0x00, 0x00, 0x00, 0x00, 0xaa, 0xaa, 0xaa, 0xaa, 0xaa, 0xaa, 0xaa, 0xaa, 0xa0, 0x00, 0x00, 0x00,
    0x00, 0x00, 0x00, 0x00, 0xaa, 0xaa, 0xaa, 0xaa, 0xaa, 0xaa, 0xaa, 0xaa, 0xa0, 0x00, 0x00, 0x00,
    0x00, 0x00, 0x00, 0x01, 0xaa, 0xaa, 0xdd, 0xda, 0xaa, 0xad, 0xdd, 0xaa, 0xa1, 0x00, 0x00, 0x00,
    0x00, 0x00, 0x00, 0x1b, 0xaa, 0xaa, 0xdd, 0xda, 0xaa, 0xad, 0xdd, 0xaa, 0xab, 0x10, 0x00, 0x00,
    0x00, 0x00, 0x00, 0x1b, 0xaa, 0xaa, 0xdd, 0xda, 0xaa, 0xad, 0xdd, 0xaa, 0xab, 0x10, 0x00, 0x00,
    0x00, 0x00, 0x01, 0xbb, 0xaa, 0xaa, 0xaa, 0xaa, 0xaa, 0xaa, 0xaa, 0xaa, 0xab, 0xb1, 0x00, 0x00,
    0x00, 0x00, 0x01, 0xbb, 0xba, 0xaa, 0xaa, 0xaa, 0xaa, 0xaa, 0xaa, 0xaa, 0xbb, 0xb1, 0x00, 0x00,
    0x00, 0x00, 0x01, 0xbb, 0xba, 0xaa, 0xaa, 0xaa, 0xaa, 0xaa, 0xaa, 0xaa, 0xbb, 0xb1, 0x00, 0x00,
    0x00, 0x00, 0x01, 0xbb, 0xbb, 0xaa, 0xaa, 0xaa, 0xaa, 0xaa, 0xaa, 0xab, 0xbb, 0xb1, 0x00, 0x00,
    0x00, 0x00, 0x01, 0xbb, 0xbb, 0xba, 0xa9, 0x99, 0x99, 0x99, 0xaa, 0xbb, 0xbb, 0xb1, 0x00, 0x00,
    0x00, 0x00, 0x00, 0x1b, 0xbb, 0xbb, 0xa9, 0x99, 0x99, 0x99, 0xab, 0xbb, 0xbb, 0x10, 0x00, 0x00,
    0x00, 0x00, 0x00, 0x1b, 0xbb, 0xbb, 0xbb, 0xaa, 0xaa, 0xab, 0xbb, 0xbb, 0xbb, 0x10, 0x00, 0x00,
    0x00, 0x00, 0x00, 0x01, 0x1b, 0xbb, 0xbb, 0xbb, 0xbb, 0xbb, 0xbb, 0xbb, 0x11, 0x00, 0x00, 0x00,
    0x00, 0x00, 0x00, 0x00, 0x01, 0xbb, 0xbb, 0xbb, 0xbb, 0xbb, 0xbb, 0xb1, 0x00, 0x00, 0x00, 0x00,
    0x00, 0x00, 0x00, 0x00, 0x00, 0x11, 0x1b, 0xbb, 0xbb, 0xbb, 0x11, 0x10, 0x00, 0x00, 0x00, 0x00,
    0x00, 0x00, 0x00, 0x00, 0x00, 0x00, 0x01, 0x11, 0x11, 0x11, 0x00, 0x00, 0x00, 0x00, 0x00, 0x00,
    0x00, 0x00, 0x00, 0x00, 0x00, 0x00, 0x00, 0x00, 0x00, 0x00, 0x00, 0x00, 0x00, 0x00, 0x00, 0x00,
    0x00, 0x00, 0x00, 0x00, 0x00, 0x00, 0x00, 0x00, 0x00, 0x00, 0x00, 0x00, 0x00, 0x00, 0x00, 0x00,
    0x00, 0x00, 0x00, 0x00, 0x00, 0x00, 0x00, 0x00, 0x00, 0x00, 0x00, 0x00, 0x00, 0x00, 0x00, 0x00,
};
static const uint8_t pixels_slime_1[] = {
    0x00, 0x00, 0x00, 0x00, 0x00, 0x00, 0x00, 0x00, 0x00, 0x00, 0x00, 0x00, 0x00, 0x00, 0x00, 0x00,
    0x00, 0x00, 0x00, 0x00, 0x00, 0x00, 0x00, 0x00, 0x00, 0x00, 0x00, 0x00, 0x00, 0x00, 0x00, 0x00,
    0x00, 0x00, 0x00, 0x00, 0x00, 0x00, 0x00, 0x00, 0x00, 0x00, 0x00, 0x00, 0x00, 0x00, 0x00, 0x00,
    0x00, 0x00, 0x00, 0x00, 0x00, 0x00, 0x00, 0x00, 0x00, 0x00, 0x00, 0x00, 0x00, 0x00, 0x00, 0x00,
    0x00, 0x00, 0x00, 0x00, 0x00, 0x00, 0x00, 0x00, 0x00, 0x00, 0x00, 0x00, 0x00, 0x00, 0x00, 0x00,
    0x00, 0x00, 0x00, 0x00, 0x00, 0x00, 0x00, 0x00, 0x00, 0x00, 0x00, 0x00, 0x00, 0x00, 0x00, 0x00,
    0x00, 0x00, 0x00, 0x00, 0x00, 0x00, 0x00, 0x00, 0x00, 0x00, 0x00, 0x00, 0x00, 0x00, 0x00, 0x00,
    0x00, 0x00, 0x00, 0x00, 0x00, 0x00, 0x00, 0x00, 0x00, 0x00, 0x00, 0x00, 0x00, 0x00, 0x00, 0x00,
    0x00, 0x00, 0x00, 0x00, 0x00, 0x00, 0x00, 0xaa, 0xaa, 0xa0, 0x00, 0x00, 0x00, 0x00, 0x00, 0x00,
    0x00, 0x00, 0x00, 0x00, 0x00, 0x00, 0xaa, 0xaa, 0xaa, 0xaa, 0xa0, 0x00, 0x00, 0x00, 0x00, 0x00,
    0x00, 0x00, 0x00, 0x00, 0x00, 0x0a, 0xaa, 0xaa, 0xaa, 0xaa, 0xaa, 0x00, 0x00, 0x00, 0x00, 0x00,
    0x00, 0x00, 0x00, 0x00, 0x00, 0xaa, 0xaa, 0xaa, 0xaa, 0xaa, 0xaa, 0xa0, 0x00, 0x00, 0x00, 0x00,
    0x00, 0x00, 0x00, 0x00, 0x0a, 0xaa, 0xaa, 0xaa, 0xaa, 0xaa, 0xaa, 0xaa, 0x00, 0x00, 0x00, 0x00,
    0x00, 0x00, 0x00, 0x00, 0x0a, 0xaa, 0xaa, 0xaa, 0xaa, 0xaa, 0xaa, 0xaa, 0x00, 0x00, 0x00, 0x00,
    0x00, 0x00, 0x00, 0x00, 0xaa, 0xaa, 0xaa, 0xaa, 0xaa, 0xaa, 0xaa, 0xaa, 0xa0, 0x00, 0x00, 0x00,
    0x00, 0x00, 0x00, 0x00, 0xaa, 0xaa, 0xaa, 0xaa, 0xaa, 0xaa, 0xaa, 0xaa, 0xa0, 0x00, 0x00, 0x00,
    0x00, 0x00, 0x00, 0x01, 0xaa, 0xaa, 0xdd, 0xda, 0xaa, 0xad, 0xdd, 0xaa, 0xa1, 0x00, 0x00, 0x00,
    0x00, 0x00, 0x00, 0x1b, 0xaa, 0xaa, 0xdd, 0xda, 0xaa, 0xad, 0xdd, 0xaa, 0xab, 0x10, 0x00, 0x00,
    0x00, 0x00, 0x00, 0x1b, 0xaa, 0xaa, 0xdd, 0xda, 0xaa, 0xad, 0xdd, 0xaa, 0xab, 0x10, 0x00, 0x00,
    0x00, 0x00, 0x01, 0xbb, 0xaa, 0xaa, 0xaa, 0xaa, 0xaa, 0xaa, 0xaa, 0xaa, 0xab, 0xb1, 0x00, 0x00,
    0x00, 0x00, 0x01, 0xbb, 0xba, 0xaa, 0xaa, 0xaa, 0xaa, 0xaa, 0xaa, 0xaa, 0xbb, 0xb1, 0x00, 0x00,
    0x00, 0x00, 0x01, 0xbb, 0xba, 0xaa, 0xaa, 0xaa, 0xaa, 0xaa, 0xaa, 0xaa, 0xbb, 0xb1, 0x00, 0x00,
    0x00, 0x00, 0x01, 0xbb, 0xbb, 0xaa, 0xaa, 0xaa, 0xaa, 0xaa, 0xaa, 0xab, 0xbb, 0xb1, 0x00, 0x00,
    0x00, 0x00, 0x01, 0xbb, 0xbb, 0xba, 0xa9, 0x99, 0x99, 0x99, 0xaa, 0xbb, 0xbb, 0xb1, 0x00, 0x00,
    0x00, 0x00, 0x00, 0x1b, 0xbb, 0xbb, 0xa9, 0x99, 0x99, 0x99, 0xab, 0xbb, 0xbb, 0x10, 0x00, 0x00,
    0x00, 0x00, 0x00, 0x1b, 0xbb, 0xbb, 0xbb, 0xaa, 0xaa, 0xab, 0xbb, 0xbb, 0xbb, 0x10, 0x00, 0x00,
    0x00, 0x00, 0x00, 0x01, 0x1b, 0xbb, 0xbb, 0xbb, 0xbb, 0xbb, 0xbb, 0xbb, 0x11, 0x00, 0x00, 0x00,
    0x00, 0x00, 0x00, 0x00, 0x01, 0xbb, 0xbb, 0xbb, 0xbb, 0xbb, 0xbb, 0xb1, 0x00, 0x00, 0x00, 0x00,
    0x00, 0x00, 0x00, 0x00, 0x00, 0x11, 0x1b, 0xbb, 0xbb, 0xbb, 0x11, 0x10, 0x00, 0x00, 0x00, 0x00,
    0x00, 0x00, 0x00, 0x00, 0x00, 0x00, 0x01, 0x11, 0x11, 0x11, 0x00, 0x00, 0x00, 0x00, 0x00, 0x00,
    0x00, 0x00, 0x00, 0x00, 0x00, 0x00, 0x00, 0x00, 0x00, 0x00, 0x00, 0x00, 0x00, 0x00, 0x00, 0x00,
    0x00, 0x00, 0x00, 0x00, 0x00, 0x00, 0x00, 0x00, 0x00, 0x00, 0x00, 0x00, 0x00, 0x00, 0x00, 0x00,
};
static const uint8_t pixels_slime_2[] = {
    0x00, 0x00, 0x00, 0x00, 0x00, 0x00, 0x00, 0x00, 0x00, 0x00, 0x00, 0x00, 0x00, 0x00, 0x00, 0x00,
    0x00, 0x00, 0x00, 0x00, 0x00, 0x00, 0x00, 0x00, 0x00, 0x00, 0x00, 0x00, 0x00, 0x00, 0x00, 0x00,
    0x00, 0x00, 0x00, 0x00, 0x00, 0x00, 0x00, 0x00, 0x00, 0x00, 0x00, 0x00, 0x00, 0x00, 0x00, 0x00,
    0x00, 0x00, 0x00, 0x00, 0x00, 0x00, 0x00, 0x00, 0x00, 0x00, 0x00, 0x00, 0x00, 0x00, 0x00, 0x00,
    0x00, 0x00, 0x00, 0x00, 0x00, 0x00, 0x00, 0x00, 0x00, 0x00, 0x00, 0x00, 0x00, 0x00, 0x00, 0x00,
    0x00, 0x00, 0x00, 0x00, 0x00, 0x00, 0x00, 0x00, 0x00, 0x00, 0x00, 0x00, 0x00, 0x00, 0x00, 0x00,
    0x00, 0x00, 0x00, 0x00, 0x00, 0x00, 0x00, 0x00, 0x00, 0x00, 0x00, 0x00, 0x00, 0x00, 0x00, 0x00,
    0x00, 0x00, 0x00, 0x00, 0x00, 0x00, 0x00, 0xaa, 0xaa, 0xa0, 0x00, 0x00, 0x00, 0x00, 0x00, 0x00,
    0x00, 0x00, 0x00, 0x00, 0x00, 0x00, 0xaa, 0xaa, 0xaa, 0xaa, 0xa0, 0x00, 0x00, 0x00, 0x00, 0x00,
    0x00, 0x00, 0x00, 0x00, 0x00, 0x0a, 0xaa, 0xaa, 0xaa, 0xaa, 0xaa, 0x00, 0x00, 0x00, 0x00, 0x00,
    0x00, 0x00, 0x00, 0x00, 0x00, 0xaa, 0xaa, 0xaa, 0xaa, 0xaa, 0xaa, 0xa0, 0x00, 0x00, 0x00, 0x00,
    0x00, 0x00, 0x00, 0x00, 0x0a, 0xaa, 0xaa, 0xaa, 0xaa, 0xaa, 0xaa, 0xaa, 0x00, 0x00, 0x00, 0x00,
    0x00, 0x00, 0x00, 0x00, 0x0a, 0xaa, 0xaa, 0xaa, 0xaa, 0xaa, 0xaa, 0xaa, 0x00, 0x00, 0x00, 0x00,
    0x00, 0x00, 0x00, 0x00, 0xaa, 0xaa, 0xaa, 0xaa, 0xaa, 0xaa, 0xaa, 0xaa, 0xa0, 0x00, 0x00, 0x00,
    0x00, 0x00, 0x00, 0x00, 0xaa, 0xaa, 0xaa, 0xaa, 0xaa, 0xaa, 0xaa, 0xaa, 0xa0, 0x00, 0x00, 0x00,
    0x00, 0x00, 0x00, 0x01, 0xaa, 0xaa, 0xdd, 0xda, 0xaa, 0xad, 0xdd, 0xaa, 0xa1, 0x00, 0x00, 0x00,
    0x00, 0x00, 0x00, 0x1b, 0xaa, 0xaa, 0xdd, 0xda, 0xaa, 0xad, 0xdd, 0xaa, 0xab, 0x10, 0x00, 0x00,
    0x00, 0x00, 0x00, 0x1b, 0xaa, 0xaa, 0xdd, 0xda, 0xaa, 0xad, 0xdd, 0xaa, 0xab, 0x10, 0x00, 0x00,
    0x00, 0x00, 0x01, 0xbb, 0xaa, 0xaa, 0xaa, 0xaa, 0xaa, 0xaa, 0xaa, 0xaa, 0xab, 0xb1, 0x00, 0x00,
    0x00, 0x00, 0x01, 0xbb, 0xba, 0xaa, 0xaa, 0xaa, 0xaa, 0xaa, 0xaa, 0xaa, 0xbb, 0xb1, 0x00, 0x00,
    0x00, 0x00, 0x01, 0xbb, 0xba, 0xaa, 0xaa, 0xaa, 0xaa, 0xaa, 0xaa, 0xaa, 0xbb, 0xb1, 0x00, 0x00,
    0x00, 0x00, 0x01, 0xbb, 0xbb, 0xaa, 0xaa, 0xaa, 0xaa, 0xaa, 0xaa, 0xab, 0xbb, 0xb1, 0x00, 0x00,
    0x00, 0x00, 0x01, 0xbb, 0xbb, 0xba, 0xa9, 0x99, 0x99, 0x99, 0xaa, 0xbb, 0xbb, 0xb1, 0x00, 0x00,
    0x00, 0x00, 0x00, 0x1b, 0xbb, 0xbb, 0xa9, 0x99, 0x99, 0x99, 0xab, 0xbb, 0xbb, 0x10, 0x00, 0x00,
    0x00, 0x00, 0x00, 0x1b, 0xbb, 0xbb, 0xbb, 0xaa, 0xaa, 0xab, 0xbb, 0xbb, 0xbb, 0x10, 0x00, 0x00,
    0x00, 0x00, 0x00, 0x01, 0x1b, 0xbb, 0xbb, 0xbb, 0xbb, 0xbb, 0xbb, 0xbb, 0x11, 0x00, 0x00, 0x00,
    0x00, 0x00, 0x00, 0x00, 0x01, 0xbb, 0xbb, 0xbb, 0xbb, 0xbb, 0xbb, 0xb1, 0x00, 0x00, 0x00, 0x00,
    0x00, 0x00, 0x00, 0x00, 0x00, 0x11, 0x1b, 0xbb, 0xbb, 0xbb, 0x11, 0x10, 0x00, 0x00, 0x00, 0x00,
    0x00, 0x00, 0x00, 0x00, 0x00, 0x00, 0x01, 0x11, 0x11, 0x11, 0x00, 0x00, 0x00, 0x00, 0x00, 0x00,
    0x00, 0x00, 0x00, 0x00, 0x00, 0x00, 0x00, 0x00, 0x00, 0x00, 0x00, 0x00, 0x00, 0x00, 0x00, 0x00,
    0x00, 0x00, 0x00, 0x00, 0x00, 0x00, 0x00, 0x00, 0x00, 0x00, 0x00, 0x00, 0x00, 0x00, 0x00, 0x00,
    0x00, 0x00, 0x00, 0x00, 0x00, 0x00, 0x00, 0x00, 0x00, 0x00, 0x00, 0x00, 0x00, 0x00, 0x00, 0x00,
};
static const uint8_t pixels_slime_3[] = {
    0x00, 0x00, 0x00, 0x00, 0x00, 0x00, 0x00, 0x00, 0x00, 0x00, 0x00, 0x00, 0x00, 0x00, 0x00, 0x00,
    0x00, 0x00, 0x00, 0x00, 0x00, 0x00, 0x00, 0x00, 0x00, 0x00, 0x00, 0x00, 0x00, 0x00, 0x00, 0x00,
    0x00, 0x00, 0x00, 0x00, 0x00, 0x00, 0x00, 0x00, 0x00, 0x00, 0x00, 0x00, 0x00, 0x00, 0x00, 0x00,
    0x00, 0x00, 0x00, 0x00, 0x00, 0x00, 0x00, 0x00, 0x00, 0x00, 0x00, 0x00, 0x00, 0x00, 0x00, 0x00,
    0x00, 0x00, 0x00, 0x00, 0x00, 0x0d, 0x00, 0x00, 0x00, 0x00, 0x00, 0x00, 0x00, 0x00, 0x00, 0x00,
    0x00, 0x00, 0x00, 0x00, 0x00, 0x0d, 0x00, 0x00, 0x00, 0x00, 0x00, 0x00, 0x00, 0x00, 0x00, 0x00,
    0x00, 0x00, 0x00, 0x00, 0x00, 0x00, 0xd0, 0x00, 0x00, 0x00, 0x00, 0x00, 0x00, 0x00, 0x00, 0x00,
    0x00, 0x00, 0x00, 0x00, 0x00, 0x00, 0xd0, 0xaa, 0xaa, 0xa0, 0x00, 0x00, 0x00, 0x00, 0x00, 0x00,
    0x00, 0x00, 0x00, 0x00, 0x00, 0x00, 0xad, 0xaa, 0xaa, 0xaa, 0xa0, 0x00, 0x00, 0x00, 0x00, 0x00,
    0x00, 0x00, 0x00, 0x00, 0x00, 0x0a, 0xad, 0xaa, 0xaa, 0xaa, 0xaa, 0x00, 0x00, 0x00, 0x00, 0x00,
    0x00, 0x00, 0x00, 0x00, 0x00, 0xaa, 0xaa, 0xda, 0xaa, 0xaa, 0xaa, 0xa0, 0x00, 0x00, 0x00, 0x00,
    0x00, 0x00, 0x00, 0x00, 0x0a, 0xaa, 0xaa, 0xda, 0xaa, 0xaa, 0xaa, 0xaa, 0x00, 0x00, 0x00, 0x00,
    0x00, 0x00, 0x00, 0x00, 0x0a, 0xaa, 0xaa, 0xad, 0xaa, 0xaa, 0xaa, 0xaa, 0x00, 0x00, 0x00, 0x00,
    0x00, 0x00, 0x00, 0x00, 0xaa, 0xaa, 0xaa, 0xad, 0xaa, 0xaa, 0xaa, 0xaa, 0xa0, 0x00, 0x00, 0x00,
    0x00, 0x00, 0x00, 0x00, 0xaa, 0xaa, 0xaa, 0xad, 0xaa, 0xaa, 0xaa, 0xaa, 0xa0, 0x00, 0x00, 0x00,
    0x00, 0x00, 0x00, 0x01, 0xaa, 0xaa, 0xdd, 0xda, 0xda, 0xad, 0xdd, 0xaa, 0xa1, 0x00, 0x00, 0x00,
    0x00, 0x00, 0x00, 0x1b, 0xaa, 0xaa, 0xdd, 0xda, 0xda, 0xad, 0xdd, 0xaa, 0xab, 0x10, 0x00, 0x00,
    0x00, 0x00, 0x00, 0x1b, 0xaa, 0xaa, 0xdd, 0xda, 0xad, 0xad, 0xdd, 0xaa, 0xab, 0x10, 0x00, 0x00,
    0x00, 0x00, 0x01, 0xbb, 0xaa, 0xaa, 0xaa, 0xaa, 0xad, 0xaa, 0xaa, 0xaa, 0xab, 0xb1, 0x00, 0x00,
    0x00, 0x00, 0x01, 0xbb, 0xba, 0xaa, 0xaa, 0xaa, 0xaa, 0xda, 0xaa, 0xaa, 0xbb, 0xb1, 0x00, 0x00,
    0x00, 0x00, 0x01, 0xbb, 0xba, 0xaa, 0xaa, 0xaa, 0xaa, 0xda, 0xaa, 0xaa, 0xbb, 0xb1, 0x00, 0x00,
    0x00, 0x00, 0x01, 0xbb, 0xbb, 0xaa, 0xaa, 0xaa, 0xaa, 0xda, 0xaa, 0xab, 0xbb, 0xb1, 0x00, 0x00,
    0x00, 0x00, 0x01, 0xbb, 0xbb, 0xba, 0xa9, 0x99, 0x99, 0x9d, 0xaa, 0xbb, 0xbb, 0xb1, 0x00, 0x00,
    0x00, 0x00, 0x00, 0x1b, 0xbb, 0xbb, 0xa9, 0x99, 0x99, 0x9d, 0xab, 0xbb, 0xbb, 0x10, 0x00, 0x00,
    0x00, 0x00, 0x00, 0x1b, 0xbb, 0xbb, 0xbb, 0xaa, 0xaa, 0xab, 0xdb, 0xbb, 0xbb, 0x10, 0x00, 0x00,
    0x00, 0x00, 0x00, 0x01, 0x1b, 0xbb, 0xbb, 0xbb, 0xbb, 0xbb, 0xdb, 0xbb, 0x11, 0x00, 0x00, 0x00,
    0x00, 0x00, 0x00, 0x00, 0x01, 0xbb, 0xbb, 0xbb, 0xbb, 0xbb, 0xbd, 0xb1, 0x00, 0x00, 0x00, 0x00,
    0x00, 0x00, 0x00, 0x00, 0x00, 0x11, 0x1b, 0xbb, 0xbb, 0xbb, 0x1d, 0x10, 0x00, 0x00, 0x00, 0x00,
    0x00, 0x00, 0x09, 0x99, 0x99, 0x99, 0x99, 0x99, 0x99, 0x99, 0x99, 0xd9, 0x99, 0x99, 0x00, 0x00,
    0x00, 0x00, 0x09, 0x99, 0x99, 0x99, 0x99, 0x99, 0x99, 0x99, 0x99, 0xd9, 0x99, 0x99, 0x00, 0x00,
    0x00, 0x00, 0x00, 0x00, 0x00, 0x00, 0x00, 0x00, 0x00, 0x00, 0x00, 0x00, 0x00, 0x00, 0x00, 0x00,
    0x00, 0x00, 0x00, 0x00, 0x00, 0x00, 0x00, 0x00, 0x00, 0x00, 0x00, 0x00, 0x00, 0x00, 0x00, 0x00,
};
static const uint8_t pixels_brute_0[] = {
    0x00, 0x00, 0x00, 0x00, 0x00, 0x00, 0x00, 0x00, 0x00, 0x00, 0x00, 0x00, 0x00, 0x00, 0x00, 0x00,
    0x00, 0x00, 0x00, 0x00, 0x00, 0x00, 0x00, 0x00, 0x00, 0x00, 0x00, 0x00, 0x00, 0x00, 0x00, 0x00,
    0x00, 0x00, 0x00, 0x00, 0x00, 0x00, 0x00, 0x00, 0x00, 0x00, 0x00, 0x00, 0x00, 0x00, 0x00, 0x00,
    0x00, 0x00, 0x11, 0x00, 0x00, 0x00, 0x00, 0x00, 0x00, 0x00, 0x00, 0x00, 0x00, 0x01, 0x10, 0x00,
    0x00, 0x00, 0x01, 0x11, 0x10, 0x00, 0x00, 0x00, 0x00, 0x00, 0x00, 0x00, 0x11, 0x11, 0x00, 0x00,
    0x00, 0x00, 0x00, 0x19, 0x91, 0x11, 0x00, 0x00, 0x00, 0x00, 0x01, 0x11, 0x99, 0x91, 0x00, 0x00,
    0x00, 0x00, 0x00, 0x19, 0x99, 0x99, 0x11, 0x11, 0x11, 0x11, 0x19, 0x99, 0x99, 0x10, 0x00, 0x00,
    0x00, 0x00, 0x00, 0x01, 0x99, 0x99, 0x99, 0x99, 0x99, 0x99, 0x99, 0x99, 0x91, 0x00, 0x00, 0x00,
    0x00, 0x00, 0x00, 0x00, 0x19, 0x99, 0x99, 0x99, 0x99, 0x99, 0x99, 0x99, 0x10, 0x00, 0x00, 0x00,
    0x00, 0x00, 0x00, 0x00, 0x01, 0x99, 0x99, 0x99, 0x99, 0x99, 0x99, 0x99, 0x10, 0x00, 0x00, 0x00,
    0x00, 0x00, 0x00, 0x00, 0x01, 0x55, 0x51, 0x55, 0x55, 0x55, 0x15, 0x91, 0x00, 0x00, 0x00, 0x00,
    0x00, 0x00, 0x00, 0x00, 0x01, 0x55, 0x19, 0x15, 0x55, 0x51, 0x91, 0x91, 0x00, 0x00, 0x00, 0x00,
    0x00, 0x00, 0x00, 0x00, 0x01, 0x51, 0x99, 0x91, 0x55, 0x19, 0x99, 0x11, 0x00, 0x00, 0x00, 0x00,
    0x00, 0x00, 0x00, 0x00, 0x01, 0x19, 0x99, 0x99, 0x11, 0x99, 0x99, 0x91, 0x00, 0x00, 0x00, 0x00,
    0x00, 0x00, 0x00, 0x00, 0x19, 0x51, 0x99, 0x91, 0x55, 0x19, 0x99, 0x19, 0x10, 0x00, 0x00, 0x00,
    0x00, 0x00, 0x00, 0x00, 0x19, 0x55, 0x19, 0x15, 0x55, 0x51, 0x91, 0x99, 0x10, 0x00, 0x00, 0x00,
    0x00, 0x00, 0x09, 0x99, 0x19, 0x55, 0x51, 0x55, 0x55, 0x55, 0x15, 0x99, 0x99, 0x90, 0x00, 0x00,
    0x00, 0x00, 0x09, 0x99, 0x19, 0x99, 0x99, 0x99, 0x99, 0x99, 0x99, 0x99, 0x99, 0x90, 0x00, 0x00,
    0x00, 0x00, 0x99, 0x90, 0x19, 0x99, 0x99, 0x99, 0x99, 0x99, 0x99, 0x99, 0x19, 0x99, 0x00, 0x00,
    0x00, 0x00, 0x99, 0x90, 0x19, 0x99, 0x99, 0x99, 0x99, 0x99, 0x99, 0x99, 0x19, 0x99, 0x00, 0x00,
    0x00, 0x00, 0x99, 0x90, 0x19, 0x99, 0x99, 0x99, 0x99, 0x99, 0x99, 0x99, 0x19, 0x99, 0x00, 0x00,
    0x00, 0x00, 0x99, 0x90, 0x19, 0x99, 0x99, 0x99, 0x99, 0x99, 0x99, 0x99, 0x19, 0x99, 0x00, 0x00,
    0x00, 0x09, 0x99, 0x01, 0x99, 0x99, 0x99, 0x99, 0x99, 0x99, 0x99, 0x99, 0x91, 0x99, 0x90, 0x00,
    0x00, 0x09, 0x99, 0x01, 0x99, 0x99, 0x99, 0x99, 0x99, 0x99, 0x99, 0x99, 0x91, 0x99, 0x90, 0x00,
    0x00, 0x00, 0x00, 0x01, 0x55, 0x55, 0x59, 0x99, 0x99, 0x99, 0x55, 0x55, 0x51, 0x00, 0x00, 0x00,
    0x00, 0x00, 0x00, 0x01, 0x55, 0x55, 0x51, 0x11, 0x11, 0x11, 0x55, 0x55, 0x51, 0x00, 0x00, 0x00,
    0x00, 0x00, 0x00, 0x00, 0x55, 0x55, 0x50, 0x00, 0x00, 0x00, 0x55, 0x55, 0x50, 0x00, 0x00, 0x00,
    0x00, 0x00, 0x00, 0x00, 0x55, 0x55, 0x50, 0x00, 0x00, 0x00, 0x55, 0x55, 0x50, 0x00, 0x00, 0x00,
    0x00, 0x00, 0x00, 0x00, 0x55, 0x55, 0x50, 0x00, 0x00, 0x00, 0x55, 0x55, 0x50, 0x00, 0x00, 0x00,
    0x00, 0x00, 0x00, 0x00, 0x55, 0x55, 0x50, 0x00, 0x00, 0x00, 0x55, 0x55, 0x50, 0x00, 0x00, 0x00,
    0x00, 0x00, 0x00, 0x00, 0x00, 0x00, 0x00, 0x00, 0x00, 0x00, 0x00, 0x00, 0x00, 0x00, 0x00, 0x00,
    0x00, 0x00, 0x00, 0x00, 0x00, 0x00, 0x00, 0x00, 0x00, 0x00, 0x00, 0x00, 0x00, 0x00, 0x00, 0x00,
};
static const uint8_t pixels_brute_1[] = {
    0x00, 0x00, 0x00, 0x00, 0x00, 0x00, 0x00, 0x00, 0x00, 0x00, 0x00, 0x00, 0x00, 0x00, 0x00, 0x00,
    0x00, 0x00, 0x00, 0x00, 0x00, 0x00, 0x00, 0x00, 0x00, 0x00, 0x00, 0x00, 0x00, 0x00, 0x00, 0x00,
    0x00, 0x00, 0x00, 0x00, 0x00, 0x00, 0x00, 0x00, 0x00, 0x00, 0x00, 0x00, 0x00, 0x00, 0x00, 0x00,
    0x00, 0x00, 0x11, 0x00, 0x00, 0x00, 0x00, 0x00, 0x00, 0x00, 0x00, 0x00, 0x00, 0x01, 0x10, 0x00,
    0x00, 0x00, 0x01, 0x11, 0x10, 0x00, 0x00, 0x00, 0x00, 0x00, 0x00, 0x00, 0x11, 0x11, 0x00, 0x00,
    0x00, 0x00, 0x00, 0x19, 0x91, 0x11, 0x00, 0x00, 0x00, 0x00, 0x01, 0x11, 0x99, 0x91, 0x00, 0x00,
    0x00, 0x00, 0x00, 0x19, 0x99, 0x99, 0x11, 0x11, 0x11, 0x11, 0x19, 0x99, 0x99, 0x10, 0x00, 0x00,
    0x00, 0x00, 0x00, 0x01, 0x99, 0x99, 0x99, 0x99, 0x99, 0x99, 0x99, 0x99, 0x91, 0x00, 0x00, 0x00,
    0x00, 0x00, 0x00, 0x00, 0x19, 0x99, 0x99, 0x99, 0x99, 0x99, 0x99, 0x99, 0x10, 0x00, 0x00, 0x00,
    0x00, 0x00, 0x00, 0x00, 0x01, 0x99, 0x99, 0x99, 0x99, 0x99, 0x99, 0x99, 0x10, 0x00, 0x00, 0x00,
    0x00, 0x00, 0x00, 0x00, 0x01, 0x55, 0x51, 0x55, 0x55, 0x55, 0x15, 0x91, 0x00, 0x00, 0x00, 0x00,
    0x00, 0x00, 0x00, 0x00, 0x01, 0x55, 0x19, 0x15, 0x55, 0x51, 0x91, 0x91, 0x00, 0x00, 0x00, 0x00,
    0x00, 0x00, 0x00, 0x00, 0x01, 0x51, 0x99, 0x91, 0x55, 0x19, 0x99, 0x11, 0x00, 0x00, 0x00, 0x00,
    0x00, 0x00, 0x00, 0x00, 0x01, 0x19, 0x99, 0x99, 0x11, 0x99, 0x99, 0x91, 0x00, 0x00, 0x00, 0x00,
    0x00, 0x00, 0x00, 0x00, 0x19, 0x51, 0x99, 0x91, 0x55, 0x19, 0x99, 0x19, 0x10, 0x00, 0x00, 0x00,
    0x00, 0x00, 0x00, 0x00, 0x19, 0x55, 0x19, 0x15, 0x55, 0x51, 0x91, 0x99, 0x10, 0x00, 0x00, 0x00,
    0x00, 0x00, 0x09, 0x99, 0x19, 0x55, 0x51, 0x55, 0x55, 0x55, 0x15, 0x99, 0x99, 0x90, 0x00, 0x00,
    0x00, 0x00, 0x09, 0x99, 0x19, 0x99, 0x99, 0x99, 0x99, 0x99, 0x99, 0x99, 0x99, 0x90, 0x00, 0x00,
    0x00, 0x00, 0x99, 0x90, 0x19, 0x99, 0x99, 0x99, 0x99, 0x99, 0x99, 0x99, 0x19, 0x99, 0x00, 0x00,
    0x00, 0x00, 0x99, 0x90, 0x19, 0x99, 0x99, 0x99, 0x99, 0x99, 0x99, 0x99, 0x19, 0x99, 0x00, 0x00,
    0x00, 0x00, 0x99, 0x90, 0x19, 0x99, 0x99, 0x99, 0x99, 0x99, 0x99, 0x99, 0x19, 0x99, 0x00, 0x00,
    0x00, 0x00, 0x99, 0x90, 0x19, 0x99, 0x99, 0x99, 0x99, 0x99, 0x99, 0x99, 0x19, 0x99, 0x00, 0x00,
    0x00, 0x09, 0x99, 0x01, 0x99, 0x99, 0x99, 0x99, 0x99, 0x99, 0x99, 0x99, 0x91, 0x99, 0x90, 0x00,
    0x00, 0x09, 0x99, 0x01, 0x99, 0x99, 0x99, 0x99, 0x99, 0x99, 0x99, 0x99, 0x91, 0x99, 0x90, 0x00,
    0x00, 0x00, 0x00, 0x01, 0x55, 0x55, 0x59, 0x99, 0x99, 0x99, 0x55, 0x55, 0x51, 0x00, 0x00, 0x00,
    0x00, 0x00, 0x00, 0x01, 0x55, 0x55, 0x51, 0x11, 0x11, 0x11, 0x55, 0x55, 0x51, 0x00, 0x00, 0x00,
    0x00, 0x00, 0x00, 0x00, 0x55, 0x55, 0x50, 0x00, 0x00, 0x00, 0x55, 0x55, 0x50, 0x00, 0x00, 0x00,
    0x00, 0x00, 0x00, 0x00, 0x55, 0x55, 0x50, 0x00, 0x00, 0x00, 0x55, 0x55, 0x50, 0x00, 0x00, 0x00,
    0x00, 0x00, 0x00, 0x00, 0x55, 0x55, 0x50, 0x00, 0x00, 0x00, 0x55, 0x55, 0x50, 0x00, 0x00, 0x00,
    0x00, 0x00, 0x00, 0x00, 0x55, 0x55, 0x50, 0x00, 0x00, 0x00, 0x55, 0x55, 0x50, 0x00, 0x00, 0x00,
    0x00, 0x00, 0x00, 0x00, 0x00, 0x00, 0x00, 0x00, 0x00, 0x00, 0x00, 0x00, 0x00, 0x00, 0x00, 0x00,
    0x00, 0x00, 0x00, 0x00, 0x00, 0x00, 0x00, 0x00, 0x00, 0x00, 0x00, 0x00, 0x00, 0x00, 0x00, 0x00,
};
static const uint8_t pixels_brute_2[] = {
    0x00, 0x00, 0x00, 0x00, 0x00, 0x00, 0x00, 0x00, 0x00, 0x00, 0x00, 0x00, 0x00, 0x00, 0x00, 0x00,
    0x00, 0x00, 0x00, 0x00, 0x00, 0x00, 0x00, 0x00, 0x00, 0x00, 0x00, 0x00, 0x00, 0x00, 0x00, 0x00,
    0x00, 0x00, 0x00, 0x00, 0x00, 0x00, 0x00, 0x00, 0x00, 0x00, 0x00, 0x00, 0x00, 0x00, 0x00, 0x00,
    0x00, 0x00, 0x11, 0x00, 0x00, 0x00, 0x00, 0x00, 0x00, 0x00, 0x00, 0x00, 0x00, 0x01, 0x10, 0x00,
    0x00, 0x00, 0x01, 0x11, 0x10, 0x00, 0x00, 0x00, 0x00, 0x00, 0x00, 0x00, 0x11, 0x11, 0x00, 0x00,
    0x00, 0x00, 0x00, 0x19, 0x91, 0x11, 0x00, 0x00, 0x00, 0x00, 0x01, 0x11, 0x99, 0x91, 0x00, 0x00,
    0x00, 0x00, 0x00, 0x19, 0x99, 0x99, 0x11, 0x11, 0x11, 0x11, 0x19, 0x99, 0x99, 0x10, 0x00, 0x00,
    0x00, 0x00, 0x00, 0x01, 0x99, 0x99, 0x99, 0x99, 0x99, 0x99, 0x99, 0x99, 0x91, 0x00, 0x00, 0x00,
    0x00, 0x00, 0x00, 0x00, 0x19, 0x99, 0x99, 0x99, 0x99, 0x99, 0x99, 0x99, 0x10, 0x00, 0x00, 0x00,
    0x00, 0x00, 0x00, 0x00, 0x01, 0x99, 0x99, 0x99, 0x99, 0x99, 0x99, 0x99, 0x10, 0x00, 0x00, 0x00,
    0x00, 0x00, 0x00, 0x00, 0x01, 0x55, 0x51, 0x55, 0x55, 0x55, 0x15, 0x91, 0x00, 0x00, 0x00, 0x00,
    0x00, 0x00, 0x00, 0x00, 0x01, 0x55, 0x19, 0x15, 0x55, 0x51, 0x91, 0x91, 0x00, 0x00, 0x00, 0x00,
    0x00, 0x00, 0x00, 0x00, 0x01, 0x51, 0x99, 0x91, 0x55, 0x19, 0x99, 0x11, 0x00, 0x00, 0x00, 0x00,
    0x00, 0x00, 0x00, 0x00, 0x01, 0x19, 0x99, 0x99, 0x11, 0x99, 0x99, 0x91, 0x00, 0x00, 0x00, 0x00,
    0x00, 0x00, 0x00, 0x00, 0x19, 0x51, 0x99, 0x91, 0x55, 0x19, 0x99, 0x19, 0x10, 0x00, 0x00, 0x00,
    0x00, 0x00, 0x09, 0x00, 0x19, 0x55, 0x19, 0x15, 0x55, 0x51, 0x91, 0x99, 0x10, 0x90, 0x00, 0x00,
    0x00, 0x00, 0x99, 0x90, 0x19, 0x55, 0x51, 0x55, 0x55, 0x55, 0x15, 0x99, 0x19, 0x99, 0x00, 0x00,
    0x00, 0x00, 0x99, 0x99, 0x19, 0x99, 0x99, 0x99, 0x99, 0x99, 0x99, 0x99, 0x99, 0x99, 0x00, 0x00,
    0x00, 0x09, 0x99, 0x90, 0x19, 0x99, 0x99, 0x99, 0x99, 0x99, 0x99, 0x99, 0x19, 0x99, 0x90, 0x00,
    0x00, 0x99, 0x99, 0x90, 0x19, 0x99, 0x99, 0x99, 0x99, 0x99, 0x99, 0x99, 0x19, 0x99, 0x99, 0x00,
    0x09, 0x99, 0x99, 0x00, 0x19, 0x99, 0x99, 0x99, 0x99, 0x99, 0x99, 0x99, 0x10, 0x99, 0x99, 0x90,
    0x09, 0x99, 0x90, 0x00, 0x19, 0x99, 0x99, 0x99, 0x99, 0x99, 0x99, 0x99, 0x10, 0x09, 0x99, 0x90,
    0x99, 0x99, 0x00, 0x01, 0x99, 0x99, 0x99, 0x99, 0x99, 0x99, 0x99, 0x99, 0x91, 0x00, 0x99, 0x99,
    0x09, 0x99, 0x00, 0x01, 0x99, 0x99, 0x99, 0x99, 0x99, 0x99, 0x99, 0x99, 0x91, 0x00, 0x99, 0x90,
    0x00, 0x90, 0x00, 0x01, 0x55, 0x55, 0x59, 0x99, 0x99, 0x99, 0x55, 0x55, 0x51, 0x00, 0x09, 0x00,
    0x00, 0x00, 0x00, 0x01, 0x55, 0x55, 0x51, 0x11, 0x11, 0x11, 0x55, 0x55, 0x51, 0x00, 0x00, 0x00,
    0x00, 0x00, 0x00, 0x00, 0x55, 0x55, 0x50, 0x00, 0x00, 0x00, 0x55, 0x55, 0x50, 0x00, 0x00, 0x00,
    0x00, 0x00, 0x00, 0x00, 0x55, 0x55, 0x50, 0x00, 0x00, 0x00, 0x55, 0x55, 0x50, 0x00, 0x00, 0x00,
    0x00, 0x00, 0x00, 0x00, 0x55, 0x55, 0x50, 0x00, 0x00, 0x00, 0x55, 0x55, 0x50, 0x00, 0x00, 0x00,
    0x00, 0x00, 0x00, 0x00, 0x55, 0x55, 0x50, 0x00, 0x00, 0x00, 0x55, 0x55, 0x50, 0x00, 0x00, 0x00,
    0x00, 0x00, 0x00, 0x00, 0x00, 0x00, 0x00, 0x00, 0x00, 0x00, 0x00, 0x00, 0x00, 0x00, 0x00, 0x00,
    0x00, 0x00, 0x00, 0x00, 0x00, 0x00, 0x00, 0x00, 0x00, 0x00, 0x00, 0x00, 0x00, 0x00, 0x00, 0x00,
};
static const uint8_t pixels_brute_3[] = {
    0x00, 0x00, 0x00, 0x00, 0x00, 0x00, 0x00, 0x00, 0x00, 0x00, 0x00, 0x00, 0x00, 0x00, 0x00, 0x00,
    0x00, 0x00, 0x00, 0x00, 0x00, 0x00, 0x00, 0x00, 0x00, 0x00, 0x00, 0x00, 0x00, 0x00, 0x00, 0x00,
    0x00, 0x00, 0x00, 0x00, 0x00, 0x00, 0x00, 0x00, 0x00, 0x00, 0x00, 0x00, 0x00, 0x00, 0x00, 0x00,
    0x00, 0x00, 0x11, 0x00, 0x00, 0x00, 0x00, 0x00, 0x00, 0x00, 0x00, 0x00, 0x00, 0x01, 0x10, 0x00,
    0x00, 0x00, 0x01, 0x11, 0x10, 0x0d, 0x00, 0x00, 0x00, 0x00, 0x00, 0x00, 0x11, 0x11, 0x00, 0x00,
    0x00, 0x00, 0x00, 0x19, 0x91, 0x1d, 0x00, 0x00, 0x00, 0x00, 0x01, 0x11, 0x99, 0x91, 0x00, 0x00,
    0x00, 0x00, 0x00, 0x19, 0x99, 0x99, 0xd1, 0x11, 0x11, 0x11, 0x19, 0x99, 0x99, 0x10, 0x00, 0x00,
    0x00, 0x00, 0x00, 0x01, 0x99, 0x99, 0xd9, 0x99, 0x99, 0x99, 0x99, 0x99, 0x91, 0x00, 0x00, 0x00,
    0x00, 0x00, 0x00, 0x00, 0x19, 0x99, 0x9d, 0x99, 0x99, 0x99, 0x99, 0x99, 0x10, 0x00, 0x00, 0x00,
    0x00, 0x00, 0x00, 0x00, 0x01, 0x99, 0x9d, 0x99, 0x99, 0x99, 0x99, 0x99, 0x10, 0x00, 0x00, 0x00,
    0x00, 0x00, 0x00, 0x00, 0x01, 0x55, 0x51, 0xd5, 0x55, 0x55, 0x15, 0x91, 0x00, 0x00, 0x00, 0x00,
    0x00, 0x00, 0x00, 0x00, 0x01, 0x55, 0x19, 0xd5, 0x55, 0x51, 0x91, 0x91, 0x00, 0x00, 0x00, 0x00,
    0x00, 0x00, 0x00, 0x00, 0x01, 0x51, 0x99, 0x9d, 0x55, 0x19, 0x99, 0x11, 0x00, 0x00, 0x00, 0x00,
    0x00, 0x00, 0x00, 0x00, 0x01, 0x19, 0x99, 0x9d, 0x11, 0x99, 0x99, 0x91, 0x00, 0x00, 0x00, 0x00,
    0x00, 0x00, 0x00, 0x00, 0x19, 0x51, 0x99, 0x9d, 0x55, 0x19, 0x99, 0x19, 0x10, 0x00, 0x00, 0x00,
    0x00, 0x00, 0x00, 0x00, 0x19, 0x55, 0x19, 0x15, 0xd5, 0x51, 0x91, 0x99, 0x10, 0x00, 0x00, 0x00,
    0x00, 0x00, 0x09, 0x99, 0x19, 0x55, 0x51, 0x55, 0xd5, 0x55, 0x15, 0x99, 0x99, 0x90, 0x00, 0x00,
    0x00, 0x00, 0x09, 0x99, 0x19, 0x99, 0x99, 0x99, 0x9d, 0x99, 0x99, 0x99, 0x99, 0x90, 0x00, 0x00,
    0x00, 0x00, 0x99, 0x90, 0x19, 0x99, 0x99, 0x99, 0x9d, 0x99, 0x99, 0x99, 0x19, 0x99, 0x00, 0x00,
    0x00, 0x00, 0x99, 0x90, 0x19, 0x99, 0x99, 0x99, 0x99, 0xd9, 0x99, 0x99, 0x19, 0x99, 0x00, 0x00,
    0x00, 0x00, 0x99, 0x90, 0x19, 0x99, 0x99, 0x99, 0x99, 0xd9, 0x99, 0x99, 0x19, 0x99, 0x00, 0x00,
    0x00, 0x00, 0x99, 0x90, 0x19, 0x99, 0x99, 0x99, 0x99, 0xd9, 0x99, 0x99, 0x19, 0x99, 0x00, 0x00,
    0x00, 0x09, 0x99, 0x01, 0x99, 0x99, 0x99, 0x99, 0x99, 0x9d, 0x99, 0x99, 0x91, 0x99, 0x90, 0x00,
    0x00, 0x09, 0x99, 0x01, 0x99, 0x99, 0x99, 0x99, 0x99, 0x9d, 0x99, 0x99, 0x91, 0x99, 0x90, 0x00,
    0x00, 0x00, 0x00, 0x01, 0x55, 0x55, 0x59, 0x99, 0x99, 0x99, 0xd5, 0x55, 0x51, 0x00, 0x00, 0x00,
    0x00, 0x00, 0x00, 0x01, 0x55, 0x55, 0x51, 0x11, 0x11, 0x11, 0xd5, 0x55, 0x51, 0x00, 0x00, 0x00,
    0x00, 0x00, 0x00, 0x00, 0x55, 0x55, 0x50, 0x00, 0x00, 0x00, 0x5d, 0x55, 0x50, 0x00, 0x00, 0x00,
    0x00, 0x00, 0x00, 0x00, 0x55, 0x55, 0x50, 0x00, 0x00, 0x00, 0x5d, 0x55, 0x50, 0x00, 0x00, 0x00,
    0x00, 0x00, 0x09, 0x99, 0x99, 0x99, 0x99, 0x99, 0x99, 0x99, 0x99, 0xd9, 0x99, 0x99, 0x00, 0x00,
    0x00, 0x00, 0x09, 0x99, 0x99, 0x99, 0x99, 0x99, 0x99, 0x99, 0x99, 0xd9, 0x99, 0x99, 0x00, 0x00,
    0x00, 0x00, 0x00, 0x00, 0x00, 0x00, 0x00, 0x00, 0x00, 0x00, 0x00, 0x00, 0x00, 0x00, 0x00, 0x00,
    0x00, 0x00, 0x00, 0x00, 0x00, 0x00, 0x00, 0x00, 0x00, 0x00, 0x00, 0x00, 0x00, 0x00, 0x00, 0x00,
};
static const uint8_t pixels_eye_0[] = {
    0x00, 0x00, 0x00, 0x00, 0x00, 0x00, 0x00, 0x00, 0x00, 0x00, 0x00, 0x00, 0x00, 0x00, 0x00, 0x00,
    0x00, 0x00, 0x00, 0x00, 0x00, 0x00, 0x00, 0x00, 0x00, 0x00, 0x00, 0x00, 0x00, 0x00, 0x00, 0x00,
    0x00, 0x00, 0x00, 0x00, 0x00, 0x00, 0x00, 0x00, 0x00, 0x00, 0x00, 0x00, 0x00, 0x00, 0x00, 0x00,
    0x00, 0x00, 0x00, 0x00, 0x00, 0x00, 0x00, 0x00, 0x00, 0x00, 0x00, 0x00, 0x00, 0x00, 0x00, 0x00,
    0x00, 0x00, 0x00, 0x00, 0x00, 0x00, 0x00, 0x00, 0x00, 0x00, 0x00, 0x00, 0x00, 0x00, 0x00, 0x00,
    0x00, 0x00, 0x00, 0x00, 0x00, 0x00, 0x00, 0x00, 0x00, 0x00, 0x00, 0x00, 0x00, 0x00, 0x00, 0x00,
    0x00, 0x00, 0x00, 0x00, 0x00, 0x00, 0x00, 0x00, 0x00, 0x00, 0x00, 0x00, 0x00, 0x00, 0x00, 0x00,
    0x00, 0x00, 0x00, 0x00, 0x00, 0x00, 0x00, 0x00, 0x00, 0x00, 0x00, 0x00, 0x00, 0x00, 0x00, 0x00,
    0x00, 0x00, 0x00, 0x00, 0x00, 0x00, 0x01, 0x11, 0x11, 0x11, 0x10, 0x00, 0x00, 0x00, 0x00, 0x00,
    0x00, 0x00, 0x00, 0x00, 0x00, 0x01, 0x1a, 0xaa, 0xaa, 0xaa, 0xa1, 0x10, 0x00, 0x00, 0x00, 0x00,
    0x00, 0x00, 0x00, 0x00, 0x01, 0x1a, 0xaa, 0xaa, 0xaa, 0xaa, 0xaa, 0xa1, 0x10, 0x00, 0x00, 0x00,
    0x00, 0x00, 0x00, 0x00, 0x1a, 0xaa, 0xaa, 0x66, 0x66, 0x66, 0xaa, 0xaa, 0xa1, 0x00, 0x00, 0x00,
    0x00, 0x00, 0x00, 0x01, 0xaa, 0xaa, 0x66, 0x66, 0x11, 0x16, 0x66, 0xaa, 0xaa, 0x10, 0x00, 0x00,
    0x00, 0x00, 0x00, 0x01, 0xaa, 0xa6, 0x66, 0x61, 0x11, 0x11, 0x66, 0x6a, 0xaa, 0x10, 0x00, 0x00,
    0x00, 0x00, 0x00, 0x1a, 0xaa, 0xa6, 0x66, 0x11, 0x19, 0x11, 0x16, 0x6a, 0xaa, 0xa1, 0x00, 0x00,
    0x00, 0x00, 0x00, 0x1a, 0xaa, 0x66, 0x66, 0x11, 0x99, 0x91, 0x16, 0x66, 0xaa, 0xa1, 0x00, 0x00,
    0x00, 0x00, 0x00, 0x1a, 0xaa, 0x66, 0x66, 0x19, 0x99, 0x99, 0x16, 0x66, 0xaa, 0xa1, 0x00, 0x00,
    0x00, 0x00, 0x00, 0x1a, 0xaa, 0x66, 0x66, 0x11, 0x99, 0x91, 0x16, 0x66, 0xaa, 0xa1, 0x00, 0x00,
    0x00, 0x00, 0x00, 0x1a, 0xaa, 0xa6, 0x66, 0x11, 0x19, 0x11, 0x16, 0x6a, 0xaa, 0xa1, 0x00, 0x00,
    0x00, 0x00, 0x00, 0x01, 0xaa, 0xa6, 0x66, 0x61, 0x11, 0x11, 0x66, 0x6a, 0xaa, 0x10, 0x00, 0x00,
    0x00, 0x00, 0x00, 0x01, 0xaa, 0xaa, 0x66, 0x66, 0x11, 0x16, 0x66, 0xaa, 0xaa, 0x10, 0x00, 0x00,
    0x00, 0x00, 0x00, 0x00, 0x1a, 0xaa, 0xaa, 0x66, 0x66, 0x66, 0xaa, 0xaa, 0xa1, 0x00, 0x00, 0x00,
    0x00, 0x00, 0x00, 0x00, 0x0a, 0x1a, 0xaa, 0xaa, 0xaa, 0xaa, 0xaa, 0xa1, 0xa0, 0x00, 0x00, 0x00,
    0x00, 0x00, 0x00, 0x00, 0xa0, 0x01, 0x1a, 0xaa, 0xaa, 0xaa, 0xa1, 0x10, 0x0a, 0x00, 0x00, 0x00,
    0x00, 0x00, 0x00, 0x00, 0xa0, 0x00, 0x01, 0x11, 0x11, 0x11, 0x10, 0x00, 0x0a, 0x00, 0x00, 0x00,
    0x00, 0x00, 0x00, 0x0a, 0x00, 0x00, 0x00, 0x00, 0x00, 0x00, 0x00, 0x00, 0x00, 0xa0, 0x00, 0x00,
    0x00, 0x00, 0x00, 0xa0, 0x00, 0x00, 0x00, 0x00, 0x00, 0x00, 0x00, 0x00, 0x00, 0x0a, 0x00, 0x00,
    0x00, 0x00, 0x0a, 0x00, 0x00, 0x00, 0x00, 0x00, 0x00, 0x00, 0x00, 0x00, 0x00, 0x00, 0xa0, 0x00,
    0x00, 0x00, 0x0a, 0x00, 0x00, 0x00, 0x00, 0x00, 0x00, 0x00, 0x00, 0x00, 0x00, 0x00, 0xa0, 0x00,
    0x00, 0x00, 0xa0, 0x00, 0x00, 0x00, 0x00, 0x00, 0x00, 0x00, 0x00, 0x00, 0x00, 0x00, 0x0a, 0x00,
    0x00, 0x00, 0x00, 0x00, 0x00, 0x00, 0x00, 0x00, 0x00, 0x00, 0x00, 0x00, 0x00, 0x00, 0x00, 0x00,
    0x00, 0x00, 0x00, 0x00, 0x00, 0x00, 0x00, 0x00, 0x00, 0x00, 0x00, 0x00, 0x00, 0x00, 0x00, 0x00,
};
static const uint8_t pixels_eye_1[] = {
    0x00, 0x00, 0x00, 0x00, 0x00, 0x00, 0x00, 0x00, 0x00, 0x00, 0x00, 0x00, 0x00, 0x00, 0x00, 0x00,
    0x00, 0x00, 0x00, 0x00, 0x00, 0x00, 0x00, 0x00, 0x00, 0x00, 0x00, 0x00, 0x00, 0x00, 0x00, 0x00,
    0x00, 0x00, 0x00, 0x00, 0x00, 0x00, 0x00, 0x00, 0x00, 0x00, 0x00, 0x00, 0x00, 0x00, 0x00, 0x00,
    0x00, 0x00, 0x00, 0x00, 0x00, 0x00, 0x00, 0x00, 0x00, 0x00, 0x00, 0x00, 0x00, 0x00, 0x00, 0x00,
    0x00, 0x00, 0x00, 0x00, 0x00, 0x00, 0x00, 0x00, 0x00, 0x00, 0x00, 0x00, 0x00, 0x00, 0x00, 0x00,
    0x00, 0x00, 0x00, 0x00, 0x00, 0x00, 0x00, 0x00, 0x00, 0x00, 0x00, 0x00, 0x00, 0x00, 0x00, 0x00,
    0x00, 0x00, 0x00, 0x00, 0x00, 0x00, 0x00, 0x00, 0x00, 0x00, 0x00, 0x00, 0x00, 0x00, 0x00, 0x00,
    0x00, 0x00, 0x00, 0x00, 0x00, 0x00, 0x00, 0x00, 0x00, 0x00, 0x00, 0x00, 0x00, 0x00, 0x00, 0x00,
    0x00, 0x00, 0x00, 0x00, 0x00, 0x00, 0x00, 0x00, 0x00, 0x00, 0x00, 0x00, 0x00, 0x00, 0x00, 0x00,
    0x00, 0x00, 0x00, 0x00, 0x00, 0x00, 0x01, 0x11, 0x11, 0x11, 0x10, 0x00, 0x00, 0x00, 0x00, 0x00,
    0x00, 0x00, 0x00, 0x00, 0x00, 0x01, 0x1a, 0xaa, 0xaa, 0xaa, 0xa1, 0x10, 0x00, 0x00, 0x00, 0x00,
    0x00, 0x00, 0x00, 0x00, 0x01, 0x1a, 0xaa, 0xaa, 0xaa, 0xaa, 0xaa, 0xa1, 0x10, 0x00, 0x00, 0x00,
    0x00, 0x00, 0x00, 0x00, 0x1a, 0xaa, 0xaa, 0x66, 0x66, 0x66, 0xaa, 0xaa, 0xa1, 0x00, 0x00, 0x00,
    0x00, 0x00, 0x00, 0x01, 0xaa, 0xaa, 0x66, 0x66, 0x11, 0x16, 0x66, 0xaa, 0xaa, 0x10, 0x00, 0x00,
    0x00, 0x00, 0x00, 0x01, 0xaa, 0xa6, 0x66, 0x61, 0x11, 0x11, 0x66, 0x6a, 0xaa, 0x10, 0x00, 0x00,
    0x00, 0x00, 0x00, 0x1a, 0xaa, 0xa6, 0x66, 0x11, 0x19, 0x11, 0x16, 0x6a, 0xaa, 0xa1, 0x00, 0x00,
    0x00, 0x00, 0x00, 0x1a, 0xaa, 0x66, 0x66, 0x11, 0x99, 0x91, 0x16, 0x66, 0xaa, 0xa1, 0x00, 0x00,
    0x00, 0x00, 0x00, 0x1a, 0xaa, 0x66, 0x66, 0x19, 0x99, 0x99, 0x16, 0x66, 0xaa, 0xa1, 0x00, 0x00,
    0x00, 0x00, 0x00, 0x1a, 0xaa, 0x66, 0x66, 0x11, 0x99, 0x91, 0x16, 0x66, 0xaa, 0xa1, 0x00, 0x00,
    0x00, 0x00, 0x00, 0x1a, 0xaa, 0xa6, 0x66, 0x11, 0x19, 0x11, 0x16, 0x6a, 0xaa, 0xa1, 0x00, 0x00,
    0x00, 0x00, 0x00, 0x01, 0xaa, 0xa6, 0x66, 0x61, 0x11, 0x11, 0x66, 0x6a, 0xaa, 0x10, 0x00, 0x00,
    0x00, 0x00, 0x00, 0x01, 0xaa, 0xaa, 0x66, 0x66, 0x11, 0x16, 0x66, 0xaa, 0xaa, 0x10, 0x00, 0x00,
    0x00, 0x00, 0x00, 0x00, 0x1a, 0xaa, 0xaa, 0x66, 0x66, 0x66, 0xaa, 0xaa, 0xa1, 0x00, 0x00, 0x00,
    0x00, 0x00, 0x00, 0x00, 0xa1, 0x1a, 0xaa, 0xaa, 0xaa, 0xaa, 0xaa, 0xa1, 0x1a, 0x00, 0x00, 0x00,
    0x00, 0x00, 0x00, 0x00, 0xa0, 0x01, 0x1a, 0xaa, 0xaa, 0xaa, 0xa1, 0x10, 0x0a, 0x00, 0x00, 0x00,
    0x00, 0x00, 0x00, 0x0a, 0x00, 0x00, 0x01, 0x11, 0x11, 0x11, 0x10, 0x00, 0x00, 0xa0, 0x00, 0x00,
    0x00, 0x00, 0x00, 0xa0, 0x00, 0x00, 0x00, 0x00, 0x00, 0x00, 0x00, 0x00, 0x00, 0x0a, 0x00, 0x00,
    0x00, 0x00, 0x0a, 0x00, 0x00, 0x00, 0x00, 0x00, 0x00, 0x00, 0x00, 0x00, 0x00, 0x00, 0xa0, 0x00,
    0x00, 0x00, 0x0a, 0x00, 0x00, 0x00, 0x00, 0x00, 0x00, 0x00, 0x00, 0x00, 0x00, 0x00, 0xa0, 0x00,
    0x00, 0x00, 0xa0, 0x00, 0x00, 0x00, 0x00, 0x00, 0x00, 0x00, 0x00, 0x00, 0x00, 0x00, 0x0a, 0x00,
    0x00, 0x00, 0x00, 0x00, 0x00, 0x00, 0x00, 0x00, 0x00, 0x00, 0x00, 0x00, 0x00, 0x00, 0x00, 0x00,
    0x00, 0x00, 0x00, 0x00, 0x00, 0x00, 0x00, 0x00, 0x00, 0x00, 0x00, 0x00, 0x00, 0x00, 0x00, 0x00,
};
static const uint8_t pixels_eye_2[] = {
    0x00, 0x00, 0x00, 0x00, 0x00, 0x00, 0x00, 0x00, 0x00, 0x00, 0x00, 0x00, 0x00, 0x00, 0x00, 0x00,
    0x00, 0x00, 0x00, 0x00, 0x00, 0x00, 0x00, 0x00, 0x00, 0x00, 0x00, 0x00, 0x00, 0x00, 0x00, 0x00,
    0x00, 0x00, 0x00, 0x00, 0x00, 0x00, 0x00, 0x00, 0x00, 0x00, 0x00, 0x00, 0x00, 0x00, 0x00, 0x00,
    0x00, 0x00, 0x00, 0x00, 0x00, 0x00, 0x00, 0x00, 0x00, 0x00, 0x00, 0x00, 0x00, 0x00, 0x00, 0x00,
    0x00, 0x00, 0x00, 0x00, 0x00, 0x00, 0x00, 0x00, 0x00, 0x00, 0x00, 0x00, 0x00, 0x00, 0x00, 0x00,
    0x00, 0x00, 0x00, 0x00, 0x00, 0x00, 0x00, 0x00, 0x00, 0x00, 0x00, 0x00, 0x00, 0x00, 0x00, 0x00,
    0x00, 0x00, 0x00, 0x00, 0x00, 0x00, 0x00, 0x00, 0x00, 0x00, 0x00, 0x00, 0x00, 0x00, 0x00, 0x00,
    0x00, 0x00, 0x00, 0x00, 0x00, 0x00, 0x00, 0x00, 0x00, 0x00, 0x00, 0x00, 0x00, 0x00, 0x00, 0x00,
    0x00, 0x00, 0x00, 0x00, 0x00, 0x00, 0x01, 0x11, 0x11, 0x11, 0x10, 0x00, 0x00, 0x00, 0x00, 0x00,
    0x00, 0x00, 0x00, 0x00, 0x00, 0x01, 0x1a, 0xaa, 0xaa, 0xaa, 0xa1, 0x10, 0x00, 0x00, 0x00, 0x00,
    0x00, 0x00, 0x00, 0x00, 0x01, 0x1a, 0xaa, 0xaa, 0xaa, 0xaa, 0xaa, 0xa1, 0x10, 0x00, 0x00, 0x00,
    0x00, 0x00, 0x00, 0x00, 0x1a, 0xaa, 0xaa, 0x66, 0x66, 0x66, 0xaa, 0xaa, 0xa1, 0x00, 0x00, 0x00,
    0x00, 0x00, 0x00, 0x01, 0xaa, 0xaa, 0x66, 0x66, 0x11, 0x16, 0x66, 0xaa, 0xaa, 0x10, 0x00, 0x00,
    0x00, 0x00, 0x00, 0x01, 0xaa, 0xa6, 0x66, 0x61, 0x11, 0x11, 0x66, 0x6a, 0xaa, 0x10, 0x00, 0x00,
    0x00, 0x00, 0x00, 0x1a, 0xaa, 0xa6, 0x66, 0x11, 0x19, 0x11, 0x16, 0x6a, 0xaa, 0xa1, 0x00, 0x00,
    0x00, 0x00, 0x00, 0x1a, 0xaa, 0x66, 0x66, 0x11, 0x99, 0x91, 0x16, 0x66, 0xaa, 0xa1, 0x00, 0x00,
    0x00, 0x00, 0x00, 0x1a, 0xaa, 0x66, 0x66, 0x19, 0x99, 0x99, 0x16, 0x66, 0xaa, 0xa1, 0x00, 0x00,
    0x00, 0x00, 0x00, 0x1a, 0xaa, 0x66, 0x66, 0x11, 0x99, 0x91, 0x16, 0x66, 0xaa, 0xa1, 0x00, 0x00,
    0x00, 0x00, 0x00, 0x1a, 0xaa, 0xa6, 0x66, 0x11, 0x19, 0x11, 0x16, 0x6a, 0xaa, 0xa1, 0x00, 0x00,
    0x00, 0x00, 0x00, 0x01, 0xaa, 0xa6, 0x66, 0x61, 0x11, 0x11, 0x66, 0x6a, 0xaa, 0x10, 0x00, 0x00,
    0x00, 0x00, 0x00, 0x01, 0xaa, 0xaa, 0x66, 0x66, 0x11, 0x16, 0x66, 0xaa, 0xaa, 0x10, 0x00, 0x00,
    0x00, 0x00, 0x00, 0x00, 0x1a, 0xaa, 0xaa, 0x66, 0x66, 0x66, 0xaa, 0xaa, 0xa1, 0x00, 0x00, 0x00,
    0x00, 0x00, 0x00, 0x00, 0x0a, 0x1a, 0xaa, 0xaa, 0xaa, 0xaa, 0xaa, 0xa1, 0xa0, 0x00, 0x00, 0x00,
    0x00, 0x00, 0x00, 0x00, 0xa0, 0x01, 0x1a, 0xaa, 0xaa, 0xaa, 0xa1, 0x10, 0x0a, 0x00, 0x00, 0x00,
    0x00, 0x00, 0x00, 0x0a, 0x00, 0x00, 0x01, 0x11, 0x11, 0x11, 0x10, 0x00, 0x00, 0xa0, 0x00, 0x00,
    0x00, 0x00, 0x00, 0xa0, 0x00, 0x00, 0x00, 0x00, 0x00, 0x00, 0x00, 0x00, 0x00, 0x0a, 0x00, 0x00,
    0x00, 0x00, 0x00, 0xa0, 0x00, 0x00, 0x00, 0x00, 0x00, 0x00, 0x00, 0x00, 0x00, 0x0a, 0x00, 0x00,
    0x00, 0x00, 0x0a, 0x00, 0x00, 0x00, 0x00, 0x00, 0x00, 0x00, 0x00, 0x00, 0x00, 0x00, 0xa0, 0x00,
    0x00, 0x00, 0xa0, 0x00, 0x00, 0x00, 0x00, 0x00, 0x00, 0x00, 0x00, 0x00, 0x00, 0x00, 0x0a, 0x00,
    0x00, 0x0a, 0x00, 0x00, 0x00, 0x00, 0x00, 0x00, 0x00, 0x00, 0x00, 0x00, 0x00, 0x00, 0x00, 0xa0,
    0x00, 0x00, 0x00, 0x00, 0x00, 0x00, 0x00, 0x00, 0x00, 0x00, 0x00, 0x00, 0x00, 0x00, 0x00, 0x00,
    0x00, 0x00, 0x00, 0x00, 0x00, 0x00, 0x00, 0x00, 0x00, 0x00, 0x00, 0x00, 0x00, 0x00, 0x00, 0x00,
};
static const uint8_t pixels_eye_3[] = {
    0x00, 0x00, 0x00, 0x00, 0x00, 0x00, 0x00, 0x00, 0x00, 0x00, 0x00, 0x00, 0x00, 0x00, 0x00, 0x00,
    0x00, 0x00, 0x00, 0x00, 0x00, 0x00, 0x00, 0x00, 0x00, 0x00, 0x00, 0x00, 0x00, 0x00, 0x00, 0x00,
    0x00, 0x00, 0x00, 0x00, 0x00, 0x00, 0x00, 0x00, 0x00, 0x00, 0x00, 0x00, 0x00, 0x00, 0x00, 0x00,
    0x00, 0x00, 0x00, 0x00, 0x00, 0x00, 0x00, 0x00, 0x00, 0x00, 0x00, 0x00, 0x00, 0x00, 0x00, 0x00,
    0x00, 0x00, 0x00, 0x00, 0x00, 0x0d, 0x00, 0x00, 0x00, 0x00, 0x00, 0x00, 0x00, 0x00, 0x00, 0x00,
    0x00, 0x00, 0x00, 0x00, 0x00, 0x0d, 0x00, 0x00, 0x00, 0x00, 0x00, 0x00, 0x00, 0x00, 0x00, 0x00,
    0x00, 0x00, 0x00, 0x00, 0x00, 0x00, 0xd0, 0x00, 0x00, 0x00, 0x00, 0x00, 0x00, 0x00, 0x00, 0x00,
    0x00, 0x00, 0x00, 0x00, 0x00, 0x00, 0xd0, 0x00, 0x00, 0x00, 0x00, 0x00, 0x00, 0x00, 0x00, 0x00,
    0x00, 0x00, 0x00, 0x00, 0x00, 0x00, 0x0d, 0x11, 0x11, 0x11, 0x10, 0x00, 0x00, 0x00, 0x00, 0x00,
    0x00, 0x00, 0x00, 0x00, 0x00, 0x01, 0x1d, 0xaa, 0xaa, 0xaa, 0xa1, 0x10, 0x00, 0x00, 0x00, 0x00,
    0x00, 0x00, 0x00, 0x00, 0x01, 0x1a, 0xaa, 0xda, 0xaa, 0xaa, 0xaa, 0xa1, 0x10, 0x00, 0x00, 0x00,
    0x00, 0x00, 0x00, 0x00, 0x1a, 0xaa, 0xaa, 0xd6, 0x66, 0x66, 0xaa, 0xaa, 0xa1, 0x00, 0x00, 0x00,
    0x00, 0x00, 0x00, 0x01, 0xaa, 0xaa, 0x66, 0x6d, 0x11, 0x16, 0x66, 0xaa, 0xaa, 0x10, 0x00, 0x00,
    0x00, 0x00, 0x00, 0x01, 0xaa, 0xa6, 0x66, 0x6d, 0x11, 0x11, 0x66, 0x6a, 0xaa, 0x10, 0x00, 0x00,
    0x00, 0x00, 0x00, 0x1a, 0xaa, 0xa6, 0x66, 0x1d, 0x19, 0x11, 0x16, 0x6a, 0xaa, 0xa1, 0x00, 0x00,
    0x00, 0x00, 0x00, 0x1a, 0xaa, 0x66, 0x66, 0x11, 0xd9, 0x91, 0x16, 0x66, 0xaa, 0xa1, 0x00, 0x00,
    0x00, 0x00, 0x00, 0x1a, 0xaa, 0x66, 0x66, 0x19, 0xd9, 0x99, 0x16, 0x66, 0xaa, 0xa1, 0x00, 0x00,
    0x00, 0x00, 0x00, 0x1a, 0xaa, 0x66, 0x66, 0x11, 0x9d, 0x91, 0x16, 0x66, 0xaa, 0xa1, 0x00, 0x00,
    0x00, 0x00, 0x00, 0x1a, 0xaa, 0xa6, 0x66, 0x11, 0x1d, 0x11, 0x16, 0x6a, 0xaa, 0xa1, 0x00, 0x00,
    0x00, 0x00, 0x00, 0x01, 0xaa, 0xa6, 0x66, 0x61, 0x11, 0xd1, 0x66, 0x6a, 0xaa, 0x10, 0x00, 0x00,
    0x00, 0x00, 0x00, 0x01, 0xaa, 0xaa, 0x66, 0x66, 0x11, 0xd6, 0x66, 0xaa, 0xaa, 0x10, 0x00, 0x00,
    0x00, 0x00, 0x00, 0x00, 0x1a, 0xaa, 0xaa, 0x66, 0x66, 0xd6, 0xaa, 0xaa, 0xa1, 0x00, 0x00, 0x00,
    0x00, 0x00, 0x00, 0x00, 0x0a, 0x1a, 0xaa, 0xaa, 0xaa, 0xad, 0xaa, 0xa1, 0xa0, 0x00, 0x00, 0x00,
    0x00, 0x00, 0x00, 0x00, 0xa0, 0x01, 0x1a, 0xaa, 0xaa, 0xad, 0xa1, 0x10, 0x0a, 0x00, 0x00, 0x00,
    0x00, 0x00, 0x00, 0x00, 0xa0, 0x00, 0x01, 0x11, 0x11, 0x11, 0xd0, 0x00, 0x0a, 0x00, 0x00, 0x00,
    0x00, 0x00, 0x00, 0x0a, 0x00, 0x00, 0x00, 0x00, 0x00, 0x00, 0xd0, 0x00, 0x00, 0xa0, 0x00, 0x00,
    0x00, 0x00, 0x00, 0xa0, 0x00, 0x00, 0x00, 0x00, 0x00, 0x00, 0x0d, 0x00, 0x00, 0x0a, 0x00, 0x00,
    0x00, 0x00, 0x0a, 0x00, 0x00, 0x00, 0x00, 0x00, 0x00, 0x00, 0x0d, 0x00, 0x00, 0x00, 0xa0, 0x00,
    0x00, 0x00, 0x09, 0x99, 0x99, 0x99, 0x99, 0x99, 0x99, 0x99, 0x99, 0xd9, 0x99, 0x99, 0xa0, 0x00,
    0x00, 0x00, 0xa9, 0x99, 0x99, 0x99, 0x99, 0x99, 0x99, 0x99, 0x99, 0xd9, 0x99, 0x99, 0x0a, 0x00,
    0x00, 0x00, 0x00, 0x00, 0x00, 0x00, 0x00, 0x00, 0x00, 0x00, 0x00, 0x00, 0x00, 0x00, 0x00, 0x00,
    0x00, 0x00, 0x00, 0x00, 0x00, 0x00, 0x00, 0x00, 0x00, 0x00, 0x00, 0x00, 0x00, 0x00, 0x00, 0x00,
};
static const uint8_t pixels_warden_0[] = {
    0x00, 0x00, 0x00, 0x00, 0x00, 0x00, 0x00, 0x00, 0x00, 0x00, 0x00, 0x00, 0x00, 0x00, 0x00, 0x00,
    0x00, 0x00, 0x00, 0x00, 0x00, 0x00, 0x00, 0x00, 0x00, 0x00, 0x00, 0x00, 0x00, 0x00, 0x00, 0x00,
    0x00, 0x00, 0x00, 0x00, 0x00, 0x00, 0x00, 0x00, 0x00, 0x00, 0x00, 0x00, 0x00, 0x00, 0x00, 0x00,
    0x00, 0x00, 0x00, 0x00, 0x00, 0x00, 0x55, 0x51, 0x55, 0x55, 0x10, 0x00, 0x00, 0x00, 0x00, 0x00,
    0x00, 0x00, 0x00, 0x00, 0x00, 0x00, 0x55, 0x19, 0x15, 0x51, 0x91, 0x00, 0x00, 0x00, 0x00, 0x00,
    0x00, 0x00, 0x00, 0x00, 0x00, 0x00, 0x51, 0x99, 0x91, 0x19, 0x99, 0x10, 0x00, 0x00, 0x00, 0x00,
    0x00, 0x06, 0x60, 0x00, 0x00, 0x00, 0x19, 0x99, 0x91, 0x99, 0x99, 0x91, 0x00, 0x00, 0x00, 0x00,
    0x00, 0x06, 0x60, 0x00, 0x00, 0x00, 0x51, 0x99, 0x91, 0x19, 0x99, 0x10, 0x00, 0x00, 0x00, 0x00,
    0x00, 0x00, 0x66, 0x00, 0x00, 0x33, 0x55, 0x19, 0x15, 0x51, 0x91, 0x30, 0x00, 0x60, 0x00, 0x00,
    0x00, 0x00, 0x66, 0x00, 0x00, 0x33, 0x55, 0x51, 0x55, 0x55, 0x13, 0x30, 0x06, 0x66, 0x00, 0x00,
    0x00, 0x00, 0x66, 0x00, 0x00, 0x33, 0x33, 0x33, 0x33, 0x33, 0x33, 0x30, 0x06, 0x60, 0x00, 0x00,
    0x00, 0x00, 0x06, 0x60, 0x00, 0x33, 0x33, 0x33, 0x33, 0x33, 0x33, 0x30, 0x66, 0x60, 0x00, 0x00,
    0x00, 0x00, 0x06, 0x60, 0x00, 0x33, 0x33, 0x33, 0x33, 0x33, 0x33, 0x36, 0x66, 0x00, 0x00, 0x00,
    0x00, 0x00, 0x06, 0x6f, 0xf0, 0x33, 0x33, 0x33, 0x33, 0x33, 0x33, 0x36, 0x60, 0x00, 0x00, 0x00,
    0x00, 0x00, 0x0f, 0x66, 0xf0, 0x33, 0x33, 0x33, 0x33, 0x33, 0x33, 0x66, 0x60, 0x00, 0x00, 0x00,
    0x00, 0x00, 0x0f, 0x66, 0xf0, 0x33, 0x33, 0x33, 0x33, 0x33, 0x33, 0x36, 0x00, 0x00, 0x00, 0x00,
    0x00, 0x00, 0x0f, 0xff, 0xfa, 0xaa, 0xaa, 0xaa, 0xaa, 0xaa, 0xaa, 0xaa, 0xa0, 0x00, 0x00, 0x00,
    0x00, 0x00, 0x0f, 0xff, 0xfa, 0xaa, 0xaa, 0xaa, 0xaa, 0xaa, 0xaa, 0xaa, 0xa0, 0x00, 0x00, 0x00,
    0x00, 0x00, 0x0f, 0xff, 0xfa, 0xaa, 0xaa, 0xaa, 0xaa, 0xaa, 0xaa, 0xaa, 0xa0, 0x00, 0x00, 0x00,
    0x00, 0x00, 0x0f, 0xff, 0xfa, 0xaa, 0xaa, 0xaa, 0xaa, 0xaa, 0xaa, 0xaa, 0xa0, 0x00, 0x00, 0x00,
    0x00, 0x00, 0x0f, 0xff, 0xfa, 0xaa, 0xaa, 0xaa, 0xaa, 0xaa, 0xaa, 0xaa, 0xa0, 0x00, 0x00, 0x00,
    0x00, 0x00, 0x0f, 0xff, 0xfa, 0xaa, 0xaa, 0xaa, 0xaa, 0xaa, 0xaa, 0xaa, 0xa0, 0x00, 0x00, 0x00,
    0x00, 0x00, 0x0f, 0xff, 0xfa, 0xaa, 0xaa, 0xaa, 0xaa, 0xaa, 0xaa, 0xaa, 0xa0, 0x00, 0x00, 0x00,
    0x00, 0x00, 0x0f, 0xff, 0xfa, 0xaa, 0xaa, 0xaa, 0xaa, 0xaa, 0xaa, 0xaa, 0xa0, 0x00, 0x00, 0x00,
    0x00, 0x00, 0x0f, 0xff, 0xfa, 0xaa, 0xaa, 0xaa, 0xaa, 0xaa, 0xaa, 0xaa, 0xa0, 0x00, 0x00, 0x00,
    0x00, 0x00, 0x0f, 0xff, 0xfa, 0xaa, 0xaa, 0xaa, 0xaa, 0xaa, 0xaa, 0xaa, 0xa0, 0x00, 0x00, 0x00,
    0x00, 0x00, 0x0f, 0xff, 0xfa, 0xaa, 0xaa, 0xaa, 0xaa, 0xaa, 0xaa, 0xaa, 0xa0, 0x00, 0x00, 0x00,
    0x00, 0x00, 0x0f, 0xff, 0xfa, 0xaa, 0xaa, 0xaa, 0xaa, 0xaa, 0xaa, 0xaa, 0xa0, 0x00, 0x00, 0x00,
    0x00, 0x00, 0x0f, 0xff, 0xf0, 0x00, 0x00, 0x00, 0x00, 0x00, 0x00, 0x00, 0x00, 0x00, 0x00, 0x00,
    0x00, 0x00, 0x00, 0x00, 0x00, 0x00, 0x00, 0x00, 0x00, 0x00, 0x00, 0x00, 0x00, 0x00, 0x00, 0x00,
    0x00, 0x00, 0x00, 0x00, 0x00, 0x00, 0x00, 0x00, 0x00, 0x00, 0x00, 0x00, 0x00, 0x00, 0x00, 0x00,
    0x00, 0x00, 0x00, 0x00, 0x00, 0x00, 0x00, 0x00, 0x00, 0x00, 0x00, 0x00, 0x00, 0x00, 0x00, 0x00,
};
static const uint8_t pixels_warden_1[] = {
    0x00, 0x00, 0x00, 0x00, 0x00, 0x00, 0x00, 0x00, 0x00, 0x00, 0x00, 0x00, 0x00, 0x00, 0x00, 0x00,
    0x00, 0x00, 0x00, 0x00, 0x00, 0x00, 0x00, 0x00, 0x00, 0x00, 0x00, 0x00, 0x00, 0x00, 0x00, 0x00,
    0x00, 0x00, 0x00, 0x00, 0x00, 0x00, 0x00, 0x00, 0x00, 0x00, 0x00, 0x00, 0x00, 0x00, 0x00, 0x00,
    0x00, 0x00, 0x00, 0x00, 0x00, 0x00, 0x55, 0x51, 0x55, 0x55, 0x10, 0x00, 0x00, 0x00, 0x00, 0x00,
    0x00, 0x00, 0x00, 0x00, 0x00, 0x00, 0x55, 0x19, 0x15, 0x51, 0x91, 0x00, 0x00, 0x00, 0x00, 0x00,
    0x00, 0x00, 0x00, 0x00, 0x00, 0x00, 0x51, 0x99, 0x91, 0x19, 0x99, 0x10, 0x00, 0x00, 0x00, 0x00,
    0x00, 0x06, 0x60, 0x00, 0x00, 0x00, 0x19, 0x99, 0x91, 0x99, 0x99, 0x91, 0x00, 0x00, 0x00, 0x00,
    0x00, 0x06, 0x60, 0x00, 0x00, 0x00, 0x51, 0x99, 0x91, 0x19, 0x99, 0x10, 0x00, 0x00, 0x00, 0x00,
    0x00, 0x00, 0x66, 0x00, 0x00, 0x33, 0x55, 0x19, 0x15, 0x51, 0x91, 0x30, 0x00, 0x60, 0x00, 0x00,
    0x00, 0x00, 0x66, 0x00, 0x00, 0x33, 0x55, 0x51, 0x55, 0x55, 0x13, 0x30, 0x06, 0x66, 0x00, 0x00,
    0x00, 0x00, 0x66, 0x00, 0x00, 0x33, 0x33, 0x33, 0x33, 0x33, 0x33, 0x30, 0x06, 0x60, 0x00, 0x00,
    0x00, 0x00, 0x06, 0x60, 0x00, 0x33, 0x33, 0x33, 0x33, 0x33, 0x33, 0x30, 0x66, 0x60, 0x00, 0x00,
    0x00, 0x00, 0x06, 0x60, 0x00, 0x33, 0x33, 0x33, 0x33, 0x33, 0x33, 0x36, 0x66, 0x00, 0x00, 0x00,
    0x00, 0x00, 0x06, 0x6f, 0xf0, 0x33, 0x33, 0x33, 0x33, 0x33, 0x33, 0x36, 0x60, 0x00, 0x00, 0x00,
    0x00, 0x00, 0x0f, 0x66, 0xf0, 0x33, 0x33, 0x33, 0x33, 0x33, 0x33, 0x66, 0x60, 0x00, 0x00, 0x00,
    0x00, 0x00, 0x0f, 0x66, 0xf0, 0x33, 0x33, 0x33, 0x33, 0x33, 0x33, 0x36, 0x00, 0x00, 0x00, 0x00,
    0x00, 0x00, 0x0f, 0xff, 0xfa, 0xaa, 0xaa, 0xaa, 0xaa, 0xaa, 0xaa, 0xaa, 0xa0, 0x00, 0x00, 0x00,
    0x00, 0x00, 0x0f, 0xff, 0xfa, 0xaa, 0xaa, 0xaa, 0xaa, 0xaa, 0xaa, 0xaa, 0xa0, 0x00, 0x00, 0x00,
    0x00, 0x00, 0x0f, 0xff, 0xfa, 0xaa, 0xaa, 0xaa, 0xaa, 0xaa, 0xaa, 0xaa, 0xa0, 0x00, 0x00, 0x00,
    0x00, 0x00, 0x0f, 0xff, 0xfa, 0xaa, 0xaa, 0xaa, 0xaa, 0xaa, 0xaa, 0xaa, 0xa0, 0x00, 0x00, 0x00,
    0x00, 0x00, 0x0f, 0xff, 0xfa, 0xaa, 0xaa, 0xaa, 0xaa, 0xaa, 0xaa, 0xaa, 0xa0, 0x00, 0x00, 0x00,
    0x00, 0x00, 0x0f, 0xff, 0xfa, 0xaa, 0xaa, 0xaa, 0xaa, 0xaa, 0xaa, 0xaa, 0xa0, 0x00, 0x00, 0x00,
    0x00, 0x00, 0x0f, 0xff, 0xfa, 0xaa, 0xaa, 0xaa, 0xaa, 0xaa, 0xaa, 0xaa, 0xa0, 0x00, 0x00, 0x00,
    0x00, 0x00, 0x0f, 0xff, 0xfa, 0xaa, 0xaa, 0xaa, 0xaa, 0xaa, 0xaa, 0xaa, 0xa0, 0x00, 0x00, 0x00,
    0x00, 0x00, 0x0f, 0xff, 0xfa, 0xaa, 0xaa, 0xaa, 0xaa, 0xaa, 0xaa, 0xaa, 0xa0, 0x00, 0x00, 0x00,
    0x00, 0x00, 0x0f, 0xff, 0xfa, 0xaa, 0xaa, 0xaa, 0xaa, 0xaa, 0xaa, 0xaa, 0xa0, 0x00, 0x00, 0x00,
    0x00, 0x00, 0x0f, 0xff, 0xfa, 0xaa, 0xaa, 0xaa, 0xaa, 0xaa, 0xaa, 0xaa, 0xa0, 0x00, 0x00, 0x00,
    0x00, 0x00, 0x0f, 0xff, 0xfa, 0xaa, 0xaa, 0xaa, 0xaa, 0xaa, 0xaa, 0xaa, 0xa0, 0x00, 0x00, 0x00,
    0x00, 0x00, 0x0f, 0xff, 0xf0, 0x00, 0x00, 0x00, 0x00, 0x00, 0x00, 0x00, 0x00, 0x00, 0x00, 0x00,
    0x00, 0x00, 0x00, 0x00, 0x00, 0x00, 0x00, 0x00, 0x00, 0x00, 0x00, 0x00, 0x00, 0x00, 0x00, 0x00,
    0x00, 0x00, 0x00, 0x00, 0x00, 0x00, 0x00, 0x00, 0x00, 0x00, 0x00, 0x00, 0x00, 0x00, 0x00, 0x00,
    0x00, 0x00, 0x00, 0x00, 0x00, 0x00, 0x00, 0x00, 0x00, 0x00, 0x00, 0x00, 0x00, 0x00, 0x00, 0x00,
};
static const uint8_t pixels_warden_2[] = {
    0x00, 0x00, 0x00, 0x00, 0x00, 0x00, 0x00, 0x00, 0x00, 0x00, 0x00, 0x00, 0x00, 0x00, 0x00, 0x00,
    0x00, 0x00, 0x00, 0x00, 0x00, 0x00, 0x00, 0x00, 0x00, 0x00, 0x00, 0x00, 0x00, 0x00, 0x00, 0x00,
    0x00, 0x00, 0x00, 0x00, 0x00, 0x00, 0x00, 0x00, 0x00, 0x00, 0x00, 0x00, 0x00, 0x00, 0x00, 0x00,
    0x00, 0x00, 0x00, 0x00, 0x00, 0x00, 0x55, 0x51, 0x55, 0x55, 0x10, 0x00, 0x00, 0x00, 0x00, 0x00,
    0x00, 0x00, 0x00, 0x00, 0x00, 0x00, 0x55, 0x19, 0x15, 0x51, 0x91, 0x00, 0x00, 0x00, 0x00, 0x00,
    0x06, 0x00, 0x00, 0x00, 0x00, 0x00, 0x51, 0x99, 0x91, 0x19, 0x99, 0x10, 0x00, 0x00, 0x00, 0x00,
    0x66, 0x60, 0x00, 0x00, 0x00, 0x00, 0x19, 0x99, 0x91, 0x99, 0x99, 0x91, 0x00, 0x00, 0x00, 0x00,
    0x06, 0x60, 0x00, 0x00, 0x00, 0x00, 0x51, 0x99, 0x91, 0x19, 0x99, 0x10, 0x00, 0x00, 0x00, 0x00,
    0x06, 0x66, 0x00, 0x00, 0x00, 0x33, 0x55, 0x19, 0x15, 0x51, 0x91, 0x30, 0x00, 0x00, 0x00, 0x60,
    0x00, 0x66, 0x60, 0x00, 0x00, 0x33, 0x55, 0x51, 0x55, 0x55, 0x13, 0x30, 0x00, 0x00, 0x06, 0x66,
    0x00, 0x06, 0x60, 0x00, 0x00, 0x33, 0x33, 0x33, 0x33, 0x33, 0x33, 0x30, 0x00, 0x06, 0x66, 0x60,
    0x00, 0x06, 0x66, 0x00, 0x00, 0x33, 0x33, 0x33, 0x33, 0x33, 0x33, 0x30, 0x00, 0x66, 0x60, 0x00,
    0x00, 0x00, 0x66, 0x60, 0x00, 0x33, 0x33, 0x33, 0x33, 0x33, 0x33, 0x30, 0x06, 0x66, 0x00, 0x00,
    0x00, 0x00, 0x06, 0x6f, 0xf0, 0x33, 0x33, 0x33, 0x33, 0x33, 0x33, 0x36, 0x66, 0x60, 0x00, 0x00,
    0x00, 0x00, 0x06, 0x66, 0xf0, 0x33, 0x33, 0x33, 0x33, 0x33, 0x33, 0x66, 0x60, 0x00, 0x00, 0x00,
    0x00, 0x00, 0x0f, 0x6f, 0xf0, 0x33, 0x33, 0x33, 0x33, 0x33, 0x33, 0x36, 0x00, 0x00, 0x00, 0x00,
    0x00, 0x00, 0x0f, 0xff, 0xfa, 0xaa, 0xaa, 0xaa, 0xaa, 0xaa, 0xaa, 0xaa, 0xa0, 0x00, 0x00, 0x00,
    0x00, 0x00, 0x0f, 0xff, 0xfa, 0xaa, 0xaa, 0xaa, 0xaa, 0xaa, 0xaa, 0xaa, 0xa0, 0x00, 0x00, 0x00,
    0x00, 0x00, 0x0f, 0xff, 0xfa, 0xaa, 0xaa, 0xaa, 0xaa, 0xaa, 0xaa, 0xaa, 0xa0, 0x00, 0x00, 0x00,
    0x00, 0x00, 0x0f, 0xff, 0xfa, 0xaa, 0xaa, 0xaa, 0xaa, 0xaa, 0xaa, 0xaa, 0xa0, 0x00, 0x00, 0x00,
    0x00, 0x00, 0x0f, 0xff, 0xfa, 0xaa, 0xaa, 0xaa, 0xaa, 0xaa, 0xaa, 0xaa, 0xa0, 0x00, 0x00, 0x00,
    0x00, 0x00, 0x0f, 0xff, 0xfa, 0xaa, 0xaa, 0xaa, 0xaa, 0xaa, 0xaa, 0xaa, 0xa0, 0x00, 0x00, 0x00,
    0x00, 0x00, 0x0f, 0xff, 0xfa, 0xaa, 0xaa, 0xaa, 0xaa, 0xaa, 0xaa, 0xaa, 0xa0, 0x00, 0x00, 0x00,
    0x00, 0x00, 0x0f, 0xff, 0xfa, 0xaa, 0xaa, 0xaa, 0xaa, 0xaa, 0xaa, 0xaa, 0xa0, 0x00, 0x00, 0x00,
    0x00, 0x00, 0x0f, 0xff, 0xfa, 0xaa, 0xaa, 0xaa, 0xaa, 0xaa, 0xaa, 0xaa, 0xa0, 0x00, 0x00, 0x00,
    0x00, 0x00, 0x0f, 0xff, 0xfa, 0xaa, 0xaa, 0xaa, 0xaa, 0xaa, 0xaa, 0xaa, 0xa0, 0x00, 0x00, 0x00,
    0x00, 0x00, 0x0f, 0xff, 0xfa, 0xaa, 0xaa, 0xaa, 0xaa, 0xaa, 0xaa, 0xaa, 0xa0, 0x00, 0x00, 0x00,
    0x00, 0x00, 0x0f, 0xff, 0xfa, 0xaa, 0xaa, 0xaa, 0xaa, 0xaa, 0xaa, 0xaa, 0xa0, 0x00, 0x00, 0x00,
    0x00, 0x00, 0x0f, 0xff, 0xf0, 0x00, 0x00, 0x00, 0x00, 0x00, 0x00, 0x00, 0x00, 0x00, 0x00, 0x00,
    0x00, 0x00, 0x00, 0x00, 0x00, 0x00, 0x00, 0x00, 0x00, 0x00, 0x00, 0x00, 0x00, 0x00, 0x00, 0x00,
    0x00, 0x00, 0x00, 0x00, 0x00, 0x00, 0x00, 0x00, 0x00, 0x00, 0x00, 0x00, 0x00, 0x00, 0x00, 0x00,
    0x00, 0x00, 0x00, 0x00, 0x00, 0x00, 0x00, 0x00, 0x00, 0x00, 0x00, 0x00, 0x00, 0x00, 0x00, 0x00,
};
static const uint8_t pixels_warden_3[] = {
    0x00, 0x00, 0x00, 0x00, 0x00, 0x00, 0x00, 0x00, 0x00, 0x00, 0x00, 0x00, 0x00, 0x00, 0x00, 0x00,
    0x00, 0x00, 0x00, 0x00, 0x00, 0x00, 0x00, 0x00, 0x00, 0x00, 0x00, 0x00, 0x00, 0x00, 0x00, 0x00,
    0x00, 0xd0, 0x00, 0x00, 0x00, 0x00, 0x00, 0x00, 0xd0, 0x00, 0x00, 0x00, 0x00, 0x00, 0x00, 0xd0,
    0x00, 0x0d, 0x00, 0x00, 0x00, 0x00, 0x55, 0x51, 0xd5, 0x55, 0x10, 0x00, 0x00, 0x00, 0x0d, 0x00,
    0x00, 0x00, 0xd0, 0x00, 0x00, 0x00, 0x55, 0x19, 0xd5, 0x51, 0x91, 0x00, 0x00, 0x00, 0xd0, 0x00,
    0x00, 0x00, 0x0d, 0x00, 0x00, 0x00, 0x51, 0x99, 0xd1, 0x19, 0x99, 0x10, 0x00, 0x0d, 0x00, 0x00,
    0x00, 0x06, 0x60, 0xd0, 0x00, 0x00, 0x19, 0x99, 0xd1, 0x99, 0x99, 0x91, 0x00, 0xd0, 0x00, 0x00,
    0x00, 0x06, 0x60, 0x0d, 0x00, 0x00, 0x51, 0x99, 0xd1, 0x19, 0x99, 0x10, 0x0d, 0x00, 0x00, 0x00,
    0x00, 0x00, 0x66, 0x00, 0xd0, 0x33, 0x55, 0x19, 0xd5, 0x51, 0x91, 0x30, 0xd0, 0x60, 0x00, 0x00,
    0x00, 0x00, 0x66, 0x00, 0x0d, 0x33, 0x55, 0x51, 0xd5, 0x55, 0x13, 0x3d, 0x06, 0x66, 0x00, 0x00,
    0x00, 0x00, 0x66, 0x00, 0x00, 0xd3, 0x33, 0x33, 0xd3, 0x33, 0x33, 0xd0, 0x06, 0x60, 0x00, 0x00,
    0x00, 0x00, 0x06, 0x60, 0x00, 0x3d, 0x33, 0x33, 0xd3, 0x33, 0x3d, 0x30, 0x66, 0x60, 0x00, 0x00,
    0x00, 0x00, 0x06, 0x60, 0x00, 0x33, 0xd3, 0x33, 0xd3, 0x33, 0xd3, 0x36, 0x66, 0x00, 0x00, 0x00,
    0x00, 0x00, 0x06, 0x6f, 0xf0, 0x33, 0x3d, 0x33, 0xd3, 0x3d, 0x33, 0x36, 0x60, 0x00, 0x00, 0x00,
    0x00, 0x00, 0x0f, 0x66, 0xf0, 0x33, 0x33, 0xd3, 0xd3, 0xd3, 0x33, 0x66, 0x60, 0x00, 0x00, 0x00,
    0x00, 0x00, 0x0f, 0x66, 0xf0, 0x33, 0x33, 0x3d, 0xdd, 0x33, 0x33, 0x36, 0x00, 0x00, 0x00, 0x00,
    0x00, 0x00, 0x0f, 0xff, 0xfa, 0xaa, 0xaa, 0xaa, 0xda, 0xaa, 0xaa, 0xaa, 0xa0, 0x00, 0x00, 0x00,
    0x00, 0x00, 0x0f, 0xff, 0xfa, 0xaa, 0xaa, 0xad, 0xad, 0xaa, 0xaa, 0xaa, 0xa0, 0x00, 0x00, 0x00,
    0x00, 0x00, 0x0f, 0xff, 0xfa, 0xaa, 0xaa, 0xda, 0xaa, 0xda, 0xaa, 0xaa, 0xa0, 0x00, 0x00, 0x00,
    0x00, 0x00, 0x0f, 0xff, 0xfa, 0xaa, 0xdd, 0xaa, 0xaa, 0xad, 0xda, 0xaa, 0xa0, 0x00, 0x00, 0x00,
    0x00, 0x00, 0x0f, 0xff, 0xfa, 0xad, 0xaa, 0xaa, 0xaa, 0xaa, 0xad, 0xaa, 0xa0, 0x00, 0x00, 0x00,
    0x00, 0x00, 0x0f, 0xff, 0xfa, 0xda, 0xaa, 0xaa, 0xaa, 0xaa, 0xaa, 0xda, 0xa0, 0x00, 0x00, 0x00,
    0x00, 0x00, 0x0f, 0xff, 0xfd, 0xaa, 0xaa, 0xaa, 0xaa, 0xaa, 0xaa, 0xad, 0xa0, 0x00, 0x00, 0x00,
    0x00, 0x00, 0x0f, 0xff, 0xfa, 0xaa, 0xaa, 0xaa, 0xaa, 0xaa, 0xaa, 0xaa, 0xa0, 0x00, 0x00, 0x00,
    0x00, 0x00, 0x0f, 0xff, 0xfa, 0xaa, 0xaa, 0xaa, 0xaa, 0xaa, 0xaa, 0xaa, 0xa0, 0x00, 0x00, 0x00,
    0x00, 0x00, 0x0f, 0xff, 0xfa, 0xaa, 0xaa, 0xaa, 0xaa, 0xaa, 0xaa, 0xaa, 0xa0, 0x00, 0x00, 0x00,
    0x00, 0x00, 0x0f, 0xff, 0xfa, 0xaa, 0xaa, 0xaa, 0xaa, 0xaa, 0xaa, 0xaa, 0xa0, 0x00, 0x00, 0x00,
    0x00, 0x00, 0x0f, 0xff, 0xfa, 0xaa, 0xaa, 0xaa, 0xaa, 0xaa, 0xaa, 0xaa, 0xa0, 0x00, 0x00, 0x00,
    0x00, 0x00, 0x0f, 0xff, 0xf0, 0x00, 0x00, 0x00, 0x00, 0x00, 0x00, 0x00, 0x00, 0x00, 0x00, 0x00,
    0x00, 0x00, 0x00, 0x00, 0x00, 0x00, 0x00, 0x00, 0x00, 0x00, 0x00, 0x00, 0x00, 0x00, 0x00, 0x00,
    0x00, 0x00, 0x00, 0x00, 0x00, 0x00, 0x00, 0x00, 0x00, 0x00, 0x00, 0x00, 0x00, 0x00, 0x00, 0x00,
    0x00, 0x00, 0x00, 0x00, 0x00, 0x00, 0x00, 0x00, 0x00, 0x00, 0x00, 0x00, 0x00, 0x00, 0x00, 0x00,
};
static const uint8_t pixels_wyrm_0[] = {
    0x00, 0x00, 0x00, 0x00, 0x00, 0x00, 0x00, 0x00, 0x00, 0x00, 0x00, 0x00, 0x00, 0x00, 0x00, 0x00,
    0x00, 0x00, 0x00, 0x00, 0x00, 0x00, 0x00, 0x00, 0x00, 0x00, 0x00, 0x00, 0x00, 0x00, 0x00, 0x00,
    0x00, 0x00, 0x00, 0x00, 0x00, 0x00, 0x00, 0x00, 0x00, 0x00, 0x00, 0x00, 0x00, 0x00, 0x00, 0x00,
    0x00, 0x00, 0x00, 0x00, 0x00, 0x00, 0x00, 0x00, 0x00, 0x00, 0x00, 0x00, 0x00, 0x00, 0x00, 0x00,
    0x00, 0x00, 0x00, 0x00, 0x00, 0x00, 0x00, 0x00, 0x00, 0x00, 0x00, 0x00, 0x00, 0x00, 0x00, 0x00,
    0x00, 0x00, 0x00, 0x00, 0x00, 0x00, 0x00, 0x00, 0x00, 0x00, 0x00, 0x00, 0x00, 0x00, 0x00, 0x00,
    0x00, 0x00, 0x00, 0x00, 0x00, 0x00, 0x00, 0x00, 0x00, 0x00, 0x00, 0x00, 0x00, 0x00, 0x06, 0x00,
    0x00, 0x00, 0x00, 0x00, 0x00, 0x00, 0x00, 0x00, 0x00, 0x00, 0x00, 0x00, 0x00, 0x06, 0x66, 0x60,
    0x00, 0x00, 0x00, 0x00, 0x00, 0x00, 0x00, 0x00, 0x00, 0x00, 0x11, 0x11, 0x00, 0x66, 0x60, 0x00,
    0x00, 0x00, 0x00, 0x00, 0x00, 0x00, 0x00, 0x00, 0x00, 0x01, 0xaa, 0xaa, 0x66, 0x66, 0x10, 0x00,
    0x00, 0x00, 0x00, 0x00, 0x00, 0x00, 0x00, 0x00, 0x00, 0x01, 0xaa, 0xa6, 0x61, 0xaa, 0x10, 0x00,
    0x00, 0x00, 0x00, 0x00, 0x00, 0x00, 0x00, 0x00, 0x00, 0x1a, 0xa6, 0x66, 0x19, 0x1a, 0xa1, 0x00,
    0x00, 0x00, 0x00, 0x00, 0x00, 0x00, 0x00, 0x00, 0x00, 0x1a, 0x66, 0x61, 0x99, 0x91, 0xa1, 0x00,
    0x00, 0x00, 0x00, 0x00, 0x00, 0x00, 0x00, 0x00, 0x01, 0x66, 0x66, 0x19, 0x99, 0x99, 0x11, 0x00,
    0x00, 0x00, 0x00, 0x00, 0x00, 0x00, 0x00, 0x00, 0x1a, 0xa6, 0xaa, 0xa1, 0x99, 0x91, 0xaa, 0x10,
    0x00, 0x00, 0x00, 0x00, 0x01, 0x00, 0x00, 0x00, 0x1a, 0xaa, 0xaa, 0xaa, 0x19, 0x1a, 0xaa, 0x10,
    0x00, 0x00, 0x00, 0x00, 0x1a, 0x11, 0x00, 0x01, 0xaa, 0xaa, 0xaa, 0xaa, 0xa1, 0xaa, 0xa1, 0x00,
    0x00, 0x00, 0x00, 0x00, 0x1a, 0xaa, 0x11, 0x01, 0xaa, 0xaa, 0xaa, 0xaa, 0xaa, 0xaa, 0x10, 0x00,
    0x00, 0x00, 0x00, 0x01, 0xaa, 0xaa, 0xaa, 0x1a, 0xaa, 0xaa, 0xaa, 0xaa, 0xaa, 0x11, 0x00, 0x00,
    0x00, 0x00, 0x00, 0x1a, 0xaa, 0xaa, 0xaa, 0xaa, 0xaa, 0xaa, 0xaa, 0xaa, 0xa1, 0x00, 0x00, 0x00,
    0x00, 0x00, 0x01, 0xaa, 0xaa, 0xaa, 0xaa, 0xaa, 0xaa, 0xaa, 0xaa, 0xaa, 0x10, 0x00, 0x00, 0x00,
    0x00, 0x00, 0x01, 0xaa, 0xaa, 0xaa, 0xaa, 0xaa, 0xaa, 0xaa, 0xaa, 0xa1, 0x00, 0x00, 0x00, 0x00,
    0x00, 0x00, 0x1a, 0xaa, 0xaa, 0xaa, 0xaa, 0xaa, 0xaa, 0xaa, 0xaa, 0xaa, 0x10, 0x00, 0x00, 0x00,
    0x00, 0x01, 0xaa, 0xaa, 0xaa, 0xaa, 0xaa, 0xaa, 0xaa, 0xaa, 0xaa, 0xaa, 0xa1, 0x00, 0x00, 0x00,
    0x00, 0x00, 0x11, 0xaa, 0xaa, 0xaa, 0xaa, 0xaa, 0xaa, 0xaa, 0xaa, 0xaa, 0xaa, 0x10, 0x00, 0x00,
    0x00, 0x00, 0x00, 0x1a, 0xaa, 0xaa, 0xaa, 0xaa, 0xaa, 0xaa, 0x11, 0x1a, 0xaa, 0x10, 0x00, 0x00,
    0x00, 0x00, 0x00, 0x01, 0x1a, 0xaa, 0xaa, 0xaa, 0xaa, 0x11, 0x00, 0x01, 0x11, 0x11, 0x00, 0x00,
    0x00, 0x00, 0x00, 0x00, 0x01, 0xaa, 0xaa, 0xaa, 0x11, 0x00, 0x00, 0x00, 0x00, 0x01, 0x10, 0x00,
    0x00, 0x00, 0x00, 0x00, 0x00, 0x11, 0xaa, 0x11, 0x00, 0x00, 0x00, 0x00, 0x00, 0x00, 0x00, 0x00,
    0x00, 0x00, 0x00, 0x00, 0x00, 0x00, 0x11, 0x00, 0x00, 0x00, 0x00, 0x00, 0x00, 0x00, 0x00, 0x00,
    0x00, 0x00, 0x00, 0x00, 0x00, 0x00, 0x00, 0x00, 0x00, 0x00, 0x00, 0x00, 0x00, 0x00, 0x00, 0x00,
    0x00, 0x00, 0x00, 0x00, 0x00, 0x00, 0x00, 0x00, 0x00, 0x00, 0x00, 0x00, 0x00, 0x00, 0x00, 0x00,
};
static const uint8_t pixels_wyrm_1[] = {
    0x00, 0x00, 0x00, 0x00, 0x00, 0x00, 0x00, 0x00, 0x00, 0x00, 0x00, 0x00, 0x00, 0x00, 0x00, 0x00,
    0x00, 0x00, 0x00, 0x00, 0x00, 0x00, 0x00, 0x00, 0x00, 0x00, 0x00, 0x00, 0x00, 0x00, 0x00, 0x00,
    0x00, 0x00, 0x00, 0x00, 0x00, 0x00, 0x00, 0x00, 0x00, 0x00, 0x00, 0x00, 0x00, 0x00, 0x00, 0x00,
    0x00, 0x00, 0x00, 0x00, 0x00, 0x00, 0x00, 0x00, 0x00, 0x00, 0x00, 0x00, 0x00, 0x00, 0x00, 0x00,
    0x00, 0x00, 0x00, 0x00, 0x00, 0x00, 0x00, 0x00, 0x00, 0x00, 0x00, 0x00, 0x00, 0x00, 0x00, 0x00,
    0x00, 0x00, 0x00, 0x00, 0x00, 0x00, 0x00, 0x00, 0x00, 0x00, 0x00, 0x00, 0x00, 0x00, 0x00, 0x00,
    0x00, 0x00, 0x00, 0x00, 0x00, 0x00, 0x00, 0x00, 0x00, 0x00, 0x00, 0x00, 0x00, 0x00, 0x06, 0x00,
    0x00, 0x00, 0x00, 0x00, 0x00, 0x00, 0x00, 0x00, 0x00, 0x00, 0x00, 0x00, 0x00, 0x06, 0x66, 0x60,
    0x00, 0x00, 0x00, 0x00, 0x00, 0x00, 0x00, 0x00, 0x00, 0x00, 0x11, 0x11, 0x00, 0x66, 0x60, 0x00,
    0x00, 0x00, 0x00, 0x00, 0x00, 0x00, 0x00, 0x00, 0x00, 0x01, 0xaa, 0xaa, 0x66, 0x66, 0x10, 0x00,
    0x00, 0x00, 0x00, 0x00, 0x00, 0x00, 0x00, 0x00, 0x00, 0x01, 0xaa, 0xa6, 0x61, 0xaa, 0x10, 0x00,
    0x00, 0x00, 0x00, 0x00, 0x00, 0x00, 0x00, 0x00, 0x00, 0x1a, 0xa6, 0x66, 0x17, 0x1a, 0xa1, 0x00,
    0x00, 0x00, 0x00, 0x00, 0x00, 0x00, 0x00, 0x00, 0x00, 0x1a, 0x66, 0x61, 0x77, 0x71, 0xa1, 0x00,
    0x00, 0x00, 0x00, 0x00, 0x00, 0x00, 0x00, 0x00, 0x01, 0x66, 0x66, 0x17, 0x77, 0x77, 0x11, 0x00,
    0x00, 0x00, 0x00, 0x00, 0x00, 0x00, 0x00, 0x00, 0x1a, 0xa6, 0xaa, 0xa1, 0x77, 0x71, 0xaa, 0x10,
    0x00, 0x00, 0x00, 0x00, 0x01, 0x00, 0x00, 0x00, 0x1a, 0xaa, 0xaa, 0xaa, 0x17, 0x1a, 0xaa, 0x10,
    0x00, 0x00, 0x00, 0x00, 0x1a, 0x11, 0x00, 0x01, 0xaa, 0xaa, 0xaa, 0xaa, 0xa1, 0xaa, 0xa1, 0x00,
    0x00, 0x00, 0x00, 0x00, 0x1a, 0xaa, 0x11, 0x01, 0xaa, 0xaa, 0xaa, 0xaa, 0xaa, 0xaa, 0x10, 0x00,
    0x00, 0x00, 0x00, 0x01, 0xaa, 0xaa, 0xaa, 0x1a, 0xaa, 0xaa, 0xaa, 0xaa, 0xaa, 0x11, 0x00, 0x00,
    0x00, 0x00, 0x00, 0x1a, 0xaa, 0xaa, 0xaa, 0xaa, 0xaa, 0xaa, 0xaa, 0xaa, 0xa1, 0x00, 0x00, 0x00,
    0x00, 0x00, 0x01, 0xaa, 0xaa, 0xaa, 0xaa, 0xaa, 0xaa, 0xaa, 0xaa, 0xaa, 0x10, 0x00, 0x00, 0x00,
    0x00, 0x00, 0x01, 0xaa, 0xaa, 0xaa, 0xaa, 0xaa, 0xaa, 0xaa, 0xaa, 0xa1, 0x00, 0x00, 0x00, 0x00,
    0x00, 0x00, 0x1a, 0xaa, 0xaa, 0xaa, 0xaa, 0xaa, 0xaa, 0xaa, 0xaa, 0xaa, 0x10, 0x00, 0x00, 0x00,
    0x00, 0x01, 0xaa, 0xaa, 0xaa, 0xaa, 0xaa, 0xaa, 0xaa, 0xaa, 0xaa, 0xaa, 0xa1, 0x00, 0x00, 0x00,
    0x00, 0x00, 0x11, 0xaa, 0xaa, 0xaa, 0xaa, 0xaa, 0xaa, 0xaa, 0xaa, 0xaa, 0xaa, 0x10, 0x00, 0x00,
    0x00, 0x00, 0x00, 0x1a, 0xaa, 0xaa, 0xaa, 0xaa, 0xaa, 0xaa, 0x11, 0x1a, 0xaa, 0x10, 0x00, 0x00,
    0x00, 0x00, 0x00, 0x01, 0x1a, 0xaa, 0xaa, 0xaa, 0xaa, 0x11, 0x00, 0x01, 0x11, 0x11, 0x00, 0x00,
    0x00, 0x00, 0x00, 0x00, 0x01, 0xaa, 0xaa, 0xaa, 0x11, 0x00, 0x00, 0x00, 0x00, 0x01, 0x10, 0x00,
    0x00, 0x00, 0x00, 0x00, 0x00, 0x11, 0xaa, 0x11, 0x00, 0x00, 0x00, 0x00, 0x00, 0x00, 0x00, 0x00,
    0x00, 0x00, 0x00, 0x00, 0x00, 0x00, 0x11, 0x00, 0x00, 0x00, 0x00, 0x00, 0x00, 0x00, 0x00, 0x00,
    0x00, 0x00, 0x00, 0x00, 0x00, 0x00, 0x00, 0x00, 0x00, 0x00, 0x00, 0x00, 0x00, 0x00, 0x00, 0x00,
    0x00, 0x00, 0x00, 0x00, 0x00, 0x00, 0x00, 0x00, 0x00, 0x00, 0x00, 0x00, 0x00, 0x00, 0x00, 0x00,
};
static const uint8_t pixels_wyrm_2[] = {
    0x00, 0x00, 0x00, 0x00, 0x00, 0x00, 0x00, 0x00, 0x00, 0x00, 0x00, 0x00, 0x00, 0x00, 0x00, 0x00,
    0x00, 0x00, 0x00, 0x00, 0x00, 0x00, 0x00, 0x00, 0x00, 0x00, 0x00, 0x00, 0x00, 0x00, 0x00, 0x00,
    0x00, 0x00, 0x00, 0x00, 0x00, 0x00, 0x00, 0x00, 0x00, 0x00, 0x00, 0x00, 0x00, 0x00, 0x00, 0x00,
    0x00, 0x00, 0x00, 0x00, 0x00, 0x00, 0x00, 0x00, 0x00, 0x00, 0x00, 0x00, 0x00, 0x00, 0x00, 0x00,
    0x00, 0x00, 0x00, 0x00, 0x00, 0x00, 0x00, 0x00, 0x00, 0x00, 0x00, 0x00, 0x00, 0x00, 0x00, 0x00,
    0x00, 0x00, 0x00, 0x00, 0x00, 0x00, 0x00, 0x00, 0x00, 0x00, 0x00, 0x00, 0x00, 0x00, 0x00, 0x00,
    0x00, 0x00, 0x00, 0x00, 0x00, 0x00, 0x00, 0x00, 0x00, 0x00, 0x00, 0x00, 0x00, 0x00, 0x00, 0x00,
    0x00, 0x00, 0x00, 0x00, 0x00, 0x00, 0x00, 0x00, 0x00, 0x00, 0x00, 0x00, 0x00, 0x00, 0x00, 0x66,
    0x00, 0x00, 0x00, 0x00, 0x00, 0x00, 0x00, 0x00, 0x00, 0x00, 0x11, 0x11, 0x00, 0x00, 0x66, 0x60,
    0x00, 0x00, 0x00, 0x00, 0x00, 0x00, 0x00, 0x00, 0x00, 0x01, 0xaa, 0xaa, 0x11, 0x66, 0x60, 0x00,
    0x00, 0x00, 0x00, 0x00, 0x00, 0x00, 0x00, 0x00, 0x00, 0x01, 0xaa, 0xaa, 0xa1, 0x6a, 0x10, 0x00,
    0x00, 0x00, 0x00, 0x00, 0x00, 0x00, 0x00, 0x00, 0x00, 0x1a, 0xaa, 0xa6, 0x19, 0x1a, 0xa1, 0x00,
    0x00, 0x00, 0x00, 0x00, 0x00, 0x00, 0x00, 0x00, 0x00, 0x1a, 0xa6, 0x61, 0x99, 0x91, 0xa1, 0x00,
    0x00, 0x00, 0x00, 0x00, 0x00, 0x00, 0x00, 0x00, 0x01, 0xa6, 0x66, 0x19, 0x99, 0x99, 0x11, 0x00,
    0x00, 0x00, 0x00, 0x00, 0x00, 0x00, 0x00, 0x00, 0x1a, 0xa6, 0xaa, 0xa1, 0x99, 0x91, 0xaa, 0x10,
    0x00, 0x00, 0x00, 0x00, 0x01, 0x00, 0x00, 0x00, 0x1a, 0xaa, 0xaa, 0xaa, 0x19, 0x1a, 0xaa, 0x10,
    0x00, 0x00, 0x00, 0x00, 0x1a, 0x11, 0x00, 0x01, 0xaa, 0xaa, 0xaa, 0xaa, 0xa1, 0xaa, 0xa1, 0x00,
    0x00, 0x00, 0x00, 0x00, 0x1a, 0xaa, 0x11, 0x01, 0xaa, 0xaa, 0xaa, 0xaa, 0xaa, 0xaa, 0x10, 0x00,
    0x00, 0x00, 0x00, 0x01, 0xaa, 0xaa, 0xaa, 0x1a, 0xaa, 0xaa, 0xaa, 0xaa, 0xaa, 0x11, 0x00, 0x00,
    0x00, 0x00, 0x00, 0x1a, 0xaa, 0xaa, 0xaa, 0xaa, 0xaa, 0xaa, 0xaa, 0xaa, 0xa1, 0x00, 0x00, 0x00,
    0x00, 0x00, 0x01, 0xaa, 0xaa, 0xaa, 0xaa, 0xaa, 0xaa, 0xaa, 0xaa, 0xaa, 0x10, 0x00, 0x00, 0x00,
    0x00, 0x00, 0x01, 0xaa, 0xaa, 0xaa, 0xaa, 0xaa, 0xaa, 0xaa, 0xaa, 0xa1, 0x00, 0x00, 0x00, 0x00,
    0x00, 0x00, 0x1a, 0xaa, 0xaa, 0xaa, 0xaa, 0xaa, 0xaa, 0xaa, 0xaa, 0xaa, 0x10, 0x00, 0x00, 0x00,
    0x00, 0x01, 0xaa, 0xaa, 0xaa, 0xaa, 0xaa, 0xaa, 0xaa, 0xaa, 0xaa, 0xaa, 0xa1, 0x00, 0x00, 0x00,
    0x00, 0x00, 0x11, 0xaa, 0xaa, 0xaa, 0xaa, 0xaa, 0xaa, 0xaa, 0xaa, 0xaa, 0xaa, 0x10, 0x00, 0x00,
    0x00, 0x00, 0x00, 0x1a, 0xaa, 0xaa, 0xaa, 0xaa, 0xaa, 0xaa, 0x11, 0x1a, 0xaa, 0x10, 0x00, 0x00,
    0x00, 0x00, 0x00, 0x01, 0x1a, 0xaa, 0xaa, 0xaa, 0xaa, 0x11, 0x00, 0x01, 0x11, 0x11, 0x00, 0x00,
    0x00, 0x00, 0x00, 0x00, 0x01, 0xaa, 0xaa, 0xaa, 0x11, 0x00, 0x00, 0x00, 0x00, 0x01, 0x10, 0x00,
    0x00, 0x00, 0x00, 0x00, 0x00, 0x11, 0xaa, 0x11, 0x00, 0x00, 0x00, 0x00, 0x00, 0x00, 0x00, 0x00,
    0x00, 0x00, 0x00, 0x00, 0x00, 0x00, 0x11, 0x00, 0x00, 0x00, 0x00, 0x00, 0x00, 0x00, 0x00, 0x00,
    0x00, 0x00, 0x00, 0x00, 0x00, 0x00, 0x00, 0x00, 0x00, 0x00, 0x00, 0x00, 0x00, 0x00, 0x00, 0x00,
    0x00, 0x00, 0x00, 0x00, 0x00, 0x00, 0x00, 0x00, 0x00, 0x00, 0x00, 0x00, 0x00, 0x00, 0x00, 0x00,
};
static const uint8_t pixels_wyrm_3[] = {
    0x00, 0x00, 0x00, 0x00, 0x00, 0x00, 0x00, 0x00, 0x00, 0x00, 0x00, 0x00, 0x00, 0x00, 0x00, 0x00,
    0x00, 0x00, 0x00, 0x00, 0x00, 0x00, 0x00, 0x00, 0x00, 0x00, 0x00, 0x00, 0x00, 0x00, 0x00, 0x00,
    0x00, 0xd0, 0x00, 0x00, 0x00, 0x00, 0x00, 0x00, 0xd0, 0x00, 0x00, 0x00, 0x00, 0x00, 0x00, 0xd0,
    0x00, 0x0d, 0x00, 0x00, 0x00, 0x00, 0x00, 0x00, 0xd0, 0x00, 0x00, 0x00, 0x00, 0x00, 0x0d, 0x00,
    0x00, 0x00, 0xd0, 0x00, 0x00, 0x00, 0x00, 0x00, 0xd0, 0x00, 0x00, 0x00, 0x00, 0x00, 0xd0, 0x00,
    0x00, 0x00, 0x0d, 0x00, 0x00, 0x00, 0x00, 0x00, 0xd0, 0x00, 0x00, 0x00, 0x00, 0x0d, 0x00, 0x00,
    0x60, 0x00, 0x00, 0xd0, 0x00, 0x00, 0x00, 0x00, 0xd0, 0x00, 0x00, 0x00, 0x00, 0xd0, 0x06, 0x00,
    0x60, 0x00, 0x00, 0x0d, 0x00, 0x00, 0x00, 0x00, 0xd0, 0x00, 0x00, 0x00, 0x0d, 0x06, 0x66, 0x60,
    0x00, 0x00, 0x00, 0x00, 0xd0, 0x00, 0x00, 0x00, 0xd0, 0x00, 0x11, 0x11, 0xd0, 0x66, 0x60, 0x00,
    0x00, 0x00, 0x00, 0x00, 0x0d, 0x00, 0x00, 0x00, 0xd0, 0x01, 0xaa, 0xad, 0x66, 0x66, 0x10, 0x00,
    0x00, 0x00, 0x00, 0x00, 0x00, 0xd0, 0x00, 0x00, 0xd0, 0x01, 0xaa, 0xd6, 0x61, 0xaa, 0x10, 0x00,
    0x00, 0x00, 0x00, 0x00, 0x00, 0x0d, 0x00, 0x00, 0xd0, 0x1a, 0xad, 0x66, 0x19, 0x1a, 0xa1, 0x00,
    0x00, 0x00, 0x00, 0x00, 0x00, 0x00, 0xd0, 0x00, 0xd0, 0x1a, 0xd6, 0x61, 0x99, 0x91, 0xa1, 0x00,
    0x00, 0x00, 0x00, 0x00, 0x00, 0x00, 0x0d, 0x00, 0xd1, 0x6d, 0x66, 0x19, 0x99, 0x99, 0x11, 0x00,
    0x00, 0x00, 0x00, 0x00, 0x00, 0x00, 0x00, 0xd0, 0xda, 0xd6, 0xaa, 0xa1, 0x99, 0x91, 0xaa, 0x10,
    0x00, 0x00, 0x00, 0x00, 0x01, 0x00, 0x00, 0x0d, 0xdd, 0xaa, 0xaa, 0xaa, 0x19, 0x1a, 0xaa, 0x10,
    0x00, 0x00, 0x00, 0x00, 0x1a, 0x11, 0x00, 0x01, 0xda, 0xaa, 0xaa, 0xaa, 0xa1, 0xaa, 0xa1, 0x00,
    0x00, 0x00, 0x00, 0x00, 0x1a, 0xaa, 0x11, 0x0d, 0xad, 0xaa, 0xaa, 0xaa, 0xaa, 0xaa, 0x10, 0x00,
    0x00, 0x00, 0x00, 0x01, 0xaa, 0xaa, 0xaa, 0xda, 0xaa, 0xda, 0xaa, 0xaa, 0xaa, 0x11, 0x00, 0x00,
    0x00, 0x00, 0x00, 0x1a, 0xaa, 0xaa, 0xdd, 0xaa, 0xaa, 0xad, 0xda, 0xaa, 0xa1, 0x00, 0x00, 0x00,
    0x00, 0x00, 0x01, 0xaa, 0xaa, 0xad, 0xaa, 0xaa, 0xaa, 0xaa, 0xad, 0xaa, 0x10, 0x00, 0x00, 0x00,
    0x00, 0x00, 0x01, 0xaa, 0xaa, 0xda, 0xaa, 0xaa, 0xaa, 0xaa, 0xaa, 0xd1, 0x00, 0x00, 0x00, 0x00,
    0x00, 0x00, 0x1a, 0xaa, 0xad, 0xaa, 0xaa, 0xaa, 0xaa, 0xaa, 0xaa, 0xad, 0x10, 0x00, 0x00, 0x00,
    0x00, 0x01, 0xaa, 0xaa, 0xaa, 0xaa, 0xaa, 0xaa, 0xaa, 0xaa, 0xaa, 0xaa, 0xa1, 0x00, 0x00, 0x00,
    0x00, 0x00, 0x11, 0xaa, 0xaa, 0xaa, 0xaa, 0xaa, 0xaa, 0xaa, 0xaa, 0xaa, 0xaa, 0x10, 0x00, 0x00,
    0x00, 0x00, 0x00, 0x1a, 0xaa, 0xaa, 0xaa, 0xaa, 0xaa, 0xaa, 0x11, 0x1a, 0xaa, 0x10, 0x00, 0x00,
    0x00, 0x00, 0x00, 0x01, 0x1a, 0xaa, 0xaa, 0xaa, 0xaa, 0x11, 0x00, 0x01, 0x11, 0x11, 0x00, 0x00,
    0x00, 0x00, 0x00, 0x00, 0x01, 0xaa, 0xaa, 0xaa, 0x11, 0x00, 0x00, 0x00, 0x00, 0x01, 0x10, 0x00,
    0x00, 0x00, 0x00, 0x00, 0x00, 0x11, 0xaa, 0x11, 0x00, 0x00, 0x00, 0x00, 0x00, 0x00, 0x00, 0x00,
    0x00, 0x00, 0x00, 0x00, 0x00, 0x00, 0x11, 0x00, 0x00, 0x00, 0x00, 0x00, 0x00, 0x00, 0x00, 0x00,
    0x00, 0x00, 0x00, 0x00, 0x00, 0x00, 0x00, 0x00, 0x00, 0x00, 0x00, 0x00, 0x00, 0x00, 0x00, 0x00,
    0x00, 0x00, 0x00, 0x00, 0x00, 0x00, 0x00, 0x00, 0x00, 0x00, 0x00, 0x00, 0x00, 0x00, 0x00, 0x00,
};
static const uint8_t pixels_eldritch_0[] = {
    0x00, 0x00, 0x00, 0x00, 0x00, 0x00, 0x00, 0x00, 0x00, 0x00, 0x00, 0x00, 0x00, 0x00, 0x00, 0x00,
    0x00, 0x00, 0x00, 0x00, 0x00, 0x00, 0x00, 0x00, 0x00, 0x00, 0x00, 0x00, 0x00, 0x00, 0x00, 0x00,
    0x00, 0x00, 0x00, 0x00, 0x00, 0x00, 0x00, 0x00, 0x00, 0x00, 0x00, 0x00, 0x00, 0x00, 0x00, 0x00,
    0x00, 0x00, 0x00, 0x00, 0x00, 0x00, 0x00, 0x00, 0x00, 0x00, 0x00, 0x00, 0x00, 0x00, 0x00, 0x00,
    0x00, 0x00, 0x00, 0x00, 0x00, 0x00, 0x00, 0x00, 0x00, 0x00, 0x00, 0x00, 0x00, 0x00, 0x00, 0x00,
    0x00, 0x00, 0x00, 0x00, 0x00, 0x00, 0x00, 0x00, 0x00, 0x00, 0x00, 0x00, 0x00, 0x00, 0x00, 0x00,
    0x00, 0x00, 0x00, 0x00, 0x00, 0x00, 0x00, 0x00, 0x00, 0x00, 0x00, 0x00, 0x00, 0x00, 0x00, 0x00,
    0x00, 0x00, 0x00, 0x00, 0x00, 0x00, 0x01, 0x11, 0x11, 0x11, 0x00, 0x00, 0x00, 0x00, 0x00, 0x00,
    0x00, 0x00, 0x00, 0x00, 0x00, 0x11, 0x1a, 0xaa, 0xaa, 0xaa, 0x11, 0x10, 0x00, 0x00, 0x00, 0x00,
    0x00, 0x00, 0x00, 0x00, 0x11, 0xaa, 0xaa, 0xaa, 0xaa, 0xaa, 0xaa, 0xa1, 0x10, 0x00, 0x00, 0x00,
    0x00, 0x00, 0x00, 0x01, 0xaa, 0xaa, 0xaa, 0x66, 0x11, 0x16, 0xaa, 0xaa, 0xa1, 0x00, 0x00, 0x00,
    0x00, 0x00, 0x00, 0x1a, 0xaa, 0xa6, 0x66, 0x61, 0x11, 0x11, 0x66, 0x6a, 0xaa, 0x10, 0x00, 0x00,
    0x00, 0x00, 0x01, 0xaa, 0xaa, 0x66, 0x66, 0x61, 0x11, 0x11, 0x66, 0x66, 0xaa, 0xa1, 0x00, 0x00,
    0x00, 0x00, 0x01, 0xaa, 0xa6, 0x66, 0x66, 0x11, 0x11, 0x11, 0x16, 0x66, 0x6a, 0xa1, 0x00, 0x00,
    0x00, 0x00, 0x1a, 0xaa, 0xa6, 0x66, 0x66, 0x11, 0x19, 0x11, 0x16, 0x66, 0x6a, 0xaa, 0x10, 0x00,
    0x00, 0x00, 0x1a, 0xaa, 0x66, 0x66, 0x66, 0x11, 0x99, 0x91, 0x16, 0x66, 0x66, 0xaa, 0x10, 0x00,
    0x00, 0x00, 0x1a, 0xaa, 0x66, 0x66, 0x66, 0x19, 0x99, 0x99, 0x16, 0x66, 0x66, 0xaa, 0x10, 0x00,
    0x00, 0x00, 0x1a, 0xaa, 0x66, 0x66, 0x66, 0x11, 0x99, 0x91, 0x16, 0x66, 0x66, 0xaa, 0x10, 0x00,
    0x00, 0x00, 0x1a, 0xaa, 0xa6, 0x66, 0x66, 0x11, 0x19, 0x11, 0x16, 0x66, 0x6a, 0xaa, 0x10, 0x00,
    0x00, 0x00, 0x01, 0xaa, 0xa6, 0x66, 0x66, 0x11, 0x11, 0x11, 0x16, 0x66, 0x6a, 0xa1, 0x00, 0x00,
    0x00, 0x00, 0x01, 0xaa, 0xaa, 0x66, 0x66, 0x61, 0x11, 0x11, 0x66, 0x66, 0xaa, 0xa1, 0x00, 0x00,
    0x00, 0x00, 0x00, 0x1a, 0xaa, 0xa6, 0x66, 0x61, 0x11, 0x11, 0x66, 0x6a, 0xaa, 0x10, 0x00, 0x00,
    0x00, 0x00, 0x00, 0x01, 0xaa, 0xaa, 0xaa, 0x66, 0x11, 0x16, 0xaa, 0xaa, 0xa1, 0x00, 0x00, 0x00,
    0x00, 0x00, 0x00, 0x00, 0xa1, 0xaa, 0xaa, 0xaa, 0xaa, 0xaa, 0xaa, 0xaa, 0x10, 0x00, 0x00, 0x00,
    0x00, 0x00, 0x00, 0x0a, 0x00, 0x11, 0x1a, 0xaa, 0xaa, 0xaa, 0x11, 0x10, 0xa0, 0x00, 0x00, 0x00,
    0x00, 0x00, 0x00, 0x0a, 0x00, 0x00, 0xa1, 0x11, 0x11, 0xa1, 0x00, 0x00, 0xa0, 0x00, 0x00, 0x00,
    0x00, 0x00, 0x00, 0xa0, 0x00, 0x00, 0xa0, 0x00, 0x00, 0xa0, 0x00, 0x00, 0x0a, 0x00, 0x00, 0x00,
    0x00, 0x00, 0x0a, 0x00, 0x00, 0x00, 0xa0, 0x00, 0x00, 0x0a, 0x00, 0x00, 0x0a, 0x00, 0x00, 0x00,
    0x00, 0x00, 0xa0, 0x00, 0x00, 0x00, 0xa0, 0x00, 0x00, 0x0a, 0x00, 0x00, 0x00, 0xa0, 0x00, 0x00,
    0x00, 0x00, 0xa0, 0x00, 0x00, 0x0a, 0x00, 0x00, 0x00, 0x0a, 0x00, 0x00, 0x00, 0xa0, 0x00, 0x00,
    0x00, 0x0a, 0x00, 0x00, 0x00, 0x0a, 0x00, 0x00, 0x00, 0x0a, 0x00, 0x00, 0x00, 0x0a, 0x00, 0x00,
    0x00, 0x00, 0x00, 0x00, 0x00, 0x00, 0x00, 0x00, 0x00, 0x00, 0x00, 0x00, 0x00, 0x00, 0x00, 0x00,
};
static const uint8_t pixels_eldritch_1[] = {
    0x00, 0x00, 0x00, 0x00, 0x00, 0x00, 0x00, 0x00, 0x00, 0x00, 0x00, 0x00, 0x00, 0x00, 0x00, 0x00,
    0x00, 0x00, 0x00, 0x00, 0x00, 0x00, 0x00, 0x00, 0x00, 0x00, 0x00, 0x00, 0x00, 0x00, 0x00, 0x00,
    0x00, 0x00, 0x00, 0x00, 0x00, 0x00, 0x00, 0x00, 0x00, 0x00, 0x00, 0x00, 0x00, 0x00, 0x00, 0x00,
    0x00, 0x00, 0x00, 0x00, 0x00, 0x00, 0x00, 0x00, 0x00, 0x00, 0x00, 0x00, 0x00, 0x00, 0x00, 0x00,
    0x00, 0x00, 0x00, 0x00, 0x00, 0x00, 0x00, 0x00, 0x00, 0x00, 0x00, 0x00, 0x00, 0x00, 0x00, 0x00,
    0x00, 0x00, 0x00, 0x00, 0x00, 0x00, 0x00, 0x00, 0x00, 0x00, 0x00, 0x00, 0x00, 0x00, 0x00, 0x00,
    0x00, 0x00, 0x00, 0x00, 0x00, 0x00, 0x00, 0x00, 0x00, 0x00, 0x00, 0x00, 0x00, 0x00, 0x00, 0x00,
    0x00, 0x00, 0x00, 0x00, 0x00, 0x00, 0x01, 0x11, 0x11, 0x11, 0x00, 0x00, 0x00, 0x00, 0x00, 0x00,
    0x00, 0x00, 0x00, 0x00, 0x00, 0x11, 0x1a, 0xaa, 0xaa, 0xaa, 0x11, 0x10, 0x00, 0x00, 0x00, 0x00,
    0x00, 0x00, 0x00, 0x00, 0x11, 0xaa, 0xaa, 0xaa, 0xaa, 0xaa, 0xaa, 0xa1, 0x10, 0x00, 0x00, 0x00,
    0x00, 0x00, 0x00, 0x01, 0xaa, 0xaa, 0xaa, 0x66, 0x11, 0x16, 0xaa, 0xaa, 0xa1, 0x00, 0x00, 0x00,
    0x00, 0x00, 0x00, 0x1a, 0xaa, 0xa6, 0x66, 0x61, 0x11, 0x11, 0x66, 0x6a, 0xaa, 0x10, 0x00, 0x00,
    0x00, 0x00, 0x01, 0xaa, 0xaa, 0x66, 0x66, 0x61, 0x11, 0x11, 0x66, 0x66, 0xaa, 0xa1, 0x00, 0x00,
    0x00, 0x00, 0x01, 0xaa, 0xa6, 0x66, 0x66, 0x11, 0x11, 0x11, 0x16, 0x66, 0x6a, 0xa1, 0x00, 0x00,
    0x00, 0x00, 0x1a, 0xaa, 0xa6, 0x66, 0x66, 0x11, 0x19, 0x11, 0x16, 0x66, 0x6a, 0xaa, 0x10, 0x00,
    0x00, 0x00, 0x1a, 0xaa, 0x66, 0x66, 0x66, 0x11, 0x99, 0x91, 0x16, 0x66, 0x66, 0xaa, 0x10, 0x00,
    0x00, 0x00, 0x1a, 0xaa, 0x66, 0x66, 0x66, 0x19, 0x99, 0x99, 0x16, 0x66, 0x66, 0xaa, 0x10, 0x00,
    0x00, 0x00, 0x1a, 0xaa, 0x66, 0x66, 0x66, 0x11, 0x99, 0x91, 0x16, 0x66, 0x66, 0xaa, 0x10, 0x00,
    0x00, 0x00, 0x1a, 0xaa, 0xa6, 0x66, 0x66, 0x11, 0x19, 0x11, 0x16, 0x66, 0x6a, 0xaa, 0x10, 0x00,
    0x00, 0x00, 0x01, 0xaa, 0xa6, 0x66, 0x66, 0x11, 0x11, 0x11, 0x16, 0x66, 0x6a, 0xa1, 0x00, 0x00,
    0x00, 0x00, 0x01, 0xaa, 0xaa, 0x66, 0x66, 0x61, 0x11, 0x11, 0x66, 0x66, 0xaa, 0xa1, 0x00, 0x00,
    0x00, 0x00, 0x00, 0x1a, 0xaa, 0xa6, 0x66, 0x61, 0x11, 0x11, 0x66, 0x6a, 0xaa, 0x10, 0x00, 0x00,
    0x00, 0x00, 0x00, 0x01, 0xaa, 0xaa, 0xaa, 0x66, 0x11, 0x16, 0xaa, 0xaa, 0xa1, 0x00, 0x00, 0x00,
    0x00, 0x00, 0x00, 0x00, 0xa1, 0xaa, 0xaa, 0xaa, 0xaa, 0xaa, 0xaa, 0xaa, 0x10, 0x00, 0x00, 0x00,
    0x00, 0x00, 0x00, 0x0a, 0x00, 0x11, 0x1a, 0xaa, 0xaa, 0xaa, 0x11, 0x10, 0xa0, 0x00, 0x00, 0x00,
    0x00, 0x00, 0x00, 0x0a, 0x00, 0x00, 0xa1, 0x11, 0x11, 0xa1, 0x00, 0x00, 0xa0, 0x00, 0x00, 0x00,
    0x00, 0x00, 0x00, 0xa0, 0x00, 0x00, 0xa0, 0x00, 0x00, 0xa0, 0x00, 0x00, 0x0a, 0x00, 0x00, 0x00,
    0x00, 0x00, 0x0a, 0x00, 0x00, 0x00, 0xa0, 0x00, 0x00, 0x0a, 0x00, 0x00, 0x0a, 0x00, 0x00, 0x00,
    0x00, 0x00, 0xa0, 0x00, 0x00, 0x00, 0xa0, 0x00, 0x00, 0x0a, 0x00, 0x00, 0x00, 0xa0, 0x00, 0x00,
    0x00, 0x00, 0xa0, 0x00, 0x00, 0x0a, 0x00, 0x00, 0x00, 0x0a, 0x00, 0x00, 0x00, 0xa0, 0x00, 0x00,
    0x00, 0x0a, 0x00, 0x00, 0x00, 0x0a, 0x00, 0x00, 0x00, 0x0a, 0x00, 0x00, 0x00, 0x0a, 0x00, 0x00,
    0x00, 0x00, 0x00, 0x00, 0x00, 0x00, 0x00, 0x00, 0x00, 0x00, 0x00, 0x00, 0x00, 0x00, 0x00, 0x00,
};
static const uint8_t pixels_eldritch_2[] = {
    0x00, 0x00, 0x00, 0x00, 0x00, 0x00, 0x00, 0x00, 0x00, 0x00, 0x00, 0x00, 0x00, 0x00, 0x00, 0x00,
    0x00, 0x00, 0x00, 0x00, 0x00, 0x00, 0x00, 0x00, 0x00, 0x00, 0x00, 0x00, 0x00, 0x00, 0x00, 0x00,
    0x00, 0x00, 0x00, 0x00, 0x00, 0x00, 0x00, 0x00, 0x00, 0x00, 0x00, 0x00, 0x00, 0x00, 0x00, 0x00,
    0x00, 0x00, 0x00, 0x00, 0x00, 0x00, 0x00, 0x00, 0x00, 0x00, 0x00, 0x00, 0x00, 0x00, 0x00, 0x00,
    0x00, 0x00, 0x00, 0x00, 0x00, 0x00, 0x00, 0x00, 0x00, 0x00, 0x00, 0x00, 0x00, 0x00, 0x00, 0x00,
    0x00, 0x00, 0x00, 0x00, 0x00, 0x00, 0x00, 0x00, 0x00, 0x00, 0x00, 0x00, 0x00, 0x00, 0x00, 0x00,
    0x00, 0x00, 0x00, 0x00, 0x00, 0x00, 0x00, 0x00, 0x00, 0x00, 0x00, 0x00, 0x00, 0x00, 0x00, 0x00,
    0x00, 0x00, 0x00, 0x00, 0x00, 0x00, 0x01, 0x11, 0x11, 0x11, 0x00, 0x00, 0x00, 0x00, 0x00, 0x00,
    0x00, 0x00, 0x00, 0x00, 0x00, 0x11, 0x1a, 0xaa, 0xaa, 0xaa, 0x11, 0x10, 0x00, 0x00, 0x00, 0x00,
    0x00, 0x00, 0x00, 0x00, 0x11, 0xaa, 0xaa, 0xaa, 0xaa, 0xaa, 0xaa, 0xa1, 0x10, 0x00, 0x00, 0x00,
    0x00, 0x00, 0x00, 0x01, 0xaa, 0xaa, 0xaa, 0x66, 0x11, 0x16, 0xaa, 0xaa, 0xa1, 0x00, 0x00, 0x00,
    0x00, 0x00, 0x00, 0x1a, 0xaa, 0xa6, 0x66, 0x61, 0x11, 0x11, 0x66, 0x6a, 0xaa, 0x10, 0x00, 0x00,
    0x00, 0x00, 0x01, 0xaa, 0xaa, 0x66, 0x66, 0x61, 0x11, 0x11, 0x66, 0x66, 0xaa, 0xa1, 0x00, 0x00,
    0x00, 0x00, 0x01, 0xaa, 0xa6, 0x66, 0x66, 0x11, 0x11, 0x11, 0x16, 0x66, 0x6a, 0xa1, 0x00, 0x00,
    0x00, 0x00, 0x1a, 0xaa, 0xa6, 0x66, 0x66, 0x11, 0x19, 0x11, 0x16, 0x66, 0x6a, 0xaa, 0x10, 0x00,
    0x00, 0x00, 0x1a, 0xaa, 0x66, 0x66, 0x66, 0x11, 0x99, 0x91, 0x16, 0x66, 0x66, 0xaa, 0x10, 0x00,
    0x00, 0x00, 0x1a, 0xaa, 0x66, 0x66, 0x66, 0x19, 0x99, 0x99, 0x16, 0x66, 0x66, 0xaa, 0x10, 0x00,
    0x00, 0x00, 0x1a, 0xaa, 0x66, 0x66, 0x66, 0x11, 0x99, 0x91, 0x16, 0x66, 0x66, 0xaa, 0x10, 0x00,
    0x00, 0x00, 0x1a, 0xaa, 0xa6, 0x66, 0x66, 0x11, 0x19, 0x11, 0x16, 0x66, 0x6a, 0xaa, 0x10, 0x00,
    0x00, 0x00, 0x01, 0xaa, 0xa6, 0x66, 0x66, 0x11, 0x11, 0x11, 0x16, 0x66, 0x6a, 0xa1, 0x00, 0x00,
    0x00, 0x00, 0x01, 0xaa, 0xaa, 0x66, 0x66, 0x61, 0x11, 0x11, 0x66, 0x66, 0xaa, 0xa1, 0x00, 0x00,
    0x00, 0x00, 0x00, 0x1a, 0xaa, 0xa6, 0x66, 0x61, 0x11, 0x11, 0x66, 0x6a, 0xaa, 0x10, 0x00, 0x00,
    0x00, 0x00, 0x00, 0x01, 0xaa, 0xaa, 0xaa, 0x66, 0x11, 0x16, 0xaa, 0xaa, 0xa1, 0x00, 0x00, 0x00,
    0x00, 0x00, 0x00, 0x00, 0xa1, 0xaa, 0xaa, 0xaa, 0xaa, 0xaa, 0xaa, 0xaa, 0x10, 0x00, 0x00, 0x00,
    0x00, 0x00, 0x00, 0x0a, 0x00, 0x11, 0x1a, 0xaa, 0xaa, 0xaa, 0x11, 0x10, 0xa0, 0x00, 0x00, 0x00,
    0x00, 0x00, 0x00, 0x0a, 0x00, 0x00, 0xa1, 0x11, 0x11, 0xa1, 0x00, 0x00, 0xa0, 0x00, 0x00, 0x00,
    0x00, 0x00, 0x00, 0xa0, 0x00, 0x00, 0xa0, 0x00, 0x00, 0xa0, 0x00, 0x00, 0x0a, 0x00, 0x00, 0x00,
    0x00, 0x00, 0x0a, 0x00, 0x00, 0x00, 0xa0, 0x00, 0x00, 0x0a, 0x00, 0x00, 0x0a, 0x00, 0x00, 0x00,
    0x00, 0x00, 0xa0, 0x00, 0x00, 0x00, 0xa0, 0x00, 0x00, 0x0a, 0x00, 0x00, 0x00, 0xa0, 0x00, 0x00,
    0x00, 0x00, 0xa0, 0x00, 0x00, 0x0a, 0x00, 0x00, 0x00, 0x0a, 0x00, 0x00, 0x00, 0xa0, 0x00, 0x00,
    0x00, 0x0a, 0x00, 0x00, 0x00, 0x0a, 0x00, 0x00, 0x00, 0x0a, 0x00, 0x00, 0x00, 0x0a, 0x00, 0x00,
    0x00, 0x00, 0x00, 0x00, 0x00, 0x00, 0x00, 0x00, 0x00, 0x00, 0x00, 0x00, 0x00, 0x00, 0x00, 0x00,
};
static const uint8_t pixels_eldritch_3[] = {
    0x00, 0x00, 0x00, 0x00, 0x00, 0x00, 0x00, 0x00, 0x00, 0x00, 0x00, 0x00, 0x00, 0x00, 0x00, 0x00,
    0x00, 0x00, 0x00, 0x00, 0x00, 0x00, 0x00, 0x00, 0x00, 0x00, 0x00, 0x00, 0x00, 0x00, 0x00, 0x00,
    0x00, 0xd0, 0x00, 0x00, 0x00, 0x00, 0x00, 0x00, 0xd0, 0x00, 0x00, 0x00, 0x00, 0x00, 0x00, 0xd0,
    0x00, 0x0d, 0x00, 0x00, 0x00, 0x00, 0x00, 0x00, 0xd0, 0x00, 0x00, 0x00, 0x00, 0x00, 0x0d, 0x00,
    0x00, 0x00, 0xd0, 0x00, 0x00, 0x00, 0x00, 0x00, 0xd0, 0x00, 0x00, 0x00, 0x00, 0x00, 0xd0, 0x00,
    0x00, 0x00, 0x0d, 0x00, 0x00, 0x00, 0x00, 0x00, 0xd0, 0x00, 0x00, 0x00, 0x00, 0x0d, 0x00, 0x00,
    0x00, 0x00, 0x00, 0xd0, 0x00, 0x00, 0x00, 0x00, 0xd0, 0x00, 0x00, 0x00, 0x00, 0xd0, 0x00, 0x00,
    0x00, 0x00, 0x00, 0x0d, 0x00, 0x00, 0x01, 0x11, 0xd1, 0x11, 0x00, 0x00, 0x0d, 0x00, 0x00, 0x00,
    0x00, 0x00, 0x00, 0x00, 0xd0, 0x11, 0x1a, 0xaa, 0xda, 0xaa, 0x11, 0x10, 0xd0, 0x00, 0x00, 0x00,
    0x00, 0x00, 0x00, 0x00, 0x1d, 0xaa, 0xaa, 0xaa, 0xda, 0xaa, 0xaa, 0xad, 0x10, 0x00, 0x00, 0x00,
    0x00, 0x00, 0x00, 0x01, 0xaa, 0xda, 0xaa, 0x66, 0xd1, 0x16, 0xaa, 0xda, 0xa1, 0x00, 0x00, 0x00,
    0x00, 0x00, 0x00, 0x1a, 0xaa, 0xad, 0x66, 0x61, 0xd1, 0x11, 0x6d, 0x6a, 0xaa, 0x10, 0x00, 0x00,
    0x00, 0x00, 0x01, 0xaa, 0xaa, 0x66, 0xd6, 0x61, 0xd1, 0x11, 0xd6, 0x66, 0xaa, 0xa1, 0x00, 0x00,
    0x00, 0x00, 0x01, 0xaa, 0xa6, 0x66, 0x6d, 0x11, 0xd1, 0x1d, 0x16, 0x66, 0x6a, 0xa1, 0x00, 0x00,
    0x00, 0x00, 0x1a, 0xaa, 0xa6, 0x66, 0x66, 0xd1, 0xd9, 0xd1, 0x16, 0x66, 0x6a, 0xaa, 0x10, 0x00,
    0x00, 0x00, 0x1a, 0xaa, 0x66, 0x66, 0x66, 0x1d, 0xdd, 0x91, 0x16, 0x66, 0x66, 0xaa, 0x10, 0x00,
    0x00, 0x00, 0x1a, 0xaa, 0x66, 0x66, 0x66, 0x19, 0xd9, 0x99, 0x16, 0x66, 0x66, 0xaa, 0x10, 0x00,
    0x00, 0x00, 0x1a, 0xaa, 0x66, 0x66, 0x66, 0x1d, 0x9d, 0x91, 0x16, 0x66, 0x66, 0xaa, 0x10, 0x00,
    0x00, 0x00, 0x1a, 0xaa, 0xa6, 0x66, 0x66, 0xd1, 0x19, 0xd1, 0x16, 0x66, 0x6a, 0xaa, 0x10, 0x00,
    0x00, 0x00, 0x01, 0xaa, 0xa6, 0x66, 0xdd, 0x11, 0x11, 0x1d, 0xd6, 0x66, 0x6a, 0xa1, 0x00, 0x00,
    0x00, 0x00, 0x01, 0xaa, 0xaa, 0x6d, 0x66, 0x61, 0x11, 0x11, 0x6d, 0x66, 0xaa, 0xa1, 0x00, 0x00,
    0x00, 0x00, 0x00, 0x1a, 0xaa, 0xd6, 0x66, 0x61, 0x11, 0x11, 0x66, 0xda, 0xaa, 0x10, 0x00, 0x00,
    0x00, 0x00, 0x00, 0x01, 0xad, 0xaa, 0xaa, 0x66, 0x11, 0x16, 0xaa, 0xad, 0xa1, 0x00, 0x00, 0x00,
    0x00, 0x00, 0x00, 0x00, 0xa1, 0xaa, 0xaa, 0xaa, 0xaa, 0xaa, 0xaa, 0xaa, 0x10, 0x00, 0x00, 0x00,
    0x00, 0x00, 0x00, 0x0a, 0x00, 0x11, 0x1a, 0xaa, 0xaa, 0xaa, 0x11, 0x10, 0xa0, 0x00, 0x00, 0x00,
    0x00, 0x00, 0x00, 0x0a, 0x00, 0x00, 0xa1, 0x11, 0x11, 0xa1, 0x00, 0x00, 0xa0, 0x00, 0x00, 0x00,
    0x00, 0x00, 0x00, 0xa0, 0x00, 0x00, 0xa0, 0x00, 0x00, 0xa0, 0x00, 0x00, 0x0a, 0x00, 0x00, 0x00,
    0x00, 0x00, 0x0a, 0x00, 0x00, 0x00, 0xa0, 0x00, 0x00, 0x0a, 0x00, 0x00, 0x0a, 0x00, 0x00, 0x00,
    0x00, 0x00, 0xa0, 0x00, 0x00, 0x00, 0xa0, 0x00, 0x00, 0x0a, 0x00, 0x00, 0x00, 0xa0, 0x00, 0x00,
    0x00, 0x00, 0xa0, 0x00, 0x00, 0x0a, 0x00, 0x00, 0x00, 0x0a, 0x00, 0x00, 0x00, 0xa0, 0x00, 0x00,
    0x00, 0x0a, 0x00, 0x00, 0x00, 0x0a, 0x00, 0x00, 0x00, 0x0a, 0x00, 0x00, 0x00, 0x0a, 0x00, 0x00,
    0x00, 0x00, 0x00, 0x00, 0x00, 0x00, 0x00, 0x00, 0x00, 0x00, 0x00, 0x00, 0x00, 0x00, 0x00, 0x00,
};
static const uint8_t pixels_sword[] = {
    0x00, 0x00, 0x00, 0x00, 0x00, 0x00, 0x00, 0x00, 0x00, 0x00, 0x00, 0x00, 0x00, 0x00, 0x00, 0x00,
    0x00, 0x00, 0x00, 0x00, 0x00, 0x00, 0x00, 0x00, 0x00, 0x00, 0x00, 0x00, 0x00, 0x00, 0x00, 0x00,
    0x00, 0x00, 0x00, 0x00, 0x00, 0x00, 0x00, 0x00, 0x00, 0x00, 0x00, 0x00, 0x00, 0x00, 0x00, 0x00,
    0x00, 0x00, 0x00, 0x00, 0x00, 0x00, 0x00, 0x00, 0x00, 0x00, 0x00, 0x00, 0x00, 0x00, 0x00, 0x00,
    0x00, 0x00, 0x00, 0x00, 0x00, 0x00, 0x00, 0x00, 0x00, 0x00, 0x00, 0x00, 0x00, 0x00, 0x00, 0x00,
    0x00, 0x00, 0x00, 0x00, 0x00, 0x00, 0x00, 0x00, 0x00, 0x00, 0x00, 0x00, 0x0d, 0x00, 0x00, 0x00,
    0x00, 0x00, 0x00, 0x00, 0x00, 0x00, 0x00, 0x00, 0x00, 0x00, 0x00, 0x00, 0xdd, 0xd0, 0x00, 0x00,
    0x00, 0x00, 0x00, 0x00, 0x00, 0x00, 0x00, 0x00, 0x00, 0x00, 0x00, 0x0d, 0xdd, 0x00, 0x00, 0x00,
    0x00, 0x00, 0x00, 0x00, 0x00, 0x00, 0x00, 0x00, 0x00, 0x00, 0x00, 0xdd, 0xd0, 0x00, 0x00, 0x00,
    0x00, 0x00, 0x00, 0x00, 0x00, 0x00, 0x00, 0x00, 0x00, 0x00, 0x0d, 0xdd, 0x00, 0x00, 0x00, 0x00,
    0x00, 0x00, 0x00, 0x00, 0x00, 0x00, 0x00, 0x00, 0x00, 0x00, 0xdd, 0xd0, 0x00, 0x00, 0x00, 0x00,
    0x00, 0x00, 0x00, 0x00, 0x00, 0x00, 0x00, 0x00, 0x00, 0x00, 0xdd, 0x00, 0x00, 0x00, 0x00, 0x00,
    0x00, 0x00, 0x00, 0x00, 0x00, 0x00, 0x00, 0x00, 0x00, 0x0d, 0xdd, 0x00, 0x00, 0x00, 0x00, 0x00,
    0x00, 0x00, 0x00, 0x00, 0x00, 0x00, 0x00, 0x00, 0x00, 0xdd, 0xd0, 0x00, 0x00, 0x00, 0x00, 0x00,
    0x00, 0x00, 0x00, 0x00, 0x00, 0x00, 0x00, 0x00, 0x0d, 0xdd, 0x00, 0x00, 0x00, 0x00, 0x00, 0x00,
    0x00, 0x00, 0x00, 0x00, 0x00, 0x00, 0x00, 0x00, 0xdd, 0xd0, 0x00, 0x00, 0x00, 0x00, 0x00, 0x00,
    0x00, 0x00, 0x00, 0x00, 0x00, 0x00, 0x00, 0x0d, 0xdd, 0x00, 0x00, 0x00, 0x00, 0x00, 0x00, 0x00,
    0x00, 0x00, 0x00, 0x00, 0x00, 0x00, 0x00, 0xdd, 0xd0, 0x00, 0x00, 0x00, 0x00, 0x00, 0x00, 0x00,
    0x00, 0x00, 0x00, 0x00, 0x00, 0x00, 0x0d, 0xdd, 0x00, 0x00, 0x00, 0x00, 0x00, 0x00, 0x00, 0x00,
    0x00, 0x00, 0x00, 0x00, 0x00, 0x00, 0xdd, 0xd0, 0x00, 0x00, 0x00, 0x00, 0x00, 0x00, 0x00, 0x00,
    0x00, 0x00, 0x00, 0x00, 0x00, 0x0d, 0xdd, 0x00, 0x00, 0x00, 0x00, 0x00, 0x00, 0x00, 0x00, 0x00,
    0x00, 0x00, 0x00, 0x00, 0x00, 0xdd, 0xd0, 0x00, 0x00, 0x00, 0x00, 0x00, 0x00, 0x00, 0x00, 0x00,
    0x00, 0x00, 0x00, 0x00, 0x0d, 0xdd, 0x00, 0x00, 0x00, 0x00, 0x00, 0x00, 0x00, 0x00, 0x00, 0x00,
    0x00, 0x00, 0x00, 0x00, 0x0d, 0xd0, 0x00, 0x00, 0x00, 0x00, 0x00, 0x00, 0x00, 0x00, 0x00, 0x00,
    0x00, 0x00, 0x00, 0x00, 0xdd, 0xd0, 0x00, 0x00, 0x00, 0x00, 0x00, 0x00, 0x00, 0x00, 0x00, 0x00,
    0x00, 0x00, 0x00, 0x0d, 0xdd, 0x00, 0x00, 0x00, 0x00, 0x00, 0x00, 0x00, 0x00, 0x00, 0x00, 0x00,
    0x00, 0x00, 0x00, 0xdd, 0xd0, 0x00, 0x00, 0x00, 0x00, 0x00, 0x00, 0x00, 0x00, 0x00, 0x00, 0x00,
    0x00, 0x06, 0x0d, 0xdd, 0x00, 0x00, 0x00, 0x00, 0x00, 0x00, 0x00, 0x00, 0x00, 0x00, 0x00, 0x00,
    0x00, 0x06, 0x66, 0xd0, 0x00, 0x00, 0x00, 0x00, 0x00, 0x00, 0x00, 0x00, 0x00, 0x00, 0x00, 0x00,
    0x00, 0x00, 0x06, 0x66, 0x60, 0x00, 0x00, 0x00, 0x00, 0x00, 0x00, 0x00, 0x00, 0x00, 0x00, 0x00,
    0x00, 0x00, 0x00, 0x00, 0x66, 0x60, 0x00, 0x00, 0x00, 0x00, 0x00, 0x00, 0x00, 0x00, 0x00, 0x00,
    0x00, 0x00, 0x00, 0x00, 0x00, 0x60, 0x00, 0x00, 0x00, 0x00, 0x00, 0x00, 0x00, 0x00, 0x00, 0x00,
};
static const uint8_t pixels_staff[] = {
    0x00, 0x00, 0x00, 0x00, 0x00, 0x00, 0x00, 0x00, 0x00, 0x00, 0x00, 0x00, 0x00, 0x00, 0x00, 0x00,
    0x00, 0x00, 0x00, 0x00, 0x00, 0x00, 0x00, 0x00, 0x00, 0x00, 0x00, 0x00, 0x00, 0x00, 0x00, 0x00,
    0x00, 0x00, 0x00, 0x00, 0x00, 0x00, 0x00, 0x00, 0x00, 0x00, 0x00, 0x00, 0x00, 0x00, 0x00, 0x00,
    0x00, 0x00, 0x00, 0x00, 0x00, 0x00, 0x00, 0x00, 0x00, 0x00, 0x00, 0x00, 0x00, 0x00, 0x00, 0x00,
    0x00, 0x00, 0x00, 0x00, 0x00, 0x00, 0x00, 0x00, 0x00, 0x00, 0x00, 0x00, 0x00, 0x00, 0x00, 0x00,
    0x00, 0x00, 0x00, 0x00, 0x00, 0x00, 0x00, 0x00, 0x00, 0x00, 0x00, 0x00, 0x00, 0x00, 0x00, 0x00,
    0x00, 0x00, 0x00, 0x00, 0x00, 0x00, 0x00, 0x00, 0x00, 0x00, 0x00, 0x00, 0x00, 0x00, 0x00, 0x00,
    0x00, 0x00, 0x00, 0x00, 0x00, 0x00, 0x00, 0x00, 0x00, 0x00, 0x00, 0x00, 0x00, 0xc0, 0x00, 0x00,
    0x00, 0x00, 0x00, 0x00, 0x00, 0x00, 0x00, 0x00, 0x00, 0x00, 0x00, 0x00, 0x0c, 0xcc, 0x00, 0x00,
    0x00, 0x00, 0x00, 0x00, 0x00, 0x00, 0x00, 0x00, 0x00, 0x00, 0x00, 0x00, 0xcc, 0xc0, 0x0d, 0x00,
    0x00, 0x00, 0x00, 0x00, 0x00, 0x00, 0x00, 0x00, 0x00, 0x00, 0x00, 0xcc, 0xcc, 0x00, 0xd0, 0x00,
    0x00, 0x00, 0x00, 0x00, 0x00, 0x00, 0x00, 0x00, 0x00, 0x00, 0x0c, 0xcc, 0x00, 0x0d, 0x00, 0x00,
    0x00, 0x00, 0x00, 0x00, 0x00, 0x00, 0x00, 0x00, 0x00, 0x00, 0xcc, 0xc0, 0x00, 0xd0, 0x00, 0x00,
    0x00, 0x00, 0x00, 0x00, 0x00, 0x00, 0x00, 0x00, 0x00, 0x0c, 0xcc, 0x00, 0x0d, 0x00, 0x00, 0x00,
    0x00, 0x00, 0x00, 0x00, 0x00, 0x00, 0x00, 0x00, 0x00, 0xcc, 0xc0, 0x0d, 0xd0, 0x00, 0x00, 0x00,
    0x00, 0x00, 0x00, 0x00, 0x00, 0x00, 0x00, 0x00, 0xcc, 0xcc, 0x00, 0xd0, 0x00, 0x00, 0x00, 0x00,
    0x00, 0x00, 0x00, 0x00, 0x00, 0x00, 0x00, 0x0c, 0xcc, 0x00, 0x0d, 0x00, 0x00, 0x00, 0x00, 0x00,
    0x00, 0x00, 0x00, 0x00, 0x00, 0x00, 0x00, 0xcc, 0xc0, 0x00, 0xd0, 0x00, 0x00, 0x00, 0x00, 0x00,
    0x00, 0x00, 0x00, 0x00, 0x00, 0x00, 0x0c, 0xcc, 0x00, 0x0d, 0x00, 0x00, 0x00, 0x00, 0x00, 0x00,
    0x00, 0x00, 0x00, 0x00, 0x00, 0x0c, 0xcc, 0xc0, 0x00, 0xd0, 0x00, 0x00, 0x00, 0x00, 0x00, 0x00,
    0x00, 0x00, 0x00, 0x00, 0x00, 0xcc, 0xc0, 0x00, 0x0d, 0x00, 0x00, 0x00, 0x00, 0x00, 0x00, 0x00,
    0x00, 0x00, 0x00, 0x00, 0x0c, 0xcc, 0x00, 0x00, 0xd0, 0x00, 0x00, 0x00, 0x00, 0x00, 0x00, 0x00,
    0x00, 0x00, 0x00, 0x00, 0xcc, 0xc0, 0x00, 0x0d, 0x00, 0x00, 0x00, 0x00, 0x00, 0x00, 0x00, 0x00,
    0x00, 0x00, 0x00, 0x0c, 0xcc, 0x00, 0x00, 0xd0, 0x00, 0x00, 0x00, 0x00, 0x00, 0x00, 0x00, 0x00,
    0x00, 0x00, 0x0c, 0xcc, 0xc0, 0x00, 0xdd, 0x00, 0x00, 0x00, 0x00, 0x00, 0x00, 0x00, 0x00, 0x00,
    0x00, 0x00, 0xcc, 0xc0, 0x00, 0x0d, 0x00, 0x00, 0x00, 0x00, 0x00, 0x00, 0x00, 0x00, 0x00, 0x00,
    0x00, 0x0c, 0xcc, 0x00, 0x00, 0xd0, 0x00, 0x00, 0x00, 0x00, 0x00, 0x00, 0x00, 0x00, 0x00, 0x00,
    0x00, 0x00, 0xc0, 0x00, 0x0d, 0x00, 0x00, 0x00, 0x00, 0x00, 0x00, 0x00, 0x00, 0x00, 0x00, 0x00,
    0x00, 0x00, 0x00, 0x00, 0xd0, 0x00, 0x00, 0x00, 0x00, 0x00, 0x00, 0x00, 0x00, 0x00, 0x00, 0x00,
    0x00, 0x00, 0x00, 0x0d, 0x00, 0x00, 0x00, 0x00, 0x00, 0x00, 0x00, 0x00, 0x00, 0x00, 0x00, 0x00,
    0x00, 0x00, 0x00, 0x00, 0x00, 0x00, 0x00, 0x00, 0x00, 0x00, 0x00, 0x00, 0x00, 0x00, 0x00, 0x00,
    0x00, 0x00, 0x00, 0x00, 0x00, 0x00, 0x00, 0x00, 0x00, 0x00, 0x00, 0x00, 0x00, 0x00, 0x00, 0x00,
};
static const uint8_t pixels_hands[] = {
    0x00, 0x00, 0x00, 0x00, 0x00, 0x00, 0x00, 0x00, 0x00, 0x00, 0x00, 0x00, 0x00, 0x00, 0x00, 0x00,
    0x00, 0x00, 0x00, 0x00, 0x00, 0x00, 0x00, 0x00, 0x00, 0x00, 0x00, 0x00, 0x00, 0x00, 0x00, 0x00,
    0x00, 0x00, 0x00, 0x00, 0x00, 0x00, 0x00, 0x00, 0x00, 0x00, 0x00, 0x00, 0x00, 0x00, 0x00, 0x00,
    0x00, 0x00, 0x00, 0x00, 0x00, 0x00, 0x00, 0x00, 0x00, 0x00, 0x00, 0x00, 0x00, 0x00, 0x00, 0x00,
    0x00, 0x00, 0x00, 0x00, 0x00, 0x00, 0x00, 0x00, 0x00, 0x00, 0x00, 0x00, 0x00, 0x00, 0x00, 0x00,
    0x00, 0x00, 0x00, 0x00, 0x00, 0x00, 0x00, 0x00, 0x00, 0x00, 0x00, 0x00, 0x00, 0x00, 0x00, 0x00,
    0x00, 0x00, 0x00, 0x00, 0x00, 0x00, 0x00, 0x00, 0x00, 0x00, 0x00, 0x00, 0x00, 0x00, 0x00, 0x00,
    0x00, 0x00, 0x00, 0x00, 0x00, 0x00, 0x00, 0x00, 0x00, 0x00, 0x00, 0x00, 0x00, 0x00, 0x00, 0x00,
    0x00, 0x00, 0x00, 0x00, 0x00, 0x00, 0x00, 0x00, 0x00, 0x00, 0x00, 0x00, 0x00, 0x00, 0x00, 0x00,
    0x00, 0x00, 0x00, 0x00, 0x00, 0x00, 0x00, 0x00, 0x10, 0x00, 0x00, 0x00, 0x00, 0x00, 0x00, 0x00,
    0x00, 0x00, 0x00, 0x00, 0x00, 0x00, 0x00, 0x01, 0xc1, 0x00, 0x00, 0x00, 0x00, 0x00, 0x00, 0x00,
    0x00, 0x00, 0x00, 0x00, 0x00, 0x00, 0x00, 0x1c, 0xcc, 0x10, 0x00, 0x00, 0x00, 0x00, 0x00, 0x00,
    0x00, 0x00, 0x00, 0x00, 0x00, 0x00, 0x01, 0xcc, 0xcc, 0xc1, 0x00, 0x00, 0x00, 0x00, 0x00, 0x00,
    0x00, 0x00, 0x00, 0x00, 0x00, 0x00, 0x00, 0x1c, 0xcc, 0x10, 0x00, 0x00, 0x00, 0x00, 0x00, 0x00,
    0x00, 0x00, 0x00, 0x00, 0x00, 0x00, 0x00, 0x01, 0xc1, 0x00, 0x00, 0x00, 0x00, 0x00, 0x00, 0x00,
    0x00, 0x00, 0x00, 0x00, 0x00, 0x00, 0x00, 0x00, 0x10, 0x00, 0x00, 0x00, 0x00, 0x00, 0x00, 0x00,
    0x00, 0x00, 0x00, 0x00, 0x00, 0x00, 0x00, 0x00, 0x00, 0x00, 0x00, 0x00, 0x00, 0x00, 0x00, 0x00,
    0x00, 0x00, 0x00, 0x00, 0x00, 0x00, 0x00, 0x00, 0x00, 0x00, 0x00, 0x00, 0x00, 0x00, 0x00, 0x00,
    0x00, 0x00, 0x00, 0x00, 0x00, 0x06, 0x66, 0x66, 0x66, 0x66, 0x60, 0x00, 0x00, 0x00, 0x00, 0x00,
    0x00, 0x00, 0x00, 0x00, 0x00, 0x06, 0x66, 0x66, 0x66, 0x66, 0x60, 0x00, 0x00, 0x00, 0x00, 0x00,
    0x00, 0x00, 0x00, 0x00, 0x00, 0x06, 0x66, 0x66, 0x66, 0x66, 0x60, 0x00, 0x00, 0x00, 0x00, 0x00,
    0x00, 0x00, 0x00, 0x00, 0x00, 0x06, 0x66, 0x66, 0x66, 0x66, 0x66, 0x00, 0x00, 0x00, 0x00, 0x00,
    0x00, 0x00, 0x00, 0x00, 0x00, 0x66, 0x66, 0x66, 0x66, 0x66, 0x66, 0x60, 0x00, 0x00, 0x00, 0x00,
    0x00, 0x00, 0x00, 0x00, 0x06, 0x66, 0x66, 0x66, 0x66, 0x66, 0x66, 0x66, 0x00, 0x00, 0x00, 0x00,
    0x00, 0x00, 0x00, 0x00, 0x66, 0x66, 0x66, 0x66, 0x66, 0x66, 0x60, 0x66, 0x00, 0x00, 0x00, 0x00,
    0x00, 0x00, 0x00, 0x00, 0x66, 0x06, 0x66, 0x66, 0x66, 0x66, 0x60, 0x66, 0x60, 0x00, 0x00, 0x00,
    0x00, 0x00, 0x00, 0x06, 0x66, 0x06, 0x66, 0x66, 0x66, 0x66, 0x60, 0x06, 0x66, 0x00, 0x00, 0x00,
    0x00, 0x00, 0x00, 0x66, 0x60, 0x06, 0x66, 0x66, 0x66, 0x66, 0x60, 0x00, 0x66, 0x60, 0x00, 0x00,
    0x00, 0x00, 0x06, 0x66, 0x00, 0x00, 0x00, 0x00, 0x00, 0x00, 0x00, 0x00, 0x06, 0x00, 0x00, 0x00,
    0x00, 0x00, 0x00, 0x60, 0x00, 0x00, 0x00, 0x00, 0x00, 0x00, 0x00, 0x00, 0x00, 0x00, 0x00, 0x00,
    0x00, 0x00, 0x00, 0x00, 0x00, 0x00, 0x00, 0x00, 0x00, 0x00, 0x00, 0x00, 0x00, 0x00, 0x00, 0x00,
    0x00, 0x00, 0x00, 0x00, 0x00, 0x00, 0x00, 0x00, 0x00, 0x00, 0x00, 0x00, 0x00, 0x00, 0x00, 0x00,
};
static const uint8_t pixels_slash[] = {
    0x00, 0x00, 0x00, 0x00, 0x00, 0x00, 0x00, 0x00, 0x00, 0x00, 0x00, 0x00, 0x00, 0x00, 0x00, 0x00,
    0x00, 0x00, 0x00, 0x00, 0x00, 0x00, 0x00, 0x00, 0x00, 0x00, 0x00, 0x00, 0x00, 0x00, 0x00, 0x00,
    0x00, 0x00, 0x00, 0x00, 0x00, 0x00, 0x00, 0x00, 0x00, 0x00, 0x00, 0x00, 0x00, 0x00, 0x00, 0x00,
    0x00, 0x00, 0x00, 0x00, 0x00, 0x00, 0x00, 0x00, 0x00, 0x00, 0x00, 0x00, 0x00, 0x00, 0x00, 0x00,
    0x00, 0x00, 0x00, 0x00, 0x00, 0x00, 0x00, 0x00, 0x00, 0x00, 0x00, 0x00, 0x00, 0x00, 0x00, 0x00,
    0x00, 0x00, 0x00, 0x00, 0x00, 0x00, 0x00, 0x00, 0x00, 0x00, 0x00, 0x00, 0x00, 0x00, 0x00, 0x00,
    0x00, 0x00, 0x00, 0x00, 0x00, 0x00, 0x00, 0x00, 0x00, 0x00, 0x00, 0x00, 0x00, 0x00, 0x00, 0x00,
    0x00, 0x00, 0x00, 0x00, 0x00, 0x00, 0x00, 0x00, 0x00, 0x00, 0x00, 0x00, 0x00, 0xd0, 0x00, 0x00,
    0x00, 0x00, 0x00, 0x00, 0x00, 0x00, 0x00, 0x00, 0x00, 0x00, 0x00, 0x00, 0x0d, 0xdd, 0x00, 0x00,
    0x00, 0x00, 0x00, 0x00, 0x00, 0x00, 0x00, 0x00, 0x00, 0x00, 0x00, 0x0d, 0xdd, 0xd0, 0x00, 0x00,
    0x00, 0x00, 0x00, 0x00, 0x00, 0x00, 0x00, 0x00, 0x00, 0x00, 0x00, 0xdd, 0xd0, 0x00, 0x00, 0x00,
    0x00, 0x00, 0x00, 0x00, 0x00, 0x00, 0x00, 0x00, 0x00, 0x00, 0x0d, 0xdd, 0x00, 0x00, 0x07, 0x00,
    0x00, 0x00, 0x00, 0x00, 0x00, 0x00, 0x00, 0x00, 0x00, 0x00, 0xdd, 0xd0, 0x00, 0x00, 0x77, 0x70,
    0x00, 0x00, 0x00, 0x00, 0x00, 0x00, 0x00, 0x00, 0x00, 0xdd, 0xdd, 0x00, 0x00, 0x77, 0x77, 0x00,
    0x00, 0x00, 0x00, 0x00, 0x00, 0x00, 0x00, 0x00, 0x0d, 0xdd, 0x00, 0x00, 0x07, 0x77, 0x00, 0x00,
    0x00, 0x00, 0x00, 0x00, 0x00, 0x00, 0x00, 0x00, 0xdd, 0xd0, 0x00, 0x00, 0x77, 0x70, 0x00, 0x00,
    0x00, 0x00, 0x00, 0x00, 0x00, 0x00, 0x00, 0x0d, 0xdd, 0x00, 0x00, 0x07, 0x77, 0x00, 0x00, 0x00,
    0x00, 0x00, 0x00, 0x00, 0x00, 0x00, 0x0d, 0xdd, 0x00, 0x00, 0x07, 0x77, 0x70, 0x00, 0x00, 0x00,
    0x00, 0x00, 0x00, 0x00, 0x00, 0x00, 0xdd, 0xd0, 0x00, 0x00, 0x77, 0x70, 0x00, 0x00, 0x00, 0x00,
    0x00, 0x00, 0x00, 0x00, 0x00, 0x0d, 0xdd, 0x00, 0x00, 0x07, 0x77, 0x00, 0x00, 0x00, 0x00, 0x00,
    0x00, 0x00, 0x00, 0x00, 0x0d, 0xdd, 0xd0, 0x00, 0x00, 0x77, 0x70, 0x00, 0x00, 0x00, 0x00, 0x00,
    0x00, 0x00, 0x00, 0x00, 0xdd, 0xd0, 0x00, 0x00, 0x77, 0x70, 0x00, 0x00, 0x00, 0x00, 0x00, 0x00,
    0x00, 0x00, 0x00, 0x0d, 0xdd, 0x00, 0x00, 0x07, 0x77, 0x00, 0x00, 0x00, 0x00, 0x00, 0x00, 0x00,
    0x00, 0x00, 0x00, 0xdd, 0xd0, 0x00, 0x00, 0x77, 0x70, 0x00, 0x00, 0x00, 0x00, 0x00, 0x00, 0x00,
    0x00, 0x00, 0xdd, 0xdd, 0x00, 0x00, 0x77, 0x77, 0x00, 0x00, 0x00, 0x00, 0x00, 0x00, 0x00, 0x00,
    0x00, 0x0d, 0xdd, 0x00, 0x00, 0x07, 0x77, 0x00, 0x00, 0x00, 0x00, 0x00, 0x00, 0x00, 0x00, 0x00,
    0x00, 0x00, 0xd0, 0x00, 0x00, 0x77, 0x70, 0x00, 0x00, 0x00, 0x00, 0x00, 0x00, 0x00, 0x00, 0x00,
    0x00, 0x00, 0x00, 0x00, 0x07, 0x77, 0x00, 0x00, 0x00, 0x00, 0x00, 0x00, 0x00, 0x00, 0x00, 0x00,
    0x00, 0x00, 0x00, 0x07, 0x77, 0x70, 0x00, 0x00, 0x00, 0x00, 0x00, 0x00, 0x00, 0x00, 0x00, 0x00,
    0x00, 0x00, 0x00, 0x77, 0x70, 0x00, 0x00, 0x00, 0x00, 0x00, 0x00, 0x00, 0x00, 0x00, 0x00, 0x00,
    0x00, 0x00, 0x00, 0x07, 0x00, 0x00, 0x00, 0x00, 0x00, 0x00, 0x00, 0x00, 0x00, 0x00, 0x00, 0x00,
    0x00, 0x00, 0x00, 0x00, 0x00, 0x00, 0x00, 0x00, 0x00, 0x00, 0x00, 0x00, 0x00, 0x00, 0x00, 0x00,
};
static const uint8_t pixels_bolt[] = {
    0x00, 0x00, 0x00, 0x00, 0x00, 0x00, 0x00, 0x00, 0x00, 0x00, 0x00, 0x00, 0x00, 0x00, 0x00, 0x00,
    0x00, 0x00, 0x00, 0x00, 0x00, 0x00, 0x00, 0x00, 0x00, 0x00, 0x00, 0x00, 0x00, 0x00, 0x00, 0x00,
    0x00, 0x00, 0x00, 0x00, 0x00, 0x00, 0x00, 0x00, 0x00, 0x00, 0x00, 0x00, 0x00, 0x00, 0x00, 0x00,
    0x00, 0x00, 0x00, 0x00, 0x00, 0x00, 0x00, 0x00, 0x00, 0x00, 0x00, 0x00, 0x00, 0x00, 0x00, 0x00,
    0x00, 0x00, 0x00, 0x00, 0x00, 0x00, 0x00, 0x00, 0x00, 0x00, 0x00, 0x00, 0x00, 0x00, 0x00, 0x00,
    0x00, 0x00, 0x00, 0x00, 0x00, 0x00, 0x00, 0x00, 0x00, 0x00, 0x00, 0x00, 0x00, 0x00, 0x00, 0x00,
    0x00, 0x00, 0x00, 0x00, 0x00, 0x00, 0x00, 0x00, 0x00, 0x00, 0x00, 0x00, 0x00, 0x00, 0x00, 0x00,
    0x00, 0x00, 0x00, 0x00, 0x00, 0x00, 0x00, 0x00, 0x00, 0x00, 0x00, 0x00, 0x00, 0xc0, 0x00, 0x00,
    0x00, 0x00, 0x00, 0x00, 0x00, 0x00, 0x00, 0x00, 0x00, 0x00, 0x00, 0x00, 0x0c, 0xcc, 0x00, 0x00,
    0x00, 0x00, 0x00, 0x00, 0x00, 0x00, 0x00, 0x00, 0x00, 0x00, 0x00, 0x0c, 0xcc, 0xc0, 0x00, 0x00,
    0x00, 0x00, 0x00, 0x00, 0x00, 0x00, 0x00, 0x00, 0x00, 0x00, 0x00, 0xcc, 0xc0, 0x00, 0x00, 0x00,
    0x00, 0x00, 0x00, 0x00, 0x00, 0x00, 0x00, 0x00, 0x00, 0x00, 0x0c, 0xcc, 0x00, 0x00, 0x00, 0x0d,
    0x00, 0x00, 0x00, 0x00, 0x00, 0x00, 0x00, 0x00, 0x00, 0x00, 0xcc, 0xc0, 0x00, 0x00, 0x00, 0xd0,
    0x00, 0x00, 0x00, 0x00, 0x00, 0x00, 0x00, 0x00, 0x00, 0xcc, 0xcc, 0x00, 0x00, 0x00, 0xdd, 0x00,
    0x00, 0x00, 0x00, 0x00, 0x00, 0x00, 0x00, 0x00, 0x0c, 0xcc, 0x00, 0x00, 0x00, 0x0d, 0x00, 0x00,
    0x00, 0x00, 0x00, 0x00, 0x00, 0x00, 0x00, 0x00, 0xcc, 0xc0, 0x00, 0x00, 0x00, 0xd0, 0x00, 0x00,
    0x00, 0x00, 0x00, 0x00, 0x00, 0x00, 0x00, 0x0c, 0xcc, 0x00, 0x00, 0x00, 0xdd, 0x00, 0x00, 0x00,
    0x00, 0x00, 0x00, 0x00, 0x00, 0x00, 0x0c, 0xcc, 0x00, 0x00, 0x00, 0x0d, 0x00, 0x00, 0x00, 0x00,
    0x00, 0x00, 0x00, 0x00, 0x00, 0x00, 0xcc, 0xc0, 0x00, 0x00, 0x00, 0xd0, 0x00, 0x00, 0x00, 0x00,
    0x00, 0x00, 0x00, 0x00, 0x00, 0x0c, 0xcc, 0x00, 0x00, 0x00, 0x0d, 0x00, 0x00, 0x00, 0x00, 0x00,
    0x00, 0x00, 0x00, 0x00, 0x0c, 0xcc, 0xc0, 0x00, 0x00, 0x0d, 0xd0, 0x00, 0x00, 0x00, 0x00, 0x00,
    0x00, 0x00, 0x00, 0x00, 0xcc, 0xc0, 0x00, 0x00, 0x00, 0xd0, 0x00, 0x00, 0x00, 0x00, 0x00, 0x00,
    0x00, 0x00, 0x00, 0x0c, 0xcc, 0x00, 0x00, 0x00, 0x0d, 0x00, 0x00, 0x00, 0x00, 0x00, 0x00, 0x00,
    0x00, 0x00, 0x00, 0xcc, 0xc0, 0x00, 0x00, 0x00, 0xd0, 0x00, 0x00, 0x00, 0x00, 0x00, 0x00, 0x00,
    0x00, 0x00, 0xcc, 0xcc, 0x00, 0x00, 0x00, 0xdd, 0x00, 0x00, 0x00, 0x00, 0x00, 0x00, 0x00, 0x00,
    0x00, 0x0c, 0xcc, 0x00, 0x00, 0x00, 0x0d, 0x00, 0x00, 0x00, 0x00, 0x00, 0x00, 0x00, 0x00, 0x00,
    0x00, 0x00, 0xc0, 0x00, 0x00, 0x00, 0xd0, 0x00, 0x00, 0x00, 0x00, 0x00, 0x00, 0x00, 0x00, 0x00,
    0x00, 0x00, 0x00, 0x00, 0x00, 0xdd, 0x00, 0x00, 0x00, 0x00, 0x00, 0x00, 0x00, 0x00, 0x00, 0x00,
    0x00, 0x00, 0x00, 0x00, 0x0d, 0x00, 0x00, 0x00, 0x00, 0x00, 0x00, 0x00, 0x00, 0x00, 0x00, 0x00,
    0x00, 0x00, 0x00, 0x00, 0xd0, 0x00, 0x00, 0x00, 0x00, 0x00, 0x00, 0x00, 0x00, 0x00, 0x00, 0x00,
    0x00, 0x00, 0x00, 0x00, 0x00, 0x00, 0x00, 0x00, 0x00, 0x00, 0x00, 0x00, 0x00, 0x00, 0x00, 0x00,
    0x00, 0x00, 0x00, 0x00, 0x00, 0x00, 0x00, 0x00, 0x00, 0x00, 0x00, 0x00, 0x00, 0x00, 0x00, 0x00,
};
static const uint8_t pixels_impact[] = {
    0x00, 0x00, 0x00, 0x00, 0x00, 0x00, 0x00, 0x00, 0x00, 0x00, 0x00, 0x00, 0x00, 0x00, 0x00, 0x00,
    0x00, 0x00, 0x00, 0x00, 0x00, 0x00, 0x00, 0x00, 0x00, 0x00, 0x00, 0x00, 0x00, 0x00, 0x00, 0x00,
    0x00, 0x00, 0x00, 0x00, 0x00, 0x00, 0x00, 0x00, 0x00, 0x00, 0x00, 0x00, 0x00, 0x00, 0x00, 0x00,
    0x00, 0x00, 0x00, 0x00, 0x00, 0x00, 0x00, 0x00, 0x00, 0x00, 0x00, 0x00, 0x00, 0x00, 0x00, 0x00,
    0x00, 0x00, 0x00, 0x00, 0x00, 0x00, 0x00, 0x00, 0x00, 0x00, 0x00, 0x00, 0x00, 0x00, 0x00, 0x00,
    0x00, 0x00, 0x00, 0x00, 0x00, 0x00, 0x00, 0x00, 0xb0, 0x00, 0x00, 0x00, 0x00, 0x00, 0x00, 0x00,
    0x00, 0x00, 0x00, 0x00, 0x00, 0x00, 0x00, 0x00, 0xb0, 0x00, 0x00, 0x00, 0x00, 0x00, 0x00, 0x00,
    0x00, 0x00, 0x00, 0x00, 0x00, 0x00, 0x00, 0x00, 0xb0, 0x00, 0x00, 0x00, 0x00, 0x00, 0x00, 0x00,
    0x00, 0x00, 0x00, 0x00, 0x00, 0x00, 0x00, 0x00, 0xb0, 0x00, 0x00, 0x00, 0x00, 0x00, 0x00, 0x00,
    0x00, 0x00, 0x00, 0x00, 0x00, 0x00, 0x00, 0x00, 0xb0, 0x00, 0x00, 0x00, 0x00, 0x00, 0x00, 0x00,
    0x00, 0x00, 0x00, 0x00, 0x00, 0x00, 0x00, 0x00, 0xb0, 0x00, 0x00, 0x00, 0x00, 0x00, 0x00, 0x00,
    0x00, 0x00, 0x00, 0x00, 0x00, 0x00, 0x00, 0x00, 0xb0, 0x00, 0x00, 0x00, 0x00, 0x00, 0x00, 0x00,
    0x00, 0x00, 0x00, 0x00, 0x00, 0x00, 0x00, 0x00, 0xb0, 0x00, 0x00, 0x00, 0x00, 0x00, 0x00, 0x00,
    0x00, 0x00, 0x00, 0x00, 0x00, 0x00, 0x00, 0x00, 0xb0, 0x00, 0x00, 0x00, 0x00, 0x00, 0x00, 0x00,
    0x00, 0x00, 0x00, 0x00, 0x00, 0x00, 0x00, 0x01, 0xb1, 0x00, 0x00, 0x00, 0x00, 0x00, 0x00, 0x00,
    0x00, 0x00, 0x00, 0x00, 0x00, 0x00, 0x00, 0x1c, 0xbc, 0x10, 0x00, 0x00, 0x00, 0x00, 0x00, 0x00,
    0x00, 0x00, 0x0b, 0xbb, 0xbb, 0xbb, 0xbb, 0xbb, 0xbb, 0xbb, 0xbb, 0xbb, 0xbb, 0xbb, 0x00, 0x00,
    0x00, 0x00, 0x00, 0x00, 0x00, 0x00, 0x00, 0x1c, 0xbc, 0x10, 0x00, 0x00, 0x00, 0x00, 0x00, 0x00,
    0x00, 0x00, 0x00, 0x00, 0x00, 0x00, 0x00, 0x01, 0xb1, 0x00, 0x00, 0x00, 0x00, 0x00, 0x00, 0x00,
    0x00, 0x00, 0x00, 0x00, 0x00, 0x00, 0x00, 0x00, 0xb0, 0x00, 0x00, 0x00, 0x00, 0x00, 0x00, 0x00,
    0x00, 0x00, 0x00, 0x00, 0x00, 0x00, 0x00, 0x00, 0xb0, 0x00, 0x00, 0x00, 0x00, 0x00, 0x00, 0x00,
    0x00, 0x00, 0x00, 0x00, 0x00, 0x00, 0x00, 0x00, 0xb0, 0x00, 0x00, 0x00, 0x00, 0x00, 0x00, 0x00,
    0x00, 0x00, 0x00, 0x00, 0x00, 0x00, 0x00, 0x00, 0xb0, 0x00, 0x00, 0x00, 0x00, 0x00, 0x00, 0x00,
    0x00, 0x00, 0x00, 0x00, 0x00, 0x00, 0x00, 0x00, 0xb0, 0x00, 0x00, 0x00, 0x00, 0x00, 0x00, 0x00,
    0x00, 0x00, 0x00, 0x00, 0x00, 0x00, 0x00, 0x00, 0xb0, 0x00, 0x00, 0x00, 0x00, 0x00, 0x00, 0x00,
    0x00, 0x00, 0x00, 0x00, 0x00, 0x00, 0x00, 0x00, 0xb0, 0x00, 0x00, 0x00, 0x00, 0x00, 0x00, 0x00,
    0x00, 0x00, 0x00, 0x00, 0x00, 0x00, 0x00, 0x00, 0xb0, 0x00, 0x00, 0x00, 0x00, 0x00, 0x00, 0x00,
    0x00, 0x00, 0x00, 0x00, 0x00, 0x00, 0x00, 0x00, 0xb0, 0x00, 0x00, 0x00, 0x00, 0x00, 0x00, 0x00,
    0x00, 0x00, 0x00, 0x00, 0x00, 0x00, 0x00, 0x00, 0x00, 0x00, 0x00, 0x00, 0x00, 0x00, 0x00, 0x00,
    0x00, 0x00, 0x00, 0x00, 0x00, 0x00, 0x00, 0x00, 0x00, 0x00, 0x00, 0x00, 0x00, 0x00, 0x00, 0x00,
    0x00, 0x00, 0x00, 0x00, 0x00, 0x00, 0x00, 0x00, 0x00, 0x00, 0x00, 0x00, 0x00, 0x00, 0x00, 0x00,
    0x00, 0x00, 0x00, 0x00, 0x00, 0x00, 0x00, 0x00, 0x00, 0x00, 0x00, 0x00, 0x00, 0x00, 0x00, 0x00,
};
static const uint8_t pixels_burst[] = {
    0x00, 0x00, 0x00, 0x00, 0x00, 0x00, 0x00, 0x00, 0x00, 0x00, 0x00, 0x00, 0x00, 0x00, 0x00, 0x00,
    0x00, 0x00, 0x00, 0x00, 0x00, 0x00, 0x00, 0x00, 0x00, 0x00, 0x00, 0x00, 0x00, 0x00, 0x00, 0x00,
    0x00, 0x00, 0x00, 0x00, 0x00, 0x00, 0x00, 0x00, 0x00, 0x00, 0x00, 0x00, 0x00, 0x00, 0x00, 0x00,
    0x00, 0x70, 0x00, 0x00, 0x00, 0x00, 0x00, 0x00, 0x70, 0x00, 0x00, 0x00, 0x00, 0x00, 0x00, 0x70,
    0x00, 0x07, 0x00, 0x00, 0x00, 0x00, 0x00, 0x00, 0x70, 0x00, 0x00, 0x00, 0x00, 0x00, 0x07, 0x00,
    0x00, 0x00, 0x70, 0x00, 0x00, 0x00, 0x00, 0x00, 0x70, 0x00, 0x00, 0x00, 0x00, 0x00, 0x70, 0x00,
    0x00, 0x00, 0x07, 0x00, 0x00, 0x00, 0x00, 0x00, 0x70, 0x00, 0x00, 0x00, 0x00, 0x07, 0x00, 0x00,
    0x00, 0x00, 0x00, 0x70, 0x00, 0x00, 0x00, 0x00, 0x70, 0x00, 0x00, 0x00, 0x00, 0x70, 0x00, 0x00,
    0x00, 0x00, 0x00, 0x07, 0x00, 0x00, 0x00, 0x00, 0x70, 0x00, 0x00, 0x00, 0x07, 0x00, 0x00, 0x00,
    0x00, 0x00, 0x00, 0x00, 0x77, 0x00, 0x00, 0x00, 0x70, 0x00, 0x00, 0x07, 0x70, 0x00, 0x00, 0x00,
    0x00, 0x00, 0x00, 0x00, 0x00, 0x70, 0x00, 0x00, 0x70, 0x00, 0x00, 0x70, 0x00, 0x00, 0x00, 0x00,
    0x00, 0x00, 0x00, 0x00, 0x00, 0x07, 0x00, 0x00, 0x70, 0x00, 0x07, 0x00, 0x00, 0x00, 0x00, 0x00,
    0x00, 0x00, 0x00, 0x00, 0x00, 0x00, 0x70, 0x00, 0x70, 0x00, 0x70, 0x00, 0x00, 0x00, 0x00, 0x00,
    0x00, 0x00, 0x00, 0x00, 0x00, 0x00, 0x07, 0x00, 0x70, 0x07, 0x00, 0x00, 0x00, 0x00, 0x00, 0x00,
    0x00, 0x00, 0x00, 0x00, 0x00, 0x00, 0x00, 0x70, 0x70, 0x70, 0x00, 0x00, 0x00, 0x00, 0x00, 0x00,
    0x00, 0x00, 0x00, 0x00, 0x00, 0x00, 0x00, 0x07, 0x77, 0x00, 0x00, 0x00, 0x00, 0x00, 0x00, 0x00,
    0x00, 0x00, 0x00, 0x00, 0x00, 0x00, 0x00, 0x00, 0x70, 0x00, 0x00, 0x00, 0x00, 0x00, 0x00, 0x00,
    0x00, 0x00, 0x00, 0x00, 0x00, 0x00, 0x00, 0x07, 0x07, 0x00, 0x00, 0x00, 0x00, 0x00, 0x00, 0x00,
    0x00, 0x00, 0x00, 0x00, 0x00, 0x00, 0x00, 0x70, 0x00, 0x70, 0x00, 0x00, 0x00, 0x00, 0x00, 0x00,
    0x00, 0x00, 0x00, 0x00, 0x00, 0x00, 0x00, 0x70, 0x00, 0x70, 0x00, 0x00, 0x00, 0x00, 0x00, 0x00,
    0x00, 0x00, 0x00, 0x00, 0x00, 0x00, 0x07, 0x00, 0x00, 0x07, 0x00, 0x00, 0x00, 0x00, 0x00, 0x00,
    0x00, 0x00, 0x00, 0x00, 0x00, 0x00, 0x70, 0x00, 0x00, 0x00, 0x70, 0x00, 0x00, 0x00, 0x00, 0x00,
    0x00, 0x00, 0x00, 0x00, 0x00, 0x07, 0x00, 0x00, 0x00, 0x00, 0x07, 0x00, 0x00, 0x00, 0x00, 0x00,
    0x00, 0x00, 0x00, 0x00, 0x00, 0x07, 0x00, 0x00, 0x00, 0x00, 0x07, 0x00, 0x00, 0x00, 0x00, 0x00,
    0x00, 0x00, 0x00, 0x00, 0x00, 0x70, 0x00, 0x00, 0x00, 0x00, 0x00, 0x70, 0x00, 0x00, 0x00, 0x00,
    0x00, 0x00, 0x00, 0x00, 0x07, 0x00, 0x00, 0x00, 0x00, 0x00, 0x00, 0x07, 0x00, 0x00, 0x00, 0x00,
    0x00, 0x00, 0x00, 0x00, 0x00, 0x00, 0x00, 0x00, 0x00, 0x00, 0x00, 0x00, 0x00, 0x00, 0x00, 0x00,
    0x00, 0x00, 0x00, 0x00, 0x00, 0x00, 0x00, 0x00, 0x00, 0x00, 0x00, 0x00, 0x00, 0x00, 0x00, 0x00,
    0x00, 0x00, 0x00, 0x00, 0x00, 0x00, 0x00, 0x00, 0x00, 0x00, 0x00, 0x00, 0x00, 0x00, 0x00, 0x00,
    0x00, 0x00, 0x00, 0x00, 0x00, 0x00, 0x00, 0x00, 0x00, 0x00, 0x00, 0x00, 0x00, 0x00, 0x00, 0x00,
    0x00, 0x00, 0x00, 0x00, 0x00, 0x00, 0x00, 0x00, 0x00, 0x00, 0x00, 0x00, 0x00, 0x00, 0x00, 0x00,
    0x00, 0x00, 0x00, 0x00, 0x00, 0x00, 0x00, 0x00, 0x00, 0x00, 0x00, 0x00, 0x00, 0x00, 0x00, 0x00,
};
static const uint8_t pixels_title[] = {
    0x00, 0x00, 0x00, 0x00, 0x00, 0x00, 0x00, 0x00, 0x00, 0x00, 0x00, 0x00, 0x00, 0x00, 0x00, 0x00,
    0x00, 0x00, 0x00, 0x00, 0x00, 0x00, 0x07, 0x77, 0x77, 0x77, 0x00, 0x00, 0x00, 0x00, 0x00, 0x00,
    0x00, 0x00, 0x00, 0x00, 0x00, 0x77, 0x70, 0x00, 0x00, 0x00, 0x77, 0x70, 0x00, 0x00, 0x00, 0x00,
    0x00, 0x00, 0x00, 0x00, 0x77, 0x00, 0x00, 0x00, 0x00, 0x00, 0x00, 0x07, 0x70, 0x00, 0x00, 0x00,
    0x00, 0x00, 0x00, 0x07, 0x00, 0x00, 0x0d, 0xdd, 0xdd, 0xdd, 0x00, 0x00, 0x07, 0x00, 0x00, 0x00,
    0x00, 0x00, 0x00, 0x70, 0x00, 0x0d, 0xdd, 0xdd, 0xdd, 0xdd, 0xdd, 0x00, 0x00, 0x70, 0x00, 0x00,
    0x00, 0x00, 0x07, 0x00, 0x0d, 0xdd, 0xd0, 0x00, 0x00, 0x00, 0xdd, 0xdd, 0x00, 0x07, 0x00, 0x00,
    0x00, 0x00, 0x70, 0x00, 0xdd, 0xd0, 0x00, 0x00, 0x00, 0x00, 0x00, 0xdd, 0xd0, 0x00, 0x70, 0x00,
    0x00, 0x07, 0x11, 0x11, 0x11, 0x11, 0x11, 0x11, 0x11, 0x11, 0x11, 0x11, 0x11, 0x11, 0x07, 0x00,
    0x00, 0x07, 0x11, 0x11, 0x11, 0x11, 0x11, 0x11, 0x11, 0x11, 0x11, 0x11, 0x11, 0x11, 0x07, 0x00,
    0x00, 0x70, 0x11, 0x14, 0x44, 0x44, 0x44, 0x44, 0x44, 0x44, 0x44, 0x44, 0x41, 0x11, 0x00, 0x70,
    0x00, 0x00, 0x11, 0x14, 0x44, 0x44, 0x44, 0x44, 0x44, 0x44, 0x44, 0x44, 0x41, 0x11, 0x00, 0x00,
    0x00, 0x00, 0x11, 0x14, 0x44, 0x44, 0x44, 0x44, 0x44, 0x44, 0x44, 0x44, 0x41, 0x11, 0x00, 0x00,
    0x00, 0x00, 0x11, 0x14, 0x44, 0x44, 0x44, 0x44, 0x14, 0x44, 0x44, 0x44, 0x41, 0x11, 0xd0, 0x00,
    0x00, 0x00, 0x11, 0x14, 0x44, 0x44, 0x44, 0x41, 0x71, 0x44, 0x44, 0x44, 0x41, 0x11, 0x00, 0x00,
    0x00, 0x00, 0x11, 0x14, 0x44, 0x44, 0x44, 0x17, 0x77, 0x14, 0x44, 0x44, 0x41, 0x11, 0x00, 0x00,
    0x00, 0x00, 0x11, 0x14, 0x44, 0x44, 0x41, 0x77, 0x77, 0x71, 0x44, 0x44, 0x41, 0x11, 0x00, 0x00,
    0x00, 0x00, 0x11, 0x14, 0x44, 0x44, 0x44, 0x17, 0x77, 0x14, 0x44, 0x44, 0x41, 0x11, 0x00, 0x00,
    0x00, 0x00, 0x11, 0x14, 0x44, 0x44, 0x44, 0x41, 0x71, 0x44, 0x44, 0x44, 0x41, 0x11, 0x00, 0x00,
    0x00, 0x00, 0x11, 0x14, 0x44, 0x44, 0x44, 0x44, 0x14, 0x44, 0x44, 0x44, 0x41, 0x11, 0x00, 0x00,
    0x00, 0x00, 0x11, 0x14, 0x44, 0x44, 0x44, 0x44, 0x44, 0x44, 0x44, 0x44, 0x41, 0x11, 0x00, 0x00,
    0x00, 0x00, 0x11, 0x14, 0x44, 0x44, 0x44, 0x44, 0x44, 0x44, 0x44, 0x44, 0x41, 0x11, 0x00, 0x00,
    0x00, 0x00, 0x11, 0x14, 0x44, 0x44, 0x44, 0x44, 0x44, 0x44, 0x44, 0x44, 0x41, 0x11, 0x00, 0x00,
    0x00, 0x00, 0x11, 0x11, 0x11, 0x11, 0x11, 0x11, 0x11, 0x11, 0x11, 0x11, 0x11, 0x11, 0x00, 0x00,
    0x00, 0x00, 0x11, 0x11, 0x11, 0x11, 0x11, 0x11, 0x11, 0x11, 0x11, 0x11, 0x11, 0x11, 0x00, 0x00,
    0x00, 0x00, 0x00, 0x06, 0x00, 0x00, 0x00, 0x00, 0x00, 0x00, 0x00, 0x00, 0x06, 0x00, 0x00, 0x00,
    0x00, 0x00, 0x00, 0x00, 0x66, 0x00, 0x00, 0x00, 0x00, 0x00, 0x00, 0x06, 0x60, 0x00, 0x00, 0x00,
    0x00, 0x00, 0x00, 0x00, 0x00, 0x66, 0x00, 0x00, 0x00, 0x00, 0x06, 0x60, 0x00, 0x00, 0x00, 0x00,
    0x00, 0x00, 0x00, 0x00, 0x00, 0x00, 0x66, 0x00, 0x00, 0x06, 0x60, 0x00, 0x00, 0x00, 0x00, 0x00,
    0x00, 0x00, 0x00, 0x00, 0x00, 0x00, 0x00, 0x66, 0x06, 0x60, 0x00, 0x00, 0x00, 0x00, 0x00, 0x00,
    0x00, 0x00, 0x00, 0x00, 0x00, 0x00, 0x00, 0x00, 0x60, 0x00, 0x00, 0x00, 0x00, 0x00, 0x00, 0x00,
    0x00, 0x00, 0x00, 0x00, 0x00, 0x00, 0x00, 0x00, 0x00, 0x00, 0x00, 0x00, 0x00, 0x00, 0x00, 0x00,
};

const dungeon_sprite_t dungeon_sprites[DSP_COUNT] = {
    [DSP_WALL_NEAR] = {32, 32, pixels_wall_near},
    [DSP_WALL_MID] = {32, 32, pixels_wall_mid},
    [DSP_WALL_FAR] = {32, 32, pixels_wall_far},
    [DSP_CEILING_NEAR] = {32, 32, pixels_ceiling_near},
    [DSP_CEILING_MID] = {32, 32, pixels_ceiling_mid},
    [DSP_CEILING_FAR] = {32, 32, pixels_ceiling_far},
    [DSP_FLOOR_NEAR] = {32, 32, pixels_floor_near},
    [DSP_FLOOR_MID] = {32, 32, pixels_floor_mid},
    [DSP_FLOOR_FAR] = {32, 32, pixels_floor_far},
    [DSP_ARCH] = {32, 32, pixels_arch},
    [DSP_DOOR] = {32, 32, pixels_door},
    [DSP_TORCH] = {32, 32, pixels_torch},
    [DSP_BANNER] = {32, 32, pixels_banner},
    [DSP_CHAIN] = {32, 32, pixels_chain},
    [DSP_SKULLS] = {32, 32, pixels_skulls},
    [DSP_RUBBLE] = {32, 32, pixels_rubble},
    [DSP_ROOTS] = {32, 32, pixels_roots},
    [DSP_CHEST] = {32, 32, pixels_chest},
    [DSP_SHRINE] = {32, 32, pixels_shrine},
    [DSP_GATE] = {32, 32, pixels_gate},
    [DSP_SKELETON_0] = {32, 32, pixels_skeleton_0},
    [DSP_SKELETON_1] = {32, 32, pixels_skeleton_1},
    [DSP_SKELETON_2] = {32, 32, pixels_skeleton_2},
    [DSP_SKELETON_3] = {32, 32, pixels_skeleton_3},
    [DSP_SLIME_0] = {32, 32, pixels_slime_0},
    [DSP_SLIME_1] = {32, 32, pixels_slime_1},
    [DSP_SLIME_2] = {32, 32, pixels_slime_2},
    [DSP_SLIME_3] = {32, 32, pixels_slime_3},
    [DSP_BRUTE_0] = {32, 32, pixels_brute_0},
    [DSP_BRUTE_1] = {32, 32, pixels_brute_1},
    [DSP_BRUTE_2] = {32, 32, pixels_brute_2},
    [DSP_BRUTE_3] = {32, 32, pixels_brute_3},
    [DSP_EYE_0] = {32, 32, pixels_eye_0},
    [DSP_EYE_1] = {32, 32, pixels_eye_1},
    [DSP_EYE_2] = {32, 32, pixels_eye_2},
    [DSP_EYE_3] = {32, 32, pixels_eye_3},
    [DSP_WARDEN_0] = {32, 32, pixels_warden_0},
    [DSP_WARDEN_1] = {32, 32, pixels_warden_1},
    [DSP_WARDEN_2] = {32, 32, pixels_warden_2},
    [DSP_WARDEN_3] = {32, 32, pixels_warden_3},
    [DSP_WYRM_0] = {32, 32, pixels_wyrm_0},
    [DSP_WYRM_1] = {32, 32, pixels_wyrm_1},
    [DSP_WYRM_2] = {32, 32, pixels_wyrm_2},
    [DSP_WYRM_3] = {32, 32, pixels_wyrm_3},
    [DSP_ELDRITCH_0] = {32, 32, pixels_eldritch_0},
    [DSP_ELDRITCH_1] = {32, 32, pixels_eldritch_1},
    [DSP_ELDRITCH_2] = {32, 32, pixels_eldritch_2},
    [DSP_ELDRITCH_3] = {32, 32, pixels_eldritch_3},
    [DSP_SWORD] = {32, 32, pixels_sword},
    [DSP_STAFF] = {32, 32, pixels_staff},
    [DSP_HANDS] = {32, 32, pixels_hands},
    [DSP_SLASH] = {32, 32, pixels_slash},
    [DSP_BOLT] = {32, 32, pixels_bolt},
    [DSP_IMPACT] = {32, 32, pixels_impact},
    [DSP_BURST] = {32, 32, pixels_burst},
    [DSP_TITLE] = {32, 32, pixels_title},
};
