/* SPDX-License-Identifier: GPL-3.0-only */
/* Generated by tools/compile_assets.py. */
#include "assets_generated.h"
static const uint16_t pixels_freighter[7020] = {
    0x0000,0x0000,0x0000,0x0000,0x0000,0x0000,0x0000,0x0000,0x0000,0x0000,0x0000,0x0000,0x0000,0x0000,0x0000,0x0000,
    0x0000,0x0000,0x0000,0x0000,0x0000,0x0000,0x0000,0x0000,0x0000,0x0000,0x2145,0x2145,0x4228,0x4228,0x72a7,0x72a7,
    0x72a7,0x72a7,0x0000,0x0000,0x0000,0x0000,0x0000,0x0000,0x0000,0x0000,0x5289,0x5289,0x0000,0x0000,0x0000,0x0000,
    0x0000,0x0000,0x0000,0x0000,0x0000,0x0000,0x0000,0x0000,0x0000,0x0000,0x0000,0x0000,0x0000,0x0000,0x0000,0x0000,
    0x0000,0x0000,0x0000,0x0000,0x0000,0x0000,0x0000,0x0000,0x0000,0x0000,0x0000,0x0000,0x0000,0x0000,0x0000,0x0000,
    0x0000,0x0000,0x0000,0x0000,0x0000,0x0000,0x0000,0x0000,0x0000,0x0000,0x0000,0x0000,0x0000,0x0000,0x0000,0x0000,
    0x0000,0x0000,0x0000,0x0000,0x0000,0x0000,0x0000,0x0000,0x0000,0x0000,0x0000,0x0000,0x0000,0x0000,0x0000,0x0000,
    0x0000,0x0000,0x0000,0x0000,0x0000,0x0000,0x0000,0x0000,0x0000,0x0000,0x0000,0x0000,0x0000,0x0000,0x0000,0x0000,
    0x0000,0x0000,0x0000,0x0000,0x0000,0x0000,0x2145,0x2145,0x4228,0x4228,0x72a7,0x72a7,0x72a7,0x72a7,0x0000,0x0000,
    0x0000,0x0000,0x0000,0x0000,0x0000,0x0000,0x5289,0x5289,0x0000,0x0000,0x0000,0x0000,0x0000,0x0000,0x0000,0x0000,
    0x0000,0x0000,0x0000,0x0000,0x0000,0x0000,0x0000,0x0000,0x0000,0x0000,0x0000,0x0000,0x0000,0x0000,0x0000,0x0000,
    0x0000,0x0000,0x0000,0x0000,0x0000,0x0000,0x0000,0x0000,0x0000,0x0000,0x0000,0x0000,0x0000,0x0000,0x0000,0x0000,
    0x0000,0x0000,0x0000,0x0000,0x0000,0x0000,0x0000,0x0000,0x0000,0x0000,0x0000,0x0000,0x0000,0x0000,0x0000,0x0000,
    0x0000,0x0000,0x0000,0x0000,0x0000,0x0000,0x0000,0x0000,0x0000,0x0000,0x0000,0x0000,0x0000,0x0000,0x0000,0x0000,
    0x0000,0x0000,0x0000,0x0000,0x0000,0x0000,0x0000,0x0000,0x0000,0x0000,0x0000,0x0000,0x0000,0x0000,0x0000,0x0000,
    0x31e7,0x31e7,0x31e7,0x31e7,0x31e7,0x31e7,0x3185,0x3185,0x2965,0x2965,0x0000,0x0000,0x0000,0x0000,0x0000,0x0000,
    0x1904,0x1904,0x51c4,0x51c4,0x2986,0x2986,0x2104,0x2104,0x2124,0x2124,0x3185,0x3185,0x2965,0x2965,0x2145,0x2145,
    0x31e7,0x31e7,0x2145,0x2145,0x2965,0x2965,0x31e7,0x31e7,0x31e7,0x31e7,0x0000,0x0000,0x0000,0x0000,0x0000,0x0000,
    0x0000,0x0000,0x0000,0x0000,0x0000,0x0000,0x0000,0x0000,0x0000,0x0000,0x0000,0x0000,0x0000,0x0000,0x0000,0x0000,
    0x0000,0x0000,0x0000,0x0000,0x0000,0x0000,0x0000,0x0000,0x0000,0x0000,0x0000,0x0000,0x0000,0x0000,0x0000,0x0000,
    0x0000,0x0000,0x0000,0x0000,0x0000,0x0000,0x0000,0x0000,0x0000,0x0000,0x0000,0x0000,0x0000,0x0000,0x0000,0x0000,
    0x0000,0x0000,0x0000,0x0000,0x0000,0x0000,0x0000,0x0000,0x0000,0x0000,0x0000,0x0000,0x31e7,0x31e7,0x31e7,0x31e7,
    0x31e7,0x31e7,0x3185,0x3185,0x2965,0x2965,0x0000,0x0000,0x0000,0x0000,0x0000,0x0000,0x1904,0x1904,0x51c4,0x51c4,
    0x2986,0x2986,0x2104,0x2104,0x2124,0x2124,0x3185,0x3185,0x2965,0x2965,0x2145,0x2145,0x31e7,0x31e7,0x2145,0x2145,
    0x2965,0x2965,0x31e7,0x31e7,0x31e7,0x31e7,0x0000,0x0000,0x0000,0x0000,0x0000,0x0000,0x0000,0x0000,0x0000,0x0000,
    0x0000,0x0000,0x0000,0x0000,0x0000,0x0000,0x0000,0x0000,0x0000,0x0000,0x0000,0x0000,0x0000,0x0000,0x0000,0x0000,
    0x0000,0x0000,0x0000,0x0000,0x0000,0x0000,0x0000,0x0000,0x0000,0x0000,0x0000,0x0000,0x0000,0x0000,0x0000,0x0000,
    0x0000,0x0000,0x0000,0x0000,0x0000,0x0000,0x0000,0x0000,0x0000,0x0000,0x0000,0x0000,0x0000,0x0000,0x0000,0x0000,
    0x0000,0x0000,0x0000,0x0000,0x0000,0x0000,0x2986,0x2986,0x4228,0x4228,0x1904,0x1904,0x9490,0x9490,0xa4f2,0xa4f2,
    0xad12,0xad12,0x4228,0x4228,0x10c3,0x10c3,0x51c4,0x51c4,0xad12,0xad12,0xb553,0xb553,0xad12,0xad12,0xb553,0xb553,
    0xb553,0xb553,0xb553,0xb553,0xacaf,0xacaf,0x39c6,0x39c6,0x3185,0x3185,0x5289,0x5289,0xc5d4,0xc5d4,0xef17,0xef17,
    0xef17,0xef17,0xef17,0xef17,0xcb87,0xcb87,0xcb87,0xcb87,0xc5d4,0xc5d4,0xce36,0xce36,0xc5d4,0xc5d4,0x5289,0x5289,
    0x0000,0x0000,0x0000,0x0000,0x0000,0x0000,0x0000,0x0000,0x0000,0x0000,0x0000,0x0000,0x0000,0x0000,0x0000,0x0000,
    0x0000,0x0000,0x0000,0x0000,0x0000,0x0000,0x0000,0x0000,0x0000,0x0000,0x0000,0x0000,0x0000,0x0000,0x0000,0x0000,
    0x0000,0x0000,0x0000,0x0000,0x0000,0x0000,0x0000,0x0000,0x0000,0x0000,0x0000,0x0000,0x0000,0x0000,0x0000,0x0000,
    0x0000,0x0000,0x2986,0x2986,0x4228,0x4228,0x1904,0x1904,0x9490,0x9490,0xa4f2,0xa4f2,0xad12,0xad12,0x4228,0x4228,
    0x10c3,0x10c3,0x51c4,0x51c4,0xad12,0xad12,0xb553,0xb553,0xad12,0xad12,0xb553,0xb553,0xb553,0xb553,0xb553,0xb553,
    0xacaf,0xacaf,0x39c6,0x39c6,0x3185,0x3185,0x5289,0x5289,0xc5d4,0xc5d4,0xef17,0xef17,0xef17,0xef17,0xef17,0xef17,
    0xcb87,0xcb87,0xcb87,0xcb87,0xc5d4,0xc5d4,0xce36,0xce36,0xc5d4,0xc5d4,0x5289,0x5289,0x0000,0x0000,0x0000,0x0000,
    0x0000,0x0000,0x0000,0x0000,0x0000,0x0000,0x0000,0x0000,0x0000,0x0000,0x0000,0x0000,0x0000,0x0000,0x0000,0x0000,
    0x0000,0x0000,0x0000,0x0000,0x0000,0x0000,0x0000,0x0000,0x0000,0x0000,0x0000,0x0000,0x0000,0x0000,0x0000,0x0000,
    0x0000,0x0000,0x0000,0x0000,0x0000,0x0000,0x0000,0x0000,0x0000,0x0000,0x0000,0x0000,0x0000,0x0000,0x1904,0x1904,
    0x1904,0x1904,0x4228,0x4228,0xce36,0xce36,0xce36,0xce36,0xef17,0xef17,0x838c,0x838c,0x10a3,0x10a3,0x9c0c,0x9c0c,
    0xc551,0xc551,0xef17,0xef17,0xef17,0xef17,0xef17,0xef17,0xce36,0xce36,0xc5d4,0xc5d4,0xc551,0xc551,0x838c,0x838c,
    0x0861,0x0861,0x838c,0x838c,0xbdb4,0xbdb4,0xce36,0xce36,0xce36,0xce36,0xce36,0xce36,0xcb87,0xcb87,0xcb87,0xcb87,
    0xc5d4,0xc5d4,0xc5d4,0xc5d4,0xbdb4,0xbdb4,0x5289,0x5289,0x31e7,0x31e7,0x0000,0x0000,0x0000,0x0000,0x0000,0x0000,
    0x0000,0x0000,0x0000,0x0000,0x0000,0x0000,0x0000,0x0000,0x0000,0x0000,0x0000,0x0000,0x0000,0x0000,0x0000,0x0000,
    0x0000,0x0000,0x0000,0x0000,0x0000,0x0000,0x0000,0x0000,0x0000,0x0000,0x0000,0x0000,0x0000,0x0000,0x0000,0x0000,
    0x0000,0x0000,0x0000,0x0000,0x0000,0x0000,0x0000,0x0000,0x0000,0x0000,0x1904,0x1904,0x1904,0x1904,0x4228,0x4228,
    0xce36,0xce36,0xce36,0xce36,0xef17,0xef17,0x838c,0x838c,0x10a3,0x10a3,0x9c0c,0x9c0c,0xc551,0xc551,0xef17,0xef17,
    0xef17,0xef17,0xef17,0xef17,0xce36,0xce36,0xc5d4,0xc5d4,0xc551,0xc551,0x838c,0x838c,0x0861,0x0861,0x838c,0x838c,
    0xbdb4,0xbdb4,0xce36,0xce36,0xce36,0xce36,0xce36,0xce36,0xcb87,0xcb87,0xcb87,0xcb87,0xc5d4,0xc5d4,0xc5d4,0xc5d4,
    0xbdb4,0xbdb4,0x5289,0x5289,0x31e7,0x31e7,0x0000,0x0000,0x0000,0x0000,0x0000,0x0000,0x0000,0x0000,0x0000,0x0000,
    0x0000,0x0000,0x0000,0x0000,0x0000,0x0000,0x0000,0x0000,0x0000,0x0000,0x0000,0x0000,0x0000,0x0000,0x0000,0x0000,
    0x0000,0x0000,0x0000,0x0000,0x0000,0x0000,0x0000,0x0000,0x0000,0x0000,0x0000,0x0000,0x0000,0x0000,0x0000,0x0000,
    0x0000,0x0000,0x0000,0x0000,0x0000,0x0000,0x10c3,0x10c3,0x10c3,0x10c3,0x39c6,0x39c6,0xad12,0xad12,0xa4f2,0xa4f2,
    0xbdb4,0xbdb4,0x5289,0x5289,0x0861,0x0861,0x9490,0x9490,0xacaf,0xacaf,0x9c0c,0x9c0c,0xb553,0xb553,0xbdb4,0xbdb4,
    0xad12,0xad12,0x9c0c,0x9c0c,0xb553,0xb553,0x5b0b,0x5b0b,0x0861,0x0861,0x6bad,0x6bad,0xa4f2,0xa4f2,0xb553,0xb553,
    0xb553,0xb553,0xb553,0xb553,0xcb87,0xcb87,0xcb87,0xcb87,0xc551,0xc551,0xa4f2,0xa4f2,0xa4f2,0xa4f2,0x5289,0x5289,
    0x2145,0x2145,0x0000,0x0000,0x0000,0x0000,0x0861,0x0861,0x10a3,0x10a3,0x0882,0x0882,0x10a3,0x10a3,0x10c3,0x10c3,
    0x0000,0x0000,0x0000,0x0000,0x0000,0x0000,0x0000,0x0000,0x0000,0x0000,0x0000,0x0000,0x0000,0x0000,0x0000,0x0000,
    0x0000,0x0000,0x0000,0x0000,0x0000,0x0000,0x0000,0x0000,0x0000,0x0000,0x0000,0x0000,0x0000,0x0000,0x0000,0x0000,
    0x0000,0x0000,0x10c3,0x10c3,0x10c3,0x10c3,0x39c6,0x39c6,0xad12,0xad12,0xa4f2,0xa4f2,0xbdb4,0xbdb4,0x5289,0x5289,
    0x0861,0x0861,0x9490,0x9490,0xacaf,0xacaf,0x9c0c,0x9c0c,0xb553,0xb553,0xbdb4,0xbdb4,0xad12,0xad12,0x9c0c,0x9c0c,
    0xb553,0xb553,0x5b0b,0x5b0b,0x0861,0x0861,0x6bad,0x6bad,0xa4f2,0xa4f2,0xb553,0xb553,0xb553,0xb553,0xb553,0xb553,
    0xcb87,0xcb87,0xcb87,0xcb87,0xc551,0xc551,0xa4f2,0xa4f2,0xa4f2,0xa4f2,0x5289,0x5289,0x2145,0x2145,0x0000,0x0000,
    0x0000,0x0000,0x0861,0x0861,0x10a3,0x10a3,0x0882,0x0882,0x10a3,0x10a3,0x10c3,0x10c3,0x0000,0x0000,0x0000,0x0000,
    0x0000,0x0000,0x0000,0x0000,0x0000,0x0000,0x0000,0x0000,0x0000,0x0000,0x0000,0x0000,0x0000,0x0000,0x0000,0x0000,
    0x0000,0x0000,0x0000,0x0000,0x1882,0x1882,0x4228,0x4228,0x5289,0x5289,0x428a,0x428a,0x31e7,0x31e7,0x3185,0x3185,
    0x3185,0x3185,0x39c6,0x39c6,0xb553,0xb553,0xb553,0xb553,0xc5d4,0xc5d4,0x5289,0x5289,0x0882,0x0882,0x8c2e,0x8c2e,
    0xc5d4,0xc5d4,0xacaf,0xacaf,0xacaf,0xacaf,0xc551,0xc551,0x9c0c,0x9c0c,0xbdb4,0xbdb4,0xc5d4,0xc5d4,0x5b0b,0x5b0b,
    0x0861,0x0861,0x6bad,0x6bad,0xad12,0xad12,0xb553,0xb553,0xbdb4,0xbdb4,0xad12,0xad12,0xcb87,0xcb87,0xcb87,0xcb87,
    0xc551,0xc551,0xad12,0xad12,0xb553,0xb553,0x5289,0x5289,0x10c3,0x10c3,0x5b0b,0x5b0b,0xa4f2,0xa4f2,0xad12,0xad12,
    0xbdb4,0xbdb4,0xbdb4,0xbdb4,0xb553,0xb553,0x9490,0x9490,0xb553,0xb553,0xb553,0xb553,0x9490,0x9490,0x6bad,0x6bad,
    0x5b0b,0x5b0b,0x0000,0x0000,0x0000,0x0000,0x0000,0x0000,0x0000,0x0000,0x0000,0x0000,0x0000,0x0000,0x0000,0x0000,
    0x1882,0x1882,0x4228,0x4228,0x5289,0x5289,0x428a,0x428a,0x31e7,0x31e7,0x3185,0x3185,0x3185,0x3185,0x39c6,0x39c6,
    0xb553,0xb553,0xb553,0xb553,0xc5d4,0xc5d4,0x5289,0x5289,0x0882,0x0882,0x8c2e,0x8c2e,0xc5d4,0xc5d4,0xacaf,0xacaf,
    0xacaf,0xacaf,0xc551,0xc551,0x9c0c,0x9c0c,0xbdb4,0xbdb4,0xc5d4,0xc5d4,0x5b0b,0x5b0b,0x0861,0x0861,0x6bad,0x6bad,
    0xad12,0xad12,0xb553,0xb553,0xbdb4,0xbdb4,0xad12,0xad12,0xcb87,0xcb87,0xcb87,0xcb87,0xc551,0xc551,0xad12,0xad12,
    0xb553,0xb553,0x5289,0x5289,0x10c3,0x10c3,0x5b0b,0x5b0b,0xa4f2,0xa4f2,0xad12,0xad12,0xbdb4,0xbdb4,0xbdb4,0xbdb4,
    0xb553,0xb553,0x9490,0x9490,0xb553,0xb553,0xb553,0xb553,0x9490,0x9490,0x6bad,0x6bad,0x5b0b,0x5b0b,0x0000,0x0000,
    0x0000,0x0000,0x0000,0x0000,0x18e3,0x18e3,0x2145,0x2145,0x72a7,0x72a7,0x51c4,0x51c4,0x2145,0x2145,0x2986,0x2986,
    0x2986,0x2986,0x2145,0x2145,0x1904,0x1904,0x2104,0x2104,0x2104,0x2104,0x39c6,0x39c6,0xad12,0xad12,0xa4f2,0xa4f2,
    0xc5d4,0xc5d4,0x5289,0x5289,0x0861,0x0861,0x8c2e,0x8c2e,0xbdb4,0xbdb4,0xce36,0xce36,0x9c0c,0x9c0c,0x72a7,0x72a7,
    0xbdb4,0xbdb4,0xbdb4,0xbdb4,0xc5d4,0xc5d4,0x5b0b,0x5b0b,0x0020,0x0020,0x6bad,0x6bad,0xa4f2,0xa4f2,0xb553,0xb553,
    0xbdb4,0xbdb4,0xc551,0xc551,0xcb87,0xcb87,0xcb87,0xcb87,0xc551,0xc551,0xa4f2,0xa4f2,0xad12,0xad12,0x4228,0x4228,
    0x0861,0x0861,0x9490,0x9490,0xce36,0xce36,0x9490,0x9490,0x6bad,0x6bad,0x6bad,0x6bad,0xa4f2,0xa4f2,0xbdb4,0xbdb4,
    0xce36,0xce36,0xbdb4,0xbdb4,0x2145,0x2145,0x2208,0x2208,0x2208,0x2208,0x2208,0x2208,0x0000,0x0000,0x0000,0x0000,
    0x18e3,0x18e3,0x2145,0x2145,0x72a7,0x72a7,0x51c4,0x51c4,0x2145,0x2145,0x2986,0x2986,0x2986,0x2986,0x2145,0x2145,
    0x1904,0x1904,0x2104,0x2104,0x2104,0x2104,0x39c6,0x39c6,0xad12,0xad12,0xa4f2,0xa4f2,0xc5d4,0xc5d4,0x5289,0x5289,
    0x0861,0x0861,0x8c2e,0x8c2e,0xbdb4,0xbdb4,0xce36,0xce36,0x9c0c,0x9c0c,0x72a7,0x72a7,0xbdb4,0xbdb4,0xbdb4,0xbdb4,
    0xc5d4,0xc5d4,0x5b0b,0x5b0b,0x0020,0x0020,0x6bad,0x6bad,0xa4f2,0xa4f2,0xb553,0xb553,0xbdb4,0xbdb4,0xc551,0xc551,
    0xcb87,0xcb87,0xcb87,0xcb87,0xc551,0xc551,0xa4f2,0xa4f2,0xad12,0xad12,0x4228,0x4228,0x0861,0x0861,0x9490,0x9490,
    0xce36,0xce36,0x9490,0x9490,0x6bad,0x6bad,0x6bad,0x6bad,0xa4f2,0xa4f2,0xbdb4,0xbdb4,0xce36,0xce36,0xbdb4,0xbdb4,
    0x2145,0x2145,0x2208,0x2208,0x2208,0x2208,0x2208,0x2208,0x51c4,0x51c4,0x51c4,0x51c4,0x4228,0x4228,0x31e7,0x31e7,
    0x5b0b,0x5b0b,0x5b0b,0x5b0b,0x5b0b,0x5b0b,0x428a,0x428a,0x428a,0x428a,0xad12,0xad12,0xad12,0xad12,0xbdb4,0xbdb4,
    0x5289,0x5289,0x3185,0x3185,0xb553,0xb553,0xad12,0xad12,0xc5d4,0xc5d4,0x5289,0x5289,0x0861,0x0861,0x8c2e,0x8c2e,
    0xc5d4,0xc5d4,0xad12,0xad12,0x9c0c,0x9c0c,0x9490,0x9490,0xacaf,0xacaf,0xc5d4,0xc5d4,0xbdb4,0xbdb4,0x5b0b,0x5b0b,
    0x0020,0x0020,0x5b0b,0x5b0b,0xa4f2,0xa4f2,0xbdb4,0xbdb4,0xad12,0xad12,0x8c2e,0x8c2e,0xcb87,0xcb87,0xcb87,0xcb87,
    0xacaf,0xacaf,0xa4f2,0xa4f2,0xa4f2,0xa4f2,0x4228,0x4228,0x2124,0x2124,0xc5d4,0xc5d4,0xc5d4,0xc5d4,0x4228,0x4228,
    0x2124,0x2124,0x1904,0x1904,0x6bad,0x6bad,0xbdb4,0xbdb4,0xce36,0xce36,0xbdb4,0xbdb4,0xad12,0xad12,0xa4f2,0xa4f2,
    0xbdb4,0xbdb4,0xc5d4,0xc5d4,0x51c4,0x51c4,0x51c4,0x51c4,0x4228,0x4228,0x31e7,0x31e7,0x5b0b,0x5b0b,0x5b0b,0x5b0b,
    0x5b0b,0x5b0b,0x428a,0x428a,0x428a,0x428a,0xad12,0xad12,0xad12,0xad12,0xbdb4,0xbdb4,0x5289,0x5289,0x3185,0x3185,
    0xb553,0xb553,0xad12,0xad12,0xc5d4,0xc5d4,0x5289,0x5289,0x0861,0x0861,0x8c2e,0x8c2e,0xc5d4,0xc5d4,0xad12,0xad12,
    0x9c0c,0x9c0c,0x9490,0x9490,0xacaf,0xacaf,0xc5d4,0xc5d4,0xbdb4,0xbdb4,0x5b0b,0x5b0b,0x0020,0x0020,0x5b0b,0x5b0b,
    0xa4f2,0xa4f2,0xbdb4,0xbdb4,0xad12,0xad12,0x8c2e,0x8c2e,0xcb87,0xcb87,0xcb87,0xcb87,0xacaf,0xacaf,0xa4f2,0xa4f2,
    0xa4f2,0xa4f2,0x4228,0x4228,0x2124,0x2124,0xc5d4,0xc5d4,0xc5d4,0xc5d4,0x4228,0x4228,0x2124,0x2124,0x1904,0x1904,
    0x6bad,0x6bad,0xbdb4,0xbdb4,0xce36,0xce36,0xbdb4,0xbdb4,0xad12,0xad12,0xa4f2,0xa4f2,0xbdb4,0xbdb4,0xc5d4,0xc5d4,
    0xcb87,0xcb87,0x838c,0x838c,0x2986,0x2986,0x2145,0x2145,0x4228,0x4228,0x31e7,0x31e7,0x31e7,0x31e7,0x31e7,0x31e7,
    0xce36,0xce36,0xef17,0xef17,0x9c0c,0x9c0c,0xef17,0xef17,0x838c,0x838c,0x2124,0x2124,0xa4f2,0xa4f2,0x8c2e,0x8c2e,
    0x9490,0x9490,0x5289,0x5289,0x0861,0x0861,0x8c2e,0x8c2e,0xc551,0xc551,0x9c0c,0x9c0c,0xbdb4,0xbdb4,0xc5d4,0xc5d4,
    0xad12,0xad12,0xacaf,0xacaf,0xb553,0xb553,0x5b0b,0x5b0b,0x0861,0x0861,0x5b0b,0x5b0b,0xad12,0xad12,0xbdb4,0xbdb4,
    0xc5d4,0xc5d4,0xa4f2,0xa4f2,0x72a7,0x72a7,0x72a7,0x72a7,0x9490,0x9490,0xb553,0xb553,0xa4f2,0xa4f2,0x4228,0x4228,
    0x2124,0x2124,0xef17,0xef17,0xce36,0xce36,0xa4f2,0xa4f2,0x838c,0x838c,0x8c2e,0x8c2e,0xc5d4,0xc5d4,0xef17,0xef17,
    0xef17,0xef17,0xef17,0xef17,0xef17,0xef17,0xce36,0xce36,0xef17,0xef17,0x6bad,0x6bad,0xcb87,0xcb87,0x838c,0x838c,
    0x2986,0x2986,0x2145,0x2145,0x4228,0x4228,0x31e7,0x31e7,0x31e7,0x31e7,0x31e7,0x31e7,0xce36,0xce36,0xef17,0xef17,
    0x9c0c,0x9c0c,0xef17,0xef17,0x838c,0x838c,0x2124,0x2124,0xa4f2,0xa4f2,0x8c2e,0x8c2e,0x9490,0x9490,0x5289,0x5289,
    0x0861,0x0861,0x8c2e,0x8c2e,0xc551,0xc551,0x9c0c,0x9c0c,0xbdb4,0xbdb4,0xc5d4,0xc5d4,0xad12,0xad12,0xacaf,0xacaf,
    0xb553,0xb553,0x5b0b,0x5b0b,0x0861,0x0861,0x5b0b,0x5b0b,0xad12,0xad12,0xbdb4,0xbdb4,0xc5d4,0xc5d4,0xa4f2,0xa4f2,
    0x72a7,0x72a7,0x72a7,0x72a7,0x9490,0x9490,0xb553,0xb553,0xa4f2,0xa4f2,0x4228,0x4228,0x2124,0x2124,0xef17,0xef17,
    0xce36,0xce36,0xa4f2,0xa4f2,0x838c,0x838c,0x8c2e,0x8c2e,0xc5d4,0xc5d4,0xef17,0xef17,0xef17,0xef17,0xef17,0xef17,
    0xef17,0xef17,0xce36,0xce36,0xef17,0xef17,0x6bad,0x6bad,0xcb87,0xcb87,0x72a7,0x72a7,0x1904,0x1904,0x2104,0x2104,
    0x31e7,0x31e7,0x31e7,0x31e7,0x1904,0x1904,0x4228,0x4228,0xce36,0xce36,0xc5d4,0xc5d4,0xbdb4,0xbdb4,0xc5d4,0xc5d4,
    0x5289,0x5289,0x10c3,0x10c3,0x5b0b,0x5b0b,0x5b0b,0x5b0b,0x6bad,0x6bad,0x39c6,0x39c6,0x0020,0x0020,0x51c4,0x51c4,
    0x838c,0x838c,0x9490,0x9490,0x9490,0x9490,0x8c2e,0x8c2e,0x9490,0x9490,0x8c2e,0x8c2e,0x838c,0x838c,0x39c6,0x39c6,
    0x10a3,0x10a3,0x4228,0x4228,0x6bad,0x6bad,0x9490,0x9490,0x9490,0x9490,0x9490,0x9490,0x72a7,0x72a7,0x72a7,0x72a7,
    0x9c0c,0x9c0c,0x8c2e,0x8c2e,0x838c,0x838c,0x2965,0x2965,0x3185,0x3185,0xc5d4,0xc5d4,0xad12,0xad12,0xc5d4,0xc5d4,
    0xb553,0xb553,0xbdb4,0xbdb4,0xce36,0xce36,0xbdb4,0xbdb4,0xce36,0xce36,0xce36,0xce36,0xc5d4,0xc5d4,0xb553,0xb553,
    0xef17,0xef17,0xce36,0xce36,0xcb87,0xcb87,0x72a7,0x72a7,0x1904,0x1904,0x2104,0x2104,0x31e7,0x31e7,0x31e7,0x31e7,
    0x1904,0x1904,0x4228,0x4228,0xce36,0xce36,0xc5d4,0xc5d4,0xbdb4,0xbdb4,0xc5d4,0xc5d4,0x5289,0x5289,0x10c3,0x10c3,
    0x5b0b,0x5b0b,0x5b0b,0x5b0b,0x6bad,0x6bad,0x39c6,0x39c6,0x0020,0x0020,0x51c4,0x51c4,0x838c,0x838c,0x9490,0x9490,
    0x9490,0x9490,0x8c2e,0x8c2e,0x9490,0x9490,0x8c2e,0x8c2e,0x838c,0x838c,0x39c6,0x39c6,0x10a3,0x10a3,0x4228,0x4228,
    0x6bad,0x6bad,0x9490,0x9490,0x9490,0x9490,0x9490,0x9490,0x72a7,0x72a7,0x72a7,0x72a7,0x9c0c,0x9c0c,0x8c2e,0x8c2e,
    0x838c,0x838c,0x2965,0x2965,0x3185,0x3185,0xc5d4,0xc5d4,0xad12,0xad12,0xc5d4,0xc5d4,0xb553,0xb553,0xbdb4,0xbdb4,
    0xce36,0xce36,0xbdb4,0xbdb4,0xce36,0xce36,0xce36,0xce36,0xc5d4,0xc5d4,0xb553,0xb553,0xef17,0xef17,0xce36,0xce36,
    0x51c4,0x51c4,0x51c4,0x51c4,0x10c3,0x10c3,0x18e3,0x18e3,0x31e7,0x31e7,0x39c6,0x39c6,0x2965,0x2965,0x4228,0x4228,
    0xad12,0xad12,0x838c,0x838c,0x9490,0x9490,0xbdb4,0xbdb4,0x5289,0x5289,0x0882,0x0882,0x2124,0x2124,0x2965,0x2965,
    0x3185,0x3185,0x1904,0x1904,0x3185,0x3185,0x18e3,0x18e3,0x10c3,0x10c3,0x10a3,0x10a3,0x10a3,0x10a3,0x18e3,0x18e3,
    0x18e3,0x18e3,0x1904,0x1904,0x1882,0x1882,0x0861,0x0861,0x2104,0x2104,0x0882,0x0882,0x2124,0x2124,0x2965,0x2965,
    0x2124,0x2124,0x2124,0x2124,0x1882,0x1882,0x1882,0x1882,0x2104,0x2104,0x2124,0x2124,0x2104,0x2104,0x10a3,0x10a3,
    0x3185,0x3185,0xa4f2,0xa4f2,0x8c2e,0x8c2e,0xc5d4,0xc5d4,0xce36,0xce36,0xce36,0xce36,0xad12,0xad12,0x9490,0x9490,
    0xb553,0xb553,0xacaf,0xacaf,0xcb87,0xcb87,0x9c0c,0x9c0c,0xbdb4,0xbdb4,0xce36,0xce36,0x51c4,0x51c4,0x51c4,0x51c4,
    0x10c3,0x10c3,0x18e3,0x18e3,0x31e7,0x31e7,0x39c6,0x39c6,0x2965,0x2965,0x4228,0x4228,0xad12,0xad12,0x838c,0x838c,
    0x9490,0x9490,0xbdb4,0xbdb4,0x5289,0x5289,0x0882,0x0882,0x2124,0x2124,0x2965,0x2965,0x3185,0x3185,0x1904,0x1904,
    0x3185,0x3185,0x18e3,0x18e3,0x10c3,0x10c3,0x10a3,0x10a3,0x10a3,0x10a3,0x18e3,0x18e3,0x18e3,0x18e3,0x1904,0x1904,
    0x1882,0x1882,0x0861,0x0861,0x2104,0x2104,0x0882,0x0882,0x2124,0x2124,0x2965,0x2965,0x2124,0x2124,0x2124,0x2124,
    0x1882,0x1882,0x1882,0x1882,0x2104,0x2104,0x2124,0x2124,0x2104,0x2104,0x10a3,0x10a3,0x3185,0x3185,0xa4f2,0xa4f2,
    0x8c2e,0x8c2e,0xc5d4,0xc5d4,0xce36,0xce36,0xce36,0xce36,0xad12,0xad12,0x9490,0x9490,0xb553,0xb553,0xacaf,0xacaf,
    0xcb87,0xcb87,0x9c0c,0x9c0c,0xbdb4,0xbdb4,0xce36,0xce36,0x0000,0x0000,0x0000,0x0000,0x0882,0x0882,0x0861,0x0861,
    0x18e3,0x18e3,0x2124,0x2124,0x0882,0x0882,0x5289,0x5289,0xa4f2,0xa4f2,0x838c,0x838c,0xad12,0xad12,0xc5d4,0xc5d4,
    0x4228,0x4228,0x1904,0x1904,0x2124,0x2124,0x10c3,0x10c3,0x10c3,0x10c3,0x2965,0x2965,0x2965,0x2965,0x3185,0x3185,
    0x72a7,0x72a7,0x72a7,0x72a7,0x5b0b,0x5b0b,0x5b0b,0x5b0b,0x5b0b,0x5b0b,0x5b0b,0x5b0b,0x5b0b,0x5b0b,0x5b0b,0x5b0b,
    0x72a7,0x72a7,0x4228,0x4228,0x10a3,0x10a3,0x3185,0x3185,0x5289,0x5289,0x428a,0x428a,0x5b0b,0x5b0b,0x5b0b,0x5b0b,
    0x5289,0x5289,0x4228,0x4228,0x5b0b,0x5b0b,0x39c6,0x39c6,0x2104,0x2104,0x8c2e,0x8c2e,0x6bad,0x6bad,0x8c2e,0x8c2e,
    0x6bad,0x6bad,0x8c2e,0x8c2e,0x6bad,0x6bad,0xad12,0xad12,0xc5d4,0xc5d4,0xc551,0xc551,0xcb87,0xcb87,0xacaf,0xacaf,
    0xacaf,0xacaf,0x9c0c,0x9c0c,0x0000,0x0000,0x0000,0x0000,0x0882,0x0882,0x0861,0x0861,0x18e3,0x18e3,0x2124,0x2124,
    0x0882,0x0882,0x5289,0x5289,0xa4f2,0xa4f2,0x838c,0x838c,0xad12,0xad12,0xc5d4,0xc5d4,0x4228,0x4228,0x1904,0x1904,
    0x2124,0x2124,0x10c3,0x10c3,0x10c3,0x10c3,0x2965,0x2965,0x2965,0x2965,0x3185,0x3185,0x72a7,0x72a7,0x72a7,0x72a7,
    0x5b0b,0x5b0b,0x5b0b,0x5b0b,0x5b0b,0x5b0b,0x5b0b,0x5b0b,0x5b0b,0x5b0b,0x5b0b,0x5b0b,0x72a7,0x72a7,0x4228,0x4228,
    0x10a3,0x10a3,0x3185,0x3185,0x5289,0x5289,0x428a,0x428a,0x5b0b,0x5b0b,0x5b0b,0x5b0b,0x5289,0x5289,0x4228,0x4228,
    0x5b0b,0x5b0b,0x39c6,0x39c6,0x2104,0x2104,0x8c2e,0x8c2e,0x6bad,0x6bad,0x8c2e,0x8c2e,0x6bad,0x6bad,0x8c2e,0x8c2e,
    0x6bad,0x6bad,0xad12,0xad12,0xc5d4,0xc5d4,0xc551,0xc551,0xcb87,0xcb87,0xacaf,0xacaf,0xacaf,0xacaf,0x9c0c,0x9c0c,
    0x0000,0x0000,0x0000,0x0000,0x2104,0x2104,0x1904,0x1904,0x2986,0x2986,0x2965,0x2965,0x2124,0x2124,0x4228,0x4228,
    0xc5d4,0xc5d4,0x9490,0x9490,0x5b0b,0x5b0b,0x5b0b,0x5b0b,0x428a,0x428a,0x5289,0x5289,0x4228,0x4228,0x428a,0x428a,
    0x5289,0x5289,0x2104,0x2104,0x10c3,0x10c3,0x9c0c,0x9c0c,0xcb87,0xcb87,0xc5d4,0xc5d4,0xef17,0xef17,0xef17,0xef17,
    0xef17,0xef17,0xef17,0xef17,0xef17,0xef17,0xc551,0xc551,0xc551,0xc551,0xacaf,0xacaf,0x18e3,0x18e3,0x1904,0x1904,
    0x2145,0x2145,0x2145,0x2145,0x2986,0x2986,0x2145,0x2145,0x2986,0x2986,0x2145,0x2145,0x2965,0x2965,0x18e3,0x18e3,
    0x1904,0x1904,0x5b0b,0x5b0b,0x4228,0x4228,0x2986,0x2986,0x2986,0x2986,0x2145,0x2145,0x2986,0x2986,0x9490,0x9490,
    0xc5d4,0xc5d4,0xc551,0xc551,0xcb87,0xcb87,0x9c0c,0x9c0c,0xacaf,0xacaf,0xad12,0xad12,0x0000,0x0000,0x0000,0x0000,
    0x2104,0x2104,0x1904,0x1904,0x2986,0x2986,0x2965,0x2965,0x2124,0x2124,0x4228,0x4228,0xc5d4,0xc5d4,0x9490,0x9490,
    0x5b0b,0x5b0b,0x5b0b,0x5b0b,0x428a,0x428a,0x5289,0x5289,0x4228,0x4228,0x428a,0x428a,0x5289,0x5289,0x2104,0x2104,
    0x10c3,0x10c3,0x9c0c,0x9c0c,0xcb87,0xcb87,0xc5d4,0xc5d4,0xef17,0xef17,0xef17,0xef17,0xef17,0xef17,0xef17,0xef17,
    0xef17,0xef17,0xc551,0xc551,0xc551,0xc551,0xacaf,0xacaf,0x18e3,0x18e3,0x1904,0x1904,0x2145,0x2145,0x2145,0x2145,
    0x2986,0x2986,0x2145,0x2145,0x2986,0x2986,0x2145,0x2145,0x2965,0x2965,0x18e3,0x18e3,0x1904,0x1904,0x5b0b,0x5b0b,
    0x4228,0x4228,0x2986,0x2986,0x2986,0x2986,0x2145,0x2145,0x2986,0x2986,0x9490,0x9490,0xc5d4,0xc5d4,0xc551,0xc551,
    0xcb87,0xcb87,0x9c0c,0x9c0c,0xacaf,0xacaf,0xad12,0xad12,0x72a7,0x72a7,0x72a7,0x72a7,0x4228,0x4228,0x31e7,0x31e7,
    0x5289,0x5289,0x31e7,0x31e7,0x2986,0x2986,0x4228,0x4228,0xb553,0xb553,0x4228,0x4228,0x39c6,0x39c6,0x4228,0x4228,
    0x428a,0x428a,0x31e7,0x31e7,0x4228,0x4228,0x4228,0x4228,0x39c6,0x39c6,0x18e3,0x18e3,0x1904,0x1904,0x9c0c,0x9c0c,
    0xcb87,0xcb87,0x9490,0x9490,0x9490,0x9490,0xb553,0xb553,0xb553,0xb553,0xa4f2,0xa4f2,0x8c2e,0x8c2e,0xacaf,0xacaf,
    0xcb87,0xcb87,0x9490,0x9490,0x2104,0x2104,0x1904,0x1904,0x2986,0x2986,0x2965,0x2965,0x31e7,0x31e7,0x2986,0x2986,
    0x2986,0x2986,0x2104,0x2104,0x2104,0x2104,0x2104,0x2104,0x2145,0x2145,0x5b0b,0x5b0b,0x428a,0x428a,0x428a,0x428a,
    0x4228,0x4228,0x31e7,0x31e7,0x4228,0x4228,0xa4f2,0xa4f2,0xc5d4,0xc5d4,0xc551,0xc551,0xcb87,0xcb87,0x9c0c,0x9c0c,
    0xbdb4,0xbdb4,0xbdb4,0xbdb4,0x72a7,0x72a7,0x72a7,0x72a7,0x4228,0x4228,0x31e7,0x31e7,0x5289,0x5289,0x31e7,0x31e7,
    0x2986,0x2986,0x4228,0x4228,0xb553,0xb553,0x4228,0x4228,0x39c6,0x39c6,0x4228,0x4228,0x428a,0x428a,0x31e7,0x31e7,
    0x4228,0x4228,0x4228,0x4228,0x39c6,0x39c6,0x18e3,0x18e3,0x1904,0x1904,0x9c0c,0x9c0c,0xcb87,0xcb87,0x9490,0x9490,
    0x9490,0x9490,0xb553,0xb553,0xb553,0xb553,0xa4f2,0xa4f2,0x8c2e,0x8c2e,0xacaf,0xacaf,0xcb87,0xcb87,0x9490,0x9490,
    0x2104,0x2104,0x1904,0x1904,0x2986,0x2986,0x2965,0x2965,0x31e7,0x31e7,0x2986,0x2986,0x2986,0x2986,0x2104,0x2104,
    0x2104,0x2104,0x2104,0x2104,0x2145,0x2145,0x5b0b,0x5b0b,0x428a,0x428a,0x428a,0x428a,0x4228,0x4228,0x31e7,0x31e7,
    0x4228,0x4228,0xa4f2,0xa4f2,0xc5d4,0xc5d4,0xc551,0xc551,0xcb87,0xcb87,0x9c0c,0x9c0c,0xbdb4,0xbdb4,0xbdb4,0xbdb4,
    0xacaf,0xacaf,0x838c,0x838c,0x2124,0x2124,0x2104,0x2104,0x31e7,0x31e7,0x2986,0x2986,0x2965,0x2965,0x3185,0x3185,
    0x838c,0x838c,0x5289,0x5289,0x2986,0x2986,0x2965,0x2965,0x0861,0x0861,0x0001,0x0001,0x0020,0x0020,0x0882,0x0882,
    0x0861,0x0861,0x0882,0x0882,0x2104,0x2104,0x9c0c,0x9c0c,0xcb87,0xcb87,0xc5d4,0xc5d4,0xa4f2,0xa4f2,0x9490,0x9490,
    0xb553,0xb553,0x8c2e,0x8c2e,0xbdb4,0xbdb4,0xc551,0xc551,0xcb87,0xcb87,0x9490,0x9490,0x2104,0x2104,0x2124,0x2124,
    0x31e7,0x31e7,0x2124,0x2124,0x31e7,0x31e7,0x31e7,0x31e7,0x2145,0x2145,0x51c4,0x51c4,0x72a7,0x72a7,0x2124,0x2124,
    0x10c3,0x10c3,0x428a,0x428a,0x31e7,0x31e7,0x428a,0x428a,0x428a,0x428a,0x428a,0x428a,0x31e7,0x31e7,0x6bad,0x6bad,
    0xa4f2,0xa4f2,0x9490,0x9490,0xcb87,0xcb87,0x838c,0x838c,0x8c2e,0x8c2e,0x8c2e,0x8c2e,0xacaf,0xacaf,0x838c,0x838c,
    0x2124,0x2124,0x2104,0x2104,0x31e7,0x31e7,0x2986,0x2986,0x2965,0x2965,0x3185,0x3185,0x838c,0x838c,0x5289,0x5289,
    0x2986,0x2986,0x2965,0x2965,0x0861,0x0861,0x0001,0x0001,0x0020,0x0020,0x0882,0x0882,0x0861,0x0861,0x0882,0x0882,
    0x2104,0x2104,0x9c0c,0x9c0c,0xcb87,0xcb87,0xc5d4,0xc5d4,0xa4f2,0xa4f2,0x9490,0x9490,0xb553,0xb553,0x8c2e,0x8c2e,
    0xbdb4,0xbdb4,0xc551,0xc551,0xcb87,0xcb87,0x9490,0x9490,0x2104,0x2104,0x2124,0x2124,0x31e7,0x31e7,0x2124,0x2124,
    0x31e7,0x31e7,0x31e7,0x31e7,0x2145,0x2145,0x51c4,0x51c4,0x72a7,0x72a7,0x2124,0x2124,0x10c3,0x10c3,0x428a,0x428a,
    0x31e7,0x31e7,0x428a,0x428a,0x428a,0x428a,0x428a,0x428a,0x31e7,0x31e7,0x6bad,0x6bad,0xa4f2,0xa4f2,0x9490,0x9490,
    0xcb87,0xcb87,0x838c,0x838c,0x8c2e,0x8c2e,0x8c2e,0x8c2e,0xcb87,0xcb87,0x72a7,0x72a7,0x10c3,0x10c3,0x18e3,0x18e3,
    0x31e7,0x31e7,0x2965,0x2965,0x1904,0x1904,0x1904,0x1904,0x4228,0x4228,0x4228,0x4228,0x4228,0x4228,0x4228,0x4228,
    0x39c6,0x39c6,0x3185,0x3185,0x31e7,0x31e7,0x10c3,0x10c3,0x3185,0x3185,0x3185,0x3185,0x2145,0x2145,0x9c0c,0x9c0c,
    0xcb87,0xcb87,0xad12,0xad12,0xce36,0xce36,0x8c2e,0x8c2e,0x72a7,0x72a7,0xb553,0xb553,0xce36,0xce36,0xacaf,0xacaf,
    0xcb87,0xcb87,0x9490,0x9490,0x2104,0x2104,0x2104,0x2104,0x39c6,0x39c6,0x4228,0x4228,0x5289,0x5289,0x5289,0x5289,
    0x4228,0x4228,0x4228,0x4228,0x2965,0x2965,0x10c3,0x10c3,0x10c3,0x10c3,0x2124,0x2124,0x2104,0x2104,0x1904,0x1904,
    0x2124,0x2124,0x2124,0x2124,0x1904,0x1904,0x2986,0x2986,0x5289,0x5289,0x39c6,0x39c6,0x3185,0x3185,0x2104,0x2104,
    0x2124,0x2124,0x2124,0x2124,0xcb87,0xcb87,0x72a7,0x72a7,0x10c3,0x10c3,0x18e3,0x18e3,0x31e7,0x31e7,0x2965,0x2965,
    0x1904,0x1904,0x1904,0x1904,0x4228,0x4228,0x4228,0x4228,0x4228,0x4228,0x4228,0x4228,0x39c6,0x39c6,0x3185,0x3185,
    0x31e7,0x31e7,0x10c3,0x10c3,0x3185,0x3185,0x3185,0x3185,0x2145,0x2145,0x9c0c,0x9c0c,0xcb87,0xcb87,0xad12,0xad12,
    0xce36,0xce36,0x8c2e,0x8c2e,0x72a7,0x72a7,0xb553,0xb553,0xce36,0xce36,0xacaf,0xacaf,0xcb87,0xcb87,0x9490,0x9490,
    0x2104,0x2104,0x2104,0x2104,0x39c6,0x39c6,0x4228,0x4228,0x5289,0x5289,0x5289,0x5289,0x4228,0x4228,0x4228,0x4228,
    0x2965,0x2965,0x10c3,0x10c3,0x10c3,0x10c3,0x2124,0x2124,0x2104,0x2104,0x1904,0x1904,0x2124,0x2124,0x2124,0x2124,
    0x1904,0x1904,0x2986,0x2986,0x5289,0x5289,0x39c6,0x39c6,0x3185,0x3185,0x2104,0x2104,0x2124,0x2124,0x2124,0x2124,
    0x51c4,0x51c4,0x2104,0x2104,0x10c3,0x10c3,0x10a3,0x10a3,0x2986,0x2986,0x2145,0x2145,0x2965,0x2965,0x2965,0x2965,
    0x2104,0x2104,0x8c2e,0x8c2e,0xad12,0xad12,0xb553,0xb553,0xad12,0xad12,0x8c2e,0x8c2e,0x8c2e,0x8c2e,0x1904,0x1904,
    0x2124,0x2124,0x18e3,0x18e3,0x1904,0x1904,0x9c0c,0x9c0c,0xcb87,0xcb87,0xc551,0xc551,0x9490,0x9490,0x9490,0x9490,
    0xad12,0xad12,0x8c2e,0x8c2e,0xb553,0xb553,0xc551,0xc551,0xcb87,0xcb87,0x9490,0x9490,0x10c3,0x10c3,0x5289,0x5289,
    0xc551,0xc551,0xb553,0xb553,0xef17,0xef17,0xce36,0xce36,0xce36,0xce36,0xef17,0xef17,0x9490,0x9490,0x2986,0x2986,
    0x2104,0x2104,0x10c3,0x10c3,0x2104,0x2104,0x3185,0x3185,0x2145,0x2145,0x2986,0x2986,0x2145,0x2145,0x2145,0x2145,
    0x2986,0x2986,0x2986,0x2986,0x2986,0x2986,0x2965,0x2965,0x2145,0x2145,0x2145,0x2145,0x51c4,0x51c4,0x2104,0x2104,
    0x10c3,0x10c3,0x10a3,0x10a3,0x2986,0x2986,0x2145,0x2145,0x2965,0x2965,0x2965,0x2965,0x2104,0x2104,0x8c2e,0x8c2e,
    0xad12,0xad12,0xb553,0xb553,0xad12,0xad12,0x8c2e,0x8c2e,0x8c2e,0x8c2e,0x1904,0x1904,0x2124,0x2124,0x18e3,0x18e3,
    0x1904,0x1904,0x9c0c,0x9c0c,0xcb87,0xcb87,0xc551,0xc551,0x9490,0x9490,0x9490,0x9490,0xad12,0xad12,0x8c2e,0x8c2e,
    0xb553,0xb553,0xc551,0xc551,0xcb87,0xcb87,0x9490,0x9490,0x10c3,0x10c3,0x5289,0x5289,0xc551,0xc551,0xb553,0xb553,
    0xef17,0xef17,0xce36,0xce36,0xce36,0xce36,0xef17,0xef17,0x9490,0x9490,0x2986,0x2986,0x2104,0x2104,0x10c3,0x10c3,
    0x2104,0x2104,0x3185,0x3185,0x2145,0x2145,0x2986,0x2986,0x2145,0x2145,0x2145,0x2145,0x2986,0x2986,0x2986,0x2986,
    0x2986,0x2986,0x2965,0x2965,0x2145,0x2145,0x2145,0x2145,0x51c4,0x51c4,0x2104,0x2104,0x10c3,0x10c3,0x10a3,0x10a3,
    0x2986,0x2986,0x2145,0x2145,0x2965,0x2965,0x2965,0x2965,0x2104,0x2104,0x8c2e,0x8c2e,0xad12,0xad12,0xb553,0xb553,
    0xad12,0xad12,0x8c2e,0x8c2e,0x8c2e,0x8c2e,0x1904,0x1904,0x2124,0x2124,0x18e3,0x18e3,0x1904,0x1904,0x9c0c,0x9c0c,
    0xcb87,0xcb87,0xc551,0xc551,0x9490,0x9490,0x9490,0x9490,0xad12,0xad12,0x8c2e,0x8c2e,0xb553,0xb553,0xc551,0xc551,
    0xcb87,0xcb87,0x9490,0x9490,0x10c3,0x10c3,0x5289,0x5289,0xc551,0xc551,0xb553,0xb553,0xef17,0xef17,0xce36,0xce36,
    0xce36,0xce36,0xef17,0xef17,0x9490,0x9490,0x2986,0x2986,0x2104,0x2104,0x10c3,0x10c3,0x2104,0x2104,0x3185,0x3185,
    0x2145,0x2145,0x2986,0x2986,0x2145,0x2145,0x2145,0x2145,0x2986,0x2986,0x2986,0x2986,0x2986,0x2986,0x2965,0x2965,
    0x2145,0x2145,0x2145,0x2145,0x0000,0x0000,0x0000,0x0000,0x10a3,0x10a3,0x0020,0x0020,0x2208,0x2208,0x2208,0x2208,
    0x2104,0x2104,0x51c4,0x51c4,0x0861,0x0861,0x838c,0x838c,0xa4f2,0xa4f2,0x9490,0x9490,0xb553,0xb553,0x9490,0x9490,
    0x838c,0x838c,0x2145,0x2145,0x0882,0x0882,0x10a3,0x10a3,0x1904,0x1904,0x838c,0x838c,0xcb87,0xcb87,0x9490,0x9490,
    0x9490,0x9490,0xbdb4,0xbdb4,0xbdb4,0xbdb4,0xad12,0xad12,0x8c2e,0x8c2e,0xacaf,0xacaf,0xcb87,0xcb87,0x8c2e,0x8c2e,
    0x10a3,0x10a3,0x31e7,0x31e7,0x9490,0x9490,0x8c2e,0x8c2e,0xb553,0xb553,0xa4f2,0xa4f2,0xa4f2,0xa4f2,0xad12,0xad12,
    0x5b0b,0x5b0b,0x1904,0x1904,0x18e3,0x18e3,0x1904,0x1904,0x3185,0x3185,0x51c4,0x51c4,0x2124,0x2124,0x2986,0x2986,
    0x2145,0x2145,0x2986,0x2986,0x31e7,0x31e7,0x31e7,0x31e7,0x31e7,0x31e7,0x2104,0x2104,0x2208,0x2208,0x2208,0x2208,
    0x0000,0x0000,0x0000,0x0000,0x10a3,0x10a3,0x0020,0x0020,0x2208,0x2208,0x2208,0x2208,0x2104,0x2104,0x51c4,0x51c4,
    0x0861,0x0861,0x838c,0x838c,0xa4f2,0xa4f2,0x9490,0x9490,0xb553,0xb553,0x9490,0x9490,0x838c,0x838c,0x2145,0x2145,
    0x0882,0x0882,0x10a3,0x10a3,0x1904,0x1904,0x838c,0x838c,0xcb87,0xcb87,0x9490,0x9490,0x9490,0x9490,0xbdb4,0xbdb4,
    0xbdb4,0xbdb4,0xad12,0xad12,0x8c2e,0x8c2e,0xacaf,0xacaf,0xcb87,0xcb87,0x8c2e,0x8c2e,0x10a3,0x10a3,0x31e7,0x31e7,
    0x9490,0x9490,0x8c2e,0x8c2e,0xb553,0xb553,0xa4f2,0xa4f2,0xa4f2,0xa4f2,0xad12,0xad12,0x5b0b,0x5b0b,0x1904,0x1904,
    0x18e3,0x18e3,0x1904,0x1904,0x3185,0x3185,0x51c4,0x51c4,0x2124,0x2124,0x2986,0x2986,0x2145,0x2145,0x2986,0x2986,
    0x31e7,0x31e7,0x31e7,0x31e7,0x31e7,0x31e7,0x2104,0x2104,0x2208,0x2208,0x2208,0x2208,0x0000,0x0000,0x0000,0x0000,
    0x0000,0x0000,0x0000,0x0000,0x0000,0x0000,0x0861,0x0861,0x10c3,0x10c3,0x1904,0x1904,0x0882,0x0882,0x5289,0x5289,
    0x9490,0x9490,0x8c2e,0x8c2e,0xad12,0xad12,0x8c2e,0x8c2e,0x838c,0x838c,0x2145,0x2145,0x10a3,0x10a3,0x2965,0x2965,
    0x18e3,0x18e3,0x2124,0x2124,0x51c4,0x51c4,0x4228,0x4228,0x5b0b,0x5b0b,0x5289,0x5289,0x5289,0x5289,0x5b0b,0x5b0b,
    0x5b0b,0x5b0b,0x39c6,0x39c6,0x51c4,0x51c4,0x39c6,0x39c6,0x10a3,0x10a3,0x2104,0x2104,0x5289,0x5289,0x428a,0x428a,
    0x428a,0x428a,0x5289,0x5289,0x5289,0x5289,0x5289,0x5289,0x3185,0x3185,0x10a3,0x10a3,0x18e3,0x18e3,0x0861,0x0861,
    0x10a3,0x10a3,0x18e3,0x18e3,0x0861,0x0861,0x10c3,0x10c3,0x10c3,0x10c3,0x18e3,0x18e3,0x1904,0x1904,0x18e3,0x18e3,
    0x10a3,0x10a3,0x1904,0x1904,0x1904,0x1904,0x10a3,0x10a3,0x0000,0x0000,0x0000,0x0000,0x0000,0x0000,0x0000,0x0000,
    0x0000,0x0000,0x0861,0x0861,0x10c3,0x10c3,0x1904,0x1904,0x0882,0x0882,0x5289,0x5289,0x9490,0x9490,0x8c2e,0x8c2e,
    0xad12,0xad12,0x8c2e,0x8c2e,0x838c,0x838c,0x2145,0x2145,0x10a3,0x10a3,0x2965,0x2965,0x18e3,0x18e3,0x2124,0x2124,
    0x51c4,0x51c4,0x4228,0x4228,0x5b0b,0x5b0b,0x5289,0x5289,0x5289,0x5289,0x5b0b,0x5b0b,0x5b0b,0x5b0b,0x39c6,0x39c6,
    0x51c4,0x51c4,0x39c6,0x39c6,0x10a3,0x10a3,0x2104,0x2104,0x5289,0x5289,0x428a,0x428a,0x428a,0x428a,0x5289,0x5289,
    0x5289,0x5289,0x5289,0x5289,0x3185,0x3185,0x10a3,0x10a3,0x18e3,0x18e3,0x0861,0x0861,0x10a3,0x10a3,0x18e3,0x18e3,
    0x0861,0x0861,0x10c3,0x10c3,0x10c3,0x10c3,0x18e3,0x18e3,0x1904,0x1904,0x18e3,0x18e3,0x10a3,0x10a3,0x1904,0x1904,
    0x1904,0x1904,0x10a3,0x10a3,0x0000,0x0000,0x0000,0x0000,0x0000,0x0000,0x0000,0x0000,0x0000,0x0000,0x0000,0x0000,
    0x10a3,0x10a3,0x10c3,0x10c3,0x0020,0x0020,0x31e7,0x31e7,0x6bad,0x6bad,0x8c2e,0x8c2e,0x6bad,0x6bad,0x5b0b,0x5b0b,
    0x5b0b,0x5b0b,0x10c3,0x10c3,0x0882,0x0882,0x4228,0x4228,0x4228,0x4228,0x10c3,0x10c3,0x0882,0x0882,0x1882,0x1882,
    0x0861,0x0861,0x10a3,0x10a3,0x10c3,0x10c3,0x10a3,0x10a3,0x10a3,0x10a3,0x10c3,0x10c3,0x10a3,0x10a3,0x10a3,0x10a3,
    0x1904,0x1904,0x10c3,0x10c3,0x18e3,0x18e3,0x51c4,0x51c4,0x51c4,0x51c4,0x1882,0x1882,0x0861,0x0861,0x10a3,0x10a3,
    0x0882,0x0882,0x2124,0x2124,0x18e3,0x18e3,0x0000,0x0000,0x0000,0x0000,0x1904,0x1904,0x0000,0x0000,0x0000,0x0000,
    0x0000,0x0000,0x0000,0x0000,0x0000,0x0000,0x0861,0x0861,0x0861,0x0861,0x0861,0x0861,0x0861,0x0861,0x0000,0x0000,
    0x0000,0x0000,0x0000,0x0000,0x0000,0x0000,0x0000,0x0000,0x0000,0x0000,0x0000,0x0000,0x10a3,0x10a3,0x10c3,0x10c3,
    0x0020,0x0020,0x31e7,0x31e7,0x6bad,0x6bad,0x8c2e,0x8c2e,0x6bad,0x6bad,0x5b0b,0x5b0b,0x5b0b,0x5b0b,0x10c3,0x10c3,
    0x0882,0x0882,0x4228,0x4228,0x4228,0x4228,0x10c3,0x10c3,0x0882,0x0882,0x1882,0x1882,0x0861,0x0861,0x10a3,0x10a3,
    0x10c3,0x10c3,0x10a3,0x10a3,0x10a3,0x10a3,0x10c3,0x10c3,0x10a3,0x10a3,0x10a3,0x10a3,0x1904,0x1904,0x10c3,0x10c3,
    0x18e3,0x18e3,0x51c4,0x51c4,0x51c4,0x51c4,0x1882,0x1882,0x0861,0x0861,0x10a3,0x10a3,0x0882,0x0882,0x2124,0x2124,
    0x18e3,0x18e3,0x0000,0x0000,0x0000,0x0000,0x1904,0x1904,0x0000,0x0000,0x0000,0x0000,0x0000,0x0000,0x0000,0x0000,
    0x0000,0x0000,0x0861,0x0861,0x0861,0x0861,0x0861,0x0861,0x0861,0x0861,0x0000,0x0000,0x0000,0x0000,0x0000,0x0000,
    0x0000,0x0000,0x0000,0x0000,0x0000,0x0000,0x0000,0x0000,0x0000,0x0000,0x0000,0x0000,0x0000,0x0000,0x1904,0x1904,
    0x3185,0x3185,0x2986,0x2986,0x31e7,0x31e7,0x2986,0x2986,0x3185,0x3185,0x0882,0x0882,0x0882,0x0882,0x10c3,0x10c3,
    0x10a3,0x10a3,0x0000,0x0000,0x0861,0x0861,0x2965,0x2965,0x2145,0x2145,0x2104,0x2104,0x2965,0x2965,0x2145,0x2145,
    0x2965,0x2965,0x2104,0x2104,0x2145,0x2145,0x2104,0x2104,0x0020,0x0020,0x0882,0x0882,0x18e3,0x18e3,0x51c4,0x51c4,
    0x51c4,0x51c4,0x18e3,0x18e3,0x18e3,0x18e3,0x2986,0x2986,0x0882,0x0882,0x10a3,0x10a3,0x18e3,0x18e3,0x0000,0x0000,
    0x0000,0x0000,0x0000,0x0000,0x0000,0x0000,0x0000,0x0000,0x0000,0x0000,0x0000,0x0000,0x0000,0x0000,0x0000,0x0000,
    0x0000,0x0000,0x0000,0x0000,0x0000,0x0000,0x0000,0x0000,0x0000,0x0000,0x0000,0x0000,0x0000,0x0000,0x0000,0x0000,
    0x0000,0x0000,0x0000,0x0000,0x0000,0x0000,0x0000,0x0000,0x0000,0x0000,0x1904,0x1904,0x3185,0x3185,0x2986,0x2986,
    0x31e7,0x31e7,0x2986,0x2986,0x3185,0x3185,0x0882,0x0882,0x0882,0x0882,0x10c3,0x10c3,0x10a3,0x10a3,0x0000,0x0000,
    0x0861,0x0861,0x2965,0x2965,0x2145,0x2145,0x2104,0x2104,0x2965,0x2965,0x2145,0x2145,0x2965,0x2965,0x2104,0x2104,
    0x2145,0x2145,0x2104,0x2104,0x0020,0x0020,0x0882,0x0882,0x18e3,0x18e3,0x51c4,0x51c4,0x51c4,0x51c4,0x18e3,0x18e3,
    0x18e3,0x18e3,0x2986,0x2986,0x0882,0x0882,0x10a3,0x10a3,0x18e3,0x18e3,0x0000,0x0000,0x0000,0x0000,0x0000,0x0000,
    0x0000,0x0000,0x0000,0x0000,0x0000,0x0000,0x0000,0x0000,0x0000,0x0000,0x0000,0x0000,0x0000,0x0000,0x0000,0x0000,
    0x0000,0x0000,0x0000,0x0000,0x0000,0x0000,0x0000,0x0000,0x0000,0x0000,0x0000,0x0000,0x0000,0x0000,0x0000,0x0000,
    0x0000,0x0000,0x0000,0x0000,0x0000,0x0000,0x0000,0x0000,0x0000,0x0000,0x0000,0x0000,0x0861,0x0861,0x10a3,0x10a3,
    0x10a3,0x10a3,0x0882,0x0882,0x0000,0x0000,0x0000,0x0000,0x0000,0x0000,0x0000,0x0000,0x0000,0x0000,0x0000,0x0000,
    0x0861,0x0861,0x0861,0x0861,0x0861,0x0861,0x0861,0x0861,0x0861,0x0861,0x0861,0x0861,0x0861,0x0861,0x0000,0x0000,
    0x0000,0x0000,0x0000,0x0000,0x0000,0x0000,0x1904,0x1904,0x1904,0x1904,0x10c3,0x10c3,0x10a3,0x10a3,0x2124,0x2124,
    0x0861,0x0861,0x0000,0x0000,0x1904,0x1904,0x0000,0x0000,0x0000,0x0000,0x0000,0x0000,0x0000,0x0000,0x0000,0x0000,
    0x0000,0x0000,0x0000,0x0000,0x0000,0x0000,0x0000,0x0000,0x0000,0x0000,0x0000,0x0000,0x0000,0x0000,0x0000,0x0000,
    0x0000,0x0000,0x0000,0x0000,0x0000,0x0000,0x0000,0x0000,0x0000,0x0000,0x0000,0x0000,0x0000,0x0000,0x0000,0x0000,
    0x0000,0x0000,0x0000,0x0000,0x0000,0x0000,0x0000,0x0000,0x0861,0x0861,0x10a3,0x10a3,0x10a3,0x10a3,0x0882,0x0882,
    0x0000,0x0000,0x0000,0x0000,0x0000,0x0000,0x0000,0x0000,0x0000,0x0000,0x0000,0x0000,0x0861,0x0861,0x0861,0x0861,
    0x0861,0x0861,0x0861,0x0861,0x0861,0x0861,0x0861,0x0861,0x0861,0x0861,0x0000,0x0000,0x0000,0x0000,0x0000,0x0000,
    0x0000,0x0000,0x1904,0x1904,0x1904,0x1904,0x10c3,0x10c3,0x10a3,0x10a3,0x2124,0x2124,0x0861,0x0861,0x0000,0x0000,
    0x1904,0x1904,0x0000,0x0000,0x0000,0x0000,0x0000,0x0000,0x0000,0x0000,0x0000,0x0000,0x0000,0x0000,0x0000,0x0000,
    0x0000,0x0000,0x0000,0x0000,0x0000,0x0000,0x0000,0x0000,0x0000,0x0000,0x0000,0x0000,0x0000,0x0000,0x0000,0x0000,
    0x0000,0x0000,0x0000,0x0000,0x0000,0x0000,0x0000,0x0000,0x0000,0x0000,0x0000,0x0000,0x0000,0x0000,0x0000,0x0000,
    0x0000,0x0000,0x0000,0x0000,0x0000,0x0000,0x0000,0x0000,0x0000,0x0000,0x0000,0x0000,0x0000,0x0000,0x0000,0x0000,
    0x0000,0x0000,0x0000,0x0000,0x0000,0x0000,0x0000,0x0000,0x0000,0x0000,0x0000,0x0000,0x0000,0x0000,0x0000,0x0000,
    0x0000,0x0000,0x0000,0x0000,0x0000,0x0000,0x0000,0x0000,0x0000,0x0000,0x0000,0x0000,0x0000,0x0000,0x0000,0x0000,
    0x0000,0x0000,0x0000,0x0000,0x10a3,0x10a3,0x1904,0x1904,0x10c3,0x10c3,0x1904,0x1904,0x2104,0x2104,0x18e3,0x18e3,
    0x10a3,0x10a3,0x0000,0x0000,0x0000,0x0000,0x0000,0x0000,0x0000,0x0000,0x0000,0x0000,0x0000,0x0000,0x0000,0x0000,
    0x0000,0x0000,0x0000,0x0000,0x0000,0x0000,0x0000,0x0000,0x0000,0x0000,0x0000,0x0000,0x0000,0x0000,0x0000,0x0000,
    0x0000,0x0000,0x0000,0x0000,0x0000,0x0000,0x0000,0x0000,0x0000,0x0000,0x0000,0x0000,0x0000,0x0000,0x0000,0x0000,
    0x0000,0x0000,0x0000,0x0000,0x0000,0x0000,0x0000,0x0000,0x0000,0x0000,0x0000,0x0000,0x0000,0x0000,0x0000,0x0000,
    0x0000,0x0000,0x0000,0x0000,0x0000,0x0000,0x0000,0x0000,0x0000,0x0000,0x0000,0x0000,0x0000,0x0000,0x0000,0x0000,
    0x0000,0x0000,0x0000,0x0000,0x0000,0x0000,0x0000,0x0000,0x0000,0x0000,0x0000,0x0000,0x0000,0x0000,0x0000,0x0000,
    0x10a3,0x10a3,0x1904,0x1904,0x10c3,0x10c3,0x1904,0x1904,0x2104,0x2104,0x18e3,0x18e3,0x10a3,0x10a3,0x0000,0x0000,
    0x0000,0x0000,0x0000,0x0000,0x0000,0x0000,0x0000,0x0000,0x0000,0x0000,0x0000,0x0000,0x0000,0x0000,0x0000,0x0000,
    0x0000,0x0000,0x0000,0x0000,0x0000,0x0000,0x0000,0x0000,0x0000,0x0000,0x0000,0x0000,0x0000,0x0000,0x0000,0x0000,
    0x0000,0x0000,0x0000,0x0000,0x0000,0x0000,0x0000,0x0000,0x0000,0x0000,0x0000,0x0000,0x0000,0x0000,0x0000,0x0000,
    0x0000,0x0000,0x0000,0x0000,0x0000,0x0000,0x0000,0x0000,0x0000,0x0000,0x0000,0x0000,0x0000,0x0000,0x0000,0x0000,
    0x0000,0x0000,0x0000,0x0000,0x0000,0x0000,0x0000,0x0000,0x0000,0x0000,0x0000,0x0000,0x0000,0x0000,0x0000,0x0000,
    0x0000,0x0000,0x0000,0x0000,0x0000,0x0000,0x0000,0x0000,0x0000,0x0000,0x0000,0x0000,0x0000,0x0000,0x0000,0x0000,
    0x0000,0x0000,0x0000,0x0000,0x0000,0x0000,0x0000,0x0000,0x0000,0x0000,0x0000,0x0000,0x0000,0x0000,0x0000,0x0000,
    0x0000,0x0000,0x0000,0x0000,0x0000,0x0000,0x0000,0x0000,0x0000,0x0000,0x0000,0x0000,0x0000,0x0000,0x0000,0x0000,
    0x0000,0x0000,0x0000,0x0000,0x0000,0x0000,0x0000,0x0000,0x0000,0x0000,0x0000,0x0000,0x0000,0x0000,0x0000,0x0000,
    0x0000,0x0000,0x0000,0x0000,0x0000,0x0000,0x0000,0x0000,0x0000,0x0000,0x0000,0x0000,0x0000,0x0000,0x0000,0x0000,
    0x0000,0x0000,0x0000,0x0000,0x0000,0x0000,0x0000,0x0000,0x0000,0x0000,0x0000,0x0000,0x0000,0x0000,0x0000,0x0000,
    0x0000,0x0000,0x0000,0x0000,0x0000,0x0000,0x0000,0x0000,0x0000,0x0000,0x0000,0x0000,0x0000,0x0000,0x0000,0x0000,
    0x0000,0x0000,0x0000,0x0000,0x0000,0x0000,0x0000,0x0000,0x0000,0x0000,0x0000,0x0000,0x0000,0x0000,0x0000,0x0000,
    0x0000,0x0000,0x0000,0x0000,0x0000,0x0000,0x0000,0x0000,0x0000,0x0000,0x0000,0x0000,0x0000,0x0000,0x0000,0x0000,
    0x0000,0x0000,0x0000,0x0000,0x0000,0x0000,0x0000,0x0000,0x0000,0x0000,0x0000,0x0000,0x0000,0x0000,0x0000,0x0000,
    0x0000,0x0000,0x0000,0x0000,0x0000,0x0000,0x0000,0x0000,0x0000,0x0000,0x0000,0x0000,0x0000,0x0000,0x0000,0x0000,
    0x0000,0x0000,0x0000,0x0000,0x0000,0x0000,0x0000,0x0000,0x0000,0x0000,0x0000,0x0000,0x0000,0x0000,0x0000,0x0000,
    0x0000,0x0000,0x0000,0x0000,0x0000,0x0000,0x0000,0x0000,0x0000,0x0000,0x0000,0x0000,0x0000,0x0000,0x0000,0x0000,
    0x0000,0x0000,0x0000,0x0000,0x0000,0x0000,0x0000,0x0000,0x0000,0x0000,0x0000,0x0000,0x0000,0x0000,0x0000,0x0000,
    0x0000,0x0000,0x0000,0x0000,0x0000,0x0000,0x0000,0x0000,0x0000,0x0000,0x0000,0x0000,0x0000,0x0000,0x0000,0x0000,
    0x0000,0x0000,0x0000,0x0000,0x0000,0x0000,0x0000,0x0000,0x0000,0x0000,0x0000,0x0000,0x0000,0x0000,0x0000,0x0000,
    0x0000,0x0000,0x0000,0x0000,0x0000,0x0000,0x0000,0x0000,0x0000,0x0000,0x0000,0x0000,0x0000,0x0000,0x0000,0x0000,
    0x0000,0x0000,0x0000,0x0000,0x0000,0x0000,0x0000,0x0000,0x0000,0x0000,0x0000,0x0000,0x0000,0x0000,0x0000,0x0000,
    0x0000,0x0000,0x0000,0x0000,0x0000,0x0000,0x0000,0x0000,0x0000,0x0000,0x0000,0x0000,0x0000,0x0000,0x0000,0x0000,
    0x0000,0x0000,0x0000,0x0000,0x0000,0x0000,0x0000,0x0000,0x0000,0x0000,0x0000,0x0000,0x0000,0x0000,0x0000,0x0000,
    0x0000,0x0000,0x0000,0x0000,0x0000,0x0000,0x0000,0x0000,0x0000,0x0000,0x0000,0x0000,0x0000,0x0000,0x0000,0x0000,
    0x0000,0x0000,0x0000,0x0000,0x0000,0x0000,0x0000,0x0000,0x0000,0x0000,0x0000,0x0000,0x0000,0x0000,0x0000,0x0000,
    0x0000,0x0000,0x0000,0x0000,0x0000,0x0000,0x0000,0x0000,0x0000,0x0000,0x0000,0x0000,0x0000,0x0000,0x0000,0x0000,
    0x0000,0x0000,0x0000,0x0000,0x0000,0x0000,0x0000,0x0000,0x0000,0x0000,0x0000,0x0000,0x0000,0x0000,0x0000,0x0000,
    0x0000,0x0000,0x0000,0x0000,0x0000,0x0000,0x0000,0x0000,0x0000,0x0000,0x0000,0x0000,0x0000,0x0000,0x0000,0x0000,
    0x0000,0x0000,0x0000,0x0000,0x0000,0x0000,0x0000,0x0000,0x0000,0x0000,0x0000,0x0000,0x0000,0x0000,0x0000,0x0000,
    0x0000,0x0000,0x0000,0x0000,0x0000,0x0000,0x0000,0x0000,0x0000,0x0000,0x0000,0x0000,0x0000,0x0000,0x0000,0x0000,
    0x0000,0x0000,0x0000,0x0000,0x0000,0x0000,0x0000,0x0000,0x0000,0x0000,0x0000,0x0000,0x0000,0x0000,0x0000,0x0000,
    0x0000,0x0000,0x0000,0x0000,0x0000,0x0000,0x0000,0x0000,0x0000,0x0000,0x0000,0x0000,0x0000,0x0000,0x0000,0x0000,
    0x0000,0x0000,0x0000,0x0000,0x0000,0x0000,0x0000,0x0000,0x0000,0x0000,0x0000,0x0000,0x0000,0x0000,0x0000,0x0000,
    0x0000,0x0000,0x0000,0x0000,0x0000,0x0000,0x0000,0x0000,0x0000,0x0000,0x0000,0x0000,0x0000,0x0000,0x0000,0x0000,
    0x0000,0x0000,0x0000,0x0000,0x0000,0x0000,0x0000,0x0000,0x0000,0x0000,0x0000,0x0000,0x0000,0x0000,0x0000,0x0000,
    0x0000,0x0000,0x0000,0x0000,0x0000,0x0000,0x0000,0x0000,0x0000,0x0000,0x0000,0x0000,0x0000,0x0000,0x0000,0x0000,
    0x0000,0x0000,0x0000,0x0000,0x0000,0x0000,0x0000,0x0000,0x0000,0x0000,0x0000,0x0000,0x0000,0x0000,0x0000,0x0000,
    0x0000,0x0000,0x0000,0x0000,0x0000,0x0000,0x0000,0x0000,0x0000,0x0000,0x0000,0x0000,0x0000,0x0000,0x0000,0x0000,
    0x0000,0x0000,0x0000,0x0000,0x0000,0x0000,0x0000,0x0000,0x0000,0x0000,0x0000,0x0000,0x0000,0x0000,0x0000,0x0000,
    0x0000,0x0000,0x0000,0x0000,0x0000,0x0000,0x0000,0x0000,0x0000,0x0000,0x0000,0x0000,0x0000,0x0000,0x0000,0x0000,
    0x0000,0x0000,0x0000,0x0000,0x0000,0x0000,0x0000,0x0000,0x0000,0x0000,0x0000,0x0000,0x0000,0x0000,0x0000,0x0000,
    0x0000,0x0000,0x0000,0x0000,0x0000,0x0000,0x0000,0x0000,0x0000,0x0000,0x0000,0x0000,0x0000,0x0000,0x0000,0x0000,
    0x0000,0x0000,0x0000,0x0000,0x0000,0x0000,0x0000,0x0000,0x0000,0x0000,0x0000,0x0000,0x0000,0x0000,0x0000,0x0000,
    0x0000,0x0000,0x0000,0x0000,0x0000,0x0000,0x0000,0x0000,0x0000,0x0000,0x0000,0x0000,0x0000,0x0000,0x0000,0x0000,
    0x0000,0x0000,0x0000,0x0000,0x0000,0x0000,0x0000,0x0000,0x0000,0x0000,0x0000,0x0000,0x0000,0x0000,0x0000,0x0000,
    0x0000,0x0000,0x0000,0x0000,0x0000,0x0000,0x0000,0x0000,0x0000,0x0000,0x0000,0x0000,0x0000,0x0000,0x0000,0x0000,
    0x0000,0x0000,0x0000,0x0000,0x0000,0x0000,0x0000,0x0000,0x0000,0x0000,0x0000,0x0000,0x0000,0x0000,0x0000,0x0000,
    0x0000,0x0000,0x0000,0x0000,0x0000,0x0000,0x0000,0x0000,0x0000,0x0000,0x0000,0x0000,0x0000,0x0000,0x0000,0x0000,
    0x0000,0x0000,0x0000,0x0000,0x0000,0x0000,0x0000,0x0000,0x0000,0x0000,0x0000,0x0000,0x0000,0x0000,0x0000,0x0000,
    0x0000,0x0000,0x0000,0x0000,0x0000,0x0000,0x0000,0x0000,0x0000,0x0000,0x0000,0x0000,0x0000,0x0000,0x0000,0x0000,
    0x0000,0x0000,0x0000,0x0000,0x0000,0x0000,0x0000,0x0000,0x0000,0x0000,0x0000,0x0000,0x0000,0x0000,0x0000,0x0000,
    0x0000,0x0000,0x0000,0x0000,0x0000,0x0000,0x0000,0x0000,0x0000,0x0000,0x0000,0x0000,0x0000,0x0000,0x0000,0x0000,
    0x0000,0x0000,0x0000,0x0000,0x0000,0x0000,0x0000,0x0000,0x0000,0x0000,0x0000,0x0000,0x0000,0x0000,0x0000,0x0000,
    0x0000,0x0000,0x0000,0x0000,0x0000,0x0000,0x0000,0x0000,0x0000,0x0000,0x0000,0x0000,0x0000,0x0000,0x0000,0x0000,
    0x0000,0x0000,0x0000,0x0000,0x0000,0x0000,0x0000,0x0000,0x0000,0x0000,0x0000,0x0000,0x0000,0x0000,0x0000,0x0000,
    0x0000,0x0000,0x0000,0x0000,0x0000,0x0000,0x0000,0x0000,0x0000,0x0000,0x0000,0x0000,0x0000,0x0000,0x0000,0x0000,
    0x0000,0x0000,0x0000,0x0000,0x0000,0x0000,0x0000,0x0000,0x0000,0x0000,0x0000,0x0000,0x0000,0x0000,0x0000,0x0000,
    0x0000,0x0000,0x0000,0x0000,0x0000,0x0000,0x0000,0x0000,0x0000,0x0000,0x0000,0x0000,0x0000,0x0000,0x0000,0x0000,
    0x0000,0x0000,0x0000,0x0000,0x0000,0x0000,0x0000,0x0000,0x0000,0x0000,0x0000,0x0000,0x0000,0x0000,0x0000,0x0000,
    0x0000,0x0000,0x0000,0x0000,0x0000,0x0000,0x0000,0x0000,0x0000,0x0000,0x0000,0x0000,0x0000,0x0000,0x0000,0x0000,
    0x0000,0x0000,0x0000,0x0000,0x0000,0x0000,0x0000,0x0000,0x0000,0x0000,0x0000,0x0000,0x0000,0x0000,0x0000,0x0000,
    0x0000,0x0000,0x0000,0x0000,0x0000,0x0000,0x0000,0x0000,0x0000,0x0000,0x0000,0x0000,0x0000,0x0000,0x0000,0x0000,
    0x0000,0x0000,0x0000,0x0000,0x0000,0x0000,0x0000,0x0000,0x0000,0x0000,0x0000,0x0000,0x0000,0x0000,0x0000,0x0000,
    0x0000,0x0000,0x0000,0x0000,0x0000,0x0000,0x0000,0x0000,0x0000,0x0000,0x0000,0x0000,0x0000,0x0000,0x0000,0x0000,
    0x0000,0x0000,0x0000,0x0000,0x0000,0x0000,0x0000,0x0000,0x0000,0x0000,0x0000,0x0000,0x0000,0x0000,0x0000,0x0000,
    0x0000,0x0000,0x0000,0x0000,0x0000,0x0000,0x0000,0x0000,0x0000,0x0000,0x0000,0x0000,0x0000,0x0000,0x0000,0x0000,
    0x0000,0x0000,0x0000,0x0000,0x0000,0x0000,0x0000,0x0000,0x0000,0x0000,0x0000,0x0000,0x0000,0x0000,0x0000,0x0000,
    0x0000,0x0000,0x0000,0x0000,0x0000,0x0000,0x0000,0x0000,0x0000,0x0000,0x0000,0x0000,0x0000,0x0000,0x0000,0x0000,
    0x0000,0x0000,0x0000,0x0000,0x0000,0x0000,0x0000,0x0000,0x0000,0x0000,0x0000,0x0000,0x0000,0x0000,0x0000,0x0000,
    0x0000,0x0000,0x0000,0x0000,0x0000,0x0000,0x0000,0x0000,0x0000,0x0000,0x0000,0x0000,0x0000,0x0000,0x0000,0x0000,
    0x0000,0x0000,0x0000,0x0000,0x0000,0x0000,0x0000,0x0000,0x0000,0x0000,0x0000,0x0000,0x0000,0x0000,0x0000,0x0000,
    0x0000,0x0000,0x0000,0x0000,0x0000,0x0000,0x0000,0x0000,0x0000,0x0000,0x0000,0x0000,0x0000,0x0000,0x0000,0x0000,
    0x0000,0x0000,0x0000,0x0000,0x0000,0x0000,0x0000,0x0000,0x0000,0x0000,0x0000,0x0000,0x0000,0x0000,0x0000,0x0000,
    0x0000,0x0000,0x0000,0x0000,0x0000,0x0000,0x0000,0x0000,0x0000,0x0000,0x0000,0x0000,0x0000,0x0000,0x0000,0x0000,
    0x0000,0x0000,0x0000,0x0000,0x0000,0x0000,0x0000,0x0000,0x0000,0x0000,0x0000,0x0000,0x0000,0x0000,0x0000,0x0000,
    0x0000,0x0000,0x0000,0x0000,0x0000,0x0000,0x0000,0x0000,0x0000,0x0000,0x0000,0x0000,0x0000,0x0000,0x0000,0x0000,
    0x0000,0x0000,0x0000,0x0000,0x0000,0x0000,0x0000,0x0000,0x0000,0x0000,0x0000,0x0000,0x0000,0x0000,0x0000,0x0000,
    0x0000,0x0000,0x0000,0x0000,0x0000,0x0000,0x0000,0x0000,0x0000,0x0000,0x0000,0x0000,0x0000,0x0000,0x0000,0x0000,
    0x0000,0x0000,0x0000,0x0000,0x0000,0x0000,0x0000,0x0000,0x0000,0x0000,0x0000,0x0000,0x0000,0x0000,0x0000,0x0000,
    0x0000,0x0000,0x0000,0x0000,0x0000,0x0000,0x0000,0x0000,0x0000,0x0000,0x0000,0x0000,0x0000,0x0000,0x0000,0x0000,
    0x0000,0x0000,0x0000,0x0000,0x0000,0x0000,0x0000,0x0000,0x0000,0x0000,0x0000,0x0000,0x0000,0x0000,0x0000,0x0000,
    0x0000,0x0000,0x0000,0x0000,0x0000,0x0000,0x0000,0x0000,0x0000,0x0000,0x0000,0x0000,0x0000,0x0000,0x0000,0x0000,
    0x0000,0x0000,0x0000,0x0000,0x0000,0x0000,0x0000,0x0000,0x0000,0x0000,0x0000,0x0000,0x0000,0x0000,0x0000,0x0000,
    0x0000,0x0000,0x0000,0x0000,0x0000,0x0000,0x0000,0x0000,0x0000,0x0000,0x0000,0x0000,0x0000,0x0000,0x0000,0x0000,
    0x0000,0x0000,0x0000,0x0000,0x0000,0x0000,0x0000,0x0000,0x0000,0x0000,0x0000,0x0000,0x0000,0x0000,0x0000,0x0000,
    0x0000,0x0000,0x0000,0x0000,0x0000,0x0000,0x0000,0x0000,0x0000,0x0000,0x0000,0x0000,0x0000,0x0000,0x0000,0x0000,
    0x0000,0x0000,0x0000,0x0000,0x0000,0x0000,0x0000,0x0000,0x0000,0x0000,0x0000,0x0000,0x0000,0x0000,0x0000,0x0000,
    0x0000,0x0000,0x0000,0x0000,0x0000,0x0000,0x0000,0x0000,0x0000,0x0000,0x0000,0x0000,0x0000,0x0000,0x0000,0x0000,
    0x0000,0x0000,0x0000,0x0000,0x0000,0x0000,0x0000,0x0000,0x0000,0x0000,0x0000,0x0000,0x0000,0x0000,0x0000,0x0000,
    0x0000,0x0000,0x0000,0x0000,0x0000,0x0000,0x0000,0x0000,0x0000,0x0000,0x0000,0x0000,0x0000,0x0000,0x0000,0x0000,
    0x0000,0x0000,0x0000,0x0000,0x0000,0x0000,0x0000,0x0000,0x0000,0x0000,0x0000,0x0000,0x0000,0x0000,0x0000,0x0000,
    0x0000,0x0000,0x0000,0x0000,0x0000,0x0000,0x0000,0x0000,0x0000,0x0000,0x0000,0x0000,0x0000,0x0000,0x0000,0x0000,
    0x0000,0x0000,0x0000,0x0000,0x0000,0x0000,0x0000,0x0000,0x0000,0x0000,0x0000,0x0000,0x0000,0x0000,0x0000,0x0000,
    0x0000,0x0000,0x0000,0x0000,0x0000,0x0000,0x0000,0x0000,0x0000,0x0000,0x0000,0x0000,0x0000,0x0000,0x0000,0x0000,
    0x0000,0x0000,0x0000,0x0000,0x0000,0x0000,0x0000,0x0000,0x0000,0x0000,0x0000,0x0000,0x0000,0x0000,0x0000,0x0000,
    0x0000,0x0000,0x0000,0x0000,0x0000,0x0000,0x0000,0x0000,0x0000,0x0000,0x0000,0x0000,0x0000,0x0000,0x0000,0x0000,
    0x0000,0x0000,0x0000,0x0000,0x0000,0x0000,0x0000,0x0000,0x0000,0x0000,0x2208,0x2208,0x2208,0x2208,0x428a,0x428a,
    0x428a,0x428a,0x428a,0x428a,0x5b0b,0x5b0b,0x5b0b,0x5b0b,0x428a,0x428a,0x428a,0x428a,0x0000,0x0000,0x0000,0x0000,
    0x0000,0x0000,0x0000,0x0000,0x0000,0x0000,0x0000,0x0000,0x0000,0x0000,0x0000,0x0000,0x0000,0x0000,0x0000,0x0000,
    0x0000,0x0000,0x0000,0x0000,0x0000,0x0000,0x0000,0x0000,0x0000,0x0000,0x0000,0x0000,0x0000,0x0000,0x0000,0x0000,
    0x0000,0x0000,0x0000,0x0000,0x0000,0x0000,0x0000,0x0000,0x0000,0x0000,0x0000,0x0000,0x0000,0x0000,0x0000,0x0000,
    0x0000,0x0000,0x0000,0x0000,0x0000,0x0000,0x0000,0x0000,0x0000,0x0000,0x0000,0x0000,0x0000,0x0000,0x0000,0x0000,
    0x0000,0x0000,0x0000,0x0000,0x0000,0x0000,0x0000,0x0000,0x0000,0x0000,0x0000,0x0000,0x0000,0x0000,0x0000,0x0000,
    0x0000,0x0000,0x0000,0x0000,0x0000,0x0000,0x2208,0x2208,0x2208,0x2208,0x428a,0x428a,0x428a,0x428a,0x428a,0x428a,
    0x5b0b,0x5b0b,0x5b0b,0x5b0b,0x428a,0x428a,0x428a,0x428a,0x0000,0x0000,0x0000,0x0000,0x0000,0x0000,0x0000,0x0000,
    0x0000,0x0000,0x0000,0x0000,0x0000,0x0000,0x0000,0x0000,0x0000,0x0000,0x0000,0x0000,0x0000,0x0000,0x0000,0x0000,
    0x0000,0x0000,0x0000,0x0000,0x0000,0x0000,0x0000,0x0000,0x0000,0x0000,0x0000,0x0000,0x0000,0x0000,0x0000,0x0000,
    0x0000,0x0000,0x0000,0x0000,0x0000,0x0000,0x0000,0x0000,0x0000,0x0000,0x0000,0x0000,0x0000,0x0000,0x0000,0x0000,
    0x0000,0x0000,0x0000,0x0000,0x0000,0x0000,0x0000,0x0000,0x0000,0x0000,0x0000,0x0000,0x0000,0x0000,0x0000,0x0000,
    0x0000,0x0000,0x0000,0x0000,0x0000,0x0000,0x0000,0x0000,0x0000,0x0000,0x0000,0x0000,0x2208,0x2208,0x2208,0x2208,
    0x5b0b,0x5b0b,0x6bad,0x6bad,0x6bad,0x6bad,0x6bad,0x6bad,0x6bad,0x6bad,0x6bad,0x6bad,0x6bad,0x6bad,0x8c2e,0x8c2e,
    0x9490,0x9490,0x9490,0x9490,0x9c0c,0x9c0c,0x838c,0x838c,0x428a,0x428a,0x0000,0x0000,0x0000,0x0000,0x0000,0x0000,
    0x0000,0x0000,0x0000,0x0000,0x0000,0x0000,0x0000,0x0000,0x0000,0x0000,0x0000,0x0000,0x0000,0x0000,0x0000,0x0000,
    0x0000,0x0000,0x0000,0x0000,0x0000,0x0000,0x0000,0x0000,0x0000,0x0000,0x0000,0x0000,0x0000,0x0000,0x0000,0x0000,
    0x0000,0x0000,0x0000,0x0000,0x0000,0x0000,0x0000,0x0000,0x0000,0x0000,0x0000,0x0000,0x0000,0x0000,0x0000,0x0000,
    0x0000,0x0000,0x0000,0x0000,0x0000,0x0000,0x0000,0x0000,0x0000,0x0000,0x0000,0x0000,0x0000,0x0000,0x0000,0x0000,
    0x0000,0x0000,0x0000,0x0000,0x0000,0x0000,0x0000,0x0000,0x2208,0x2208,0x2208,0x2208,0x5b0b,0x5b0b,0x6bad,0x6bad,
    0x6bad,0x6bad,0x6bad,0x6bad,0x6bad,0x6bad,0x6bad,0x6bad,0x6bad,0x6bad,0x8c2e,0x8c2e,0x9490,0x9490,0x9490,0x9490,
    0x9c0c,0x9c0c,0x838c,0x838c,0x428a,0x428a,0x0000,0x0000,0x0000,0x0000,0x0000,0x0000,0x0000,0x0000,0x0000,0x0000,
    0x0000,0x0000,0x0000,0x0000,0x0000,0x0000,0x0000,0x0000,0x0000,0x0000,0x0000,0x0000,0x0000,0x0000,0x0000,0x0000,
    0x0000,0x0000,0x0000,0x0000,0x0000,0x0000,0x0000,0x0000,0x0000,0x0000,0x0000,0x0000,
};
const wayfarer_sprite_t wayfarer_freighter = {108, 65, pixels_freighter};
static const uint16_t pixels_courier[3354] = {
    0x0000,0x0000,0x0000,0x0000,0x0000,0x0000,0x0000,0x0000,0x0000,0x0000,0x0000,0x0000,0x0000,0x0000,0x0000,0x0000,
    0x0000,0x0000,0x0000,0x0000,0x0000,0x0000,0x2145,0x2145,0x39e7,0x39e7,0x39e7,0x39e7,0x61e5,0x61e5,0x61e5,0x61e5,
    0x0000,0x0000,0x0000,0x0000,0x0000,0x0000,0x0000,0x0000,0x0000,0x0000,0x0000,0x0000,0x0000,0x0000,0x0000,0x0000,
    0x0000,0x0000,0x0000,0x0000,0x0000,0x0000,0x0000,0x0000,0x0000,0x0000,0x0000,0x0000,0x0000,0x0000,0x0000,0x0000,
    0x0000,0x0000,0x0000,0x0000,0x0000,0x0000,0x0000,0x0000,0x0000,0x0000,0x0000,0x0000,0x0000,0x0000,0x0000,0x0000,
    0x0000,0x0000,0x0000,0x0000,0x0000,0x0000,0x0000,0x0000,0x0000,0x0000,0x0000,0x0000,0x0000,0x0000,0x0000,0x0000,
    0x0000,0x0000,0x0000,0x0000,0x0000,0x0000,0x0000,0x0000,0x0000,0x0000,0x0000,0x0000,0x2145,0x2145,0x39e7,0x39e7,
    0x39e7,0x39e7,0x61e5,0x61e5,0x61e5,0x61e5,0x0000,0x0000,0x0000,0x0000,0x0000,0x0000,0x0000,0x0000,0x0000,0x0000,
    0x0000,0x0000,0x0000,0x0000,0x0000,0x0000,0x0000,0x0000,0x0000,0x0000,0x0000,0x0000,0x0000,0x0000,0x0000,0x0000,
    0x0000,0x0000,0x0000,0x0000,0x0000,0x0000,0x0000,0x0000,0x0000,0x0000,0x0000,0x0000,0x0000,0x0000,0x0000,0x0000,
    0x0000,0x0000,0x0000,0x0000,0x0000,0x0000,0x0000,0x0000,0x0000,0x0000,0x0000,0x0000,0x0000,0x0000,0x0000,0x0000,
    0x0000,0x0000,0x0000,0x0000,0x0000,0x0000,0x0000,0x0000,0x0000,0x0000,0x0000,0x0000,0x0000,0x0000,0x0000,0x0000,
    0x0000,0x0000,0x0000,0x0000,0x39e7,0x39e7,0x52aa,0x52aa,0x4269,0x4269,0x73ae,0x73ae,0x736c,0x736c,0x0000,0x0000,
    0x0000,0x0000,0x0000,0x0000,0x0000,0x0000,0x0000,0x0000,0x0000,0x0000,0x0000,0x0000,0x0000,0x0000,0x0000,0x0000,
    0x0000,0x0000,0x0000,0x0000,0x0000,0x0000,0x0000,0x0000,0x0000,0x0000,0x0000,0x0000,0x0000,0x0000,0x0000,0x0000,
    0x0000,0x0000,0x0000,0x0000,0x0000,0x0000,0x0000,0x0000,0x0000,0x0000,0x0000,0x0000,0x0000,0x0000,0x0000,0x0000,
    0x0000,0x0000,0x0000,0x0000,0x0000,0x0000,0x0000,0x0000,0x0000,0x0000,0x0000,0x0000,0x0000,0x0000,0x0000,0x0000,
    0x0000,0x0000,0x0000,0x0000,0x0000,0x0000,0x0000,0x0000,0x0000,0x0000,0x39e7,0x39e7,0x52aa,0x52aa,0x4269,0x4269,
    0x73ae,0x73ae,0x736c,0x736c,0x0000,0x0000,0x0000,0x0000,0x0000,0x0000,0x0000,0x0000,0x0000,0x0000,0x0000,0x0000,
    0x0000,0x0000,0x0000,0x0000,0x0000,0x0000,0x0000,0x0000,0x0000,0x0000,0x0000,0x0000,0x0000,0x0000,0x0000,0x0000,
    0x0000,0x0000,0x0000,0x0000,0x0000,0x0000,0x0000,0x0000,0x0000,0x0000,0x0000,0x0000,0x0000,0x0000,0x0000,0x0000,
    0x0000,0x0000,0x0000,0x0000,0x0000,0x0000,0x0000,0x0000,0x0000,0x0000,0x0000,0x0000,0x0000,0x0000,0x0000,0x0000,
    0x0000,0x0000,0x0000,0x0000,0x0000,0x0000,0x0000,0x0000,0x0000,0x0000,0x0000,0x0000,0x0000,0x0000,0x0000,0x0000,
    0x0000,0x0000,0x636d,0x636d,0x636d,0x636d,0xbdf5,0xbdf5,0xde77,0xde77,0xa48f,0xa48f,0x0000,0x0000,0x0000,0x0000,
    0x0000,0x0000,0x0000,0x0000,0x0000,0x0000,0x0000,0x0000,0x0000,0x0000,0x0000,0x0000,0x0000,0x0000,0x0000,0x0000,
    0x0000,0x0000,0x0000,0x0000,0x0000,0x0000,0x0000,0x0000,0x0000,0x0000,0x0000,0x0000,0x0000,0x0000,0x0000,0x0000,
    0x0000,0x0000,0x0000,0x0000,0x0000,0x0000,0x0000,0x0000,0x0000,0x0000,0x0000,0x0000,0x0000,0x0000,0x0000,0x0000,
    0x0000,0x0000,0x0000,0x0000,0x0000,0x0000,0x0000,0x0000,0x0000,0x0000,0x0000,0x0000,0x0000,0x0000,0x0000,0x0000,
    0x0000,0x0000,0x0000,0x0000,0x0000,0x0000,0x0000,0x0000,0x636d,0x636d,0x636d,0x636d,0xbdf5,0xbdf5,0xde77,0xde77,
    0xa48f,0xa48f,0x0000,0x0000,0x0000,0x0000,0x0000,0x0000,0x0000,0x0000,0x0000,0x0000,0x0000,0x0000,0x0000,0x0000,
    0x0000,0x0000,0x0000,0x0000,0x0000,0x0000,0x0000,0x0000,0x0000,0x0000,0x0000,0x0000,0x0000,0x0000,0x0000,0x0000,
    0x0000,0x0000,0x0000,0x0000,0x0000,0x0000,0x0000,0x0000,0x0000,0x0000,0x0000,0x0000,0x0000,0x0000,0x0000,0x0000,
    0x0000,0x0000,0x0000,0x0000,0x0000,0x0000,0x0000,0x0000,0x0000,0x0000,0x0000,0x0000,0x0000,0x0000,0x0000,0x0000,
    0x0000,0x0000,0x0000,0x0000,0x0000,0x0000,0x0000,0x0000,0x0000,0x0000,0x0000,0x0000,0x0000,0x0000,0x2249,0x2249,
    0x636d,0x636d,0x636d,0x636d,0xbdf5,0xbdf5,0xde77,0xde77,0xad11,0xad11,0x0000,0x0000,0x0000,0x0000,0x0000,0x0000,
    0x0000,0x0000,0x0000,0x0000,0x0000,0x0000,0x0000,0x0000,0x0000,0x0000,0x0000,0x0000,0x0000,0x0000,0x0000,0x0000,
    0x0000,0x0000,0x0000,0x0000,0x0000,0x0000,0x0000,0x0000,0x0000,0x0000,0x0000,0x0000,0x0000,0x0000,0x0000,0x0000,
    0x0000,0x0000,0x0000,0x0000,0x0000,0x0000,0x0000,0x0000,0x0000,0x0000,0x0000,0x0000,0x0000,0x0000,0x0000,0x0000,
    0x0000,0x0000,0x0000,0x0000,0x0000,0x0000,0x0000,0x0000,0x0000,0x0000,0x0000,0x0000,0x0000,0x0000,0x0000,0x0000,
    0x0000,0x0000,0x0000,0x0000,0x2249,0x2249,0x636d,0x636d,0x636d,0x636d,0xbdf5,0xbdf5,0xde77,0xde77,0xad11,0xad11,
    0x0000,0x0000,0x0000,0x0000,0x0000,0x0000,0x0000,0x0000,0x0000,0x0000,0x0000,0x0000,0x0000,0x0000,0x0000,0x0000,
    0x0000,0x0000,0x0000,0x0000,0x0000,0x0000,0x0000,0x0000,0x0000,0x0000,0x0000,0x0000,0x0000,0x0000,0x0000,0x0000,
    0x0000,0x0000,0x0000,0x0000,0x0000,0x0000,0x0000,0x0000,0x0000,0x0000,0x0000,0x0000,0x0000,0x0000,0x0000,0x0000,
    0x0000,0x0000,0x0000,0x0000,0x0000,0x0000,0x0000,0x0000,0x0000,0x0000,0x0000,0x0000,0x0000,0x0000,0x0000,0x0000,
    0x0000,0x0000,0x0000,0x0000,0x0000,0x0000,0x0000,0x0000,0x0000,0x0000,0x0000,0x0000,0x73ae,0x73ae,0x84f3,0x84f3,
    0xad11,0xad11,0xd636,0xd636,0xd636,0xd636,0xbc0a,0xbc0a,0x0000,0x0000,0x0000,0x0000,0x0000,0x0000,0x0000,0x0000,
    0x0000,0x0000,0x0000,0x0000,0x0000,0x0000,0x0000,0x0000,0x0000,0x0000,0x0000,0x0000,0x0000,0x0000,0x0000,0x0000,
    0x0000,0x0000,0x0000,0x0000,0x0000,0x0000,0x0000,0x0000,0x0000,0x0000,0x0000,0x0000,0x0000,0x0000,0x0000,0x0000,
    0x0000,0x0000,0x0000,0x0000,0x0000,0x0000,0x0000,0x0000,0x0000,0x0000,0x0000,0x0000,0x0000,0x0000,0x0000,0x0000,
    0x0000,0x0000,0x0000,0x0000,0x0000,0x0000,0x0000,0x0000,0x0000,0x0000,0x0000,0x0000,0x0000,0x0000,0x0000,0x0000,
    0x0000,0x0000,0x73ae,0x73ae,0x84f3,0x84f3,0xad11,0xad11,0xd636,0xd636,0xd636,0xd636,0xbc0a,0xbc0a,0x0000,0x0000,
    0x0000,0x0000,0x0000,0x0000,0x0000,0x0000,0x0000,0x0000,0x0000,0x0000,0x0000,0x0000,0x0000,0x0000,0x0000,0x0000,
    0x0000,0x0000,0x0000,0x0000,0x0000,0x0000,0x0000,0x0000,0x0000,0x0000,0x0000,0x0000,0x0000,0x0000,0x0000,0x0000,
    0x0000,0x0000,0x0000,0x0000,0x0000,0x0000,0x0000,0x0000,0x0000,0x0000,0x0000,0x0000,0x0000,0x0000,0x0000,0x0000,
    0x0000,0x0000,0x0000,0x0000,0x0000,0x0000,0x0000,0x0000,0x0000,0x0000,0x0000,0x0000,0x0000,0x0000,0x0000,0x0000,
    0x0000,0x0000,0x0000,0x0000,0x0000,0x0000,0x0000,0x0000,0x736c,0x736c,0xde77,0xde77,0xbdf5,0xbdf5,0xbdf5,0xbdf5,
    0xd636,0xd636,0xbc0a,0xbc0a,0xbc0a,0xbc0a,0x8c50,0x8c50,0x0000,0x0000,0x0000,0x0000,0x52aa,0x52aa,0x7309,0x7309,
    0x2124,0x2124,0x39e7,0x39e7,0x61e5,0x61e5,0x0000,0x0000,0x0000,0x0000,0x0000,0x0000,0x0000,0x0000,0x0000,0x0000,
    0x0000,0x0000,0x0000,0x0000,0x0000,0x0000,0x0000,0x0000,0x0000,0x0000,0x0000,0x0000,0x0000,0x0000,0x0000,0x0000,
    0x0000,0x0000,0x0000,0x0000,0x0000,0x0000,0x0000,0x0000,0x0000,0x0000,0x0000,0x0000,0x0000,0x0000,0x0000,0x0000,
    0x0000,0x0000,0x0000,0x0000,0x0000,0x0000,0x0000,0x0000,0x0000,0x0000,0x0000,0x0000,0x0000,0x0000,0x736c,0x736c,
    0xde77,0xde77,0xbdf5,0xbdf5,0xbdf5,0xbdf5,0xd636,0xd636,0xbc0a,0xbc0a,0xbc0a,0xbc0a,0x8c50,0x8c50,0x0000,0x0000,
    0x0000,0x0000,0x52aa,0x52aa,0x7309,0x7309,0x2124,0x2124,0x39e7,0x39e7,0x61e5,0x61e5,0x0000,0x0000,0x0000,0x0000,
    0x0000,0x0000,0x0000,0x0000,0x0000,0x0000,0x0000,0x0000,0x0000,0x0000,0x0000,0x0000,0x0000,0x0000,0x0000,0x0000,
    0x0000,0x0000,0x0000,0x0000,0x0000,0x0000,0x0000,0x0000,0x0000,0x0000,0x0000,0x0000,0x0000,0x0000,0x0000,0x0000,
    0x0000,0x0000,0x0000,0x0000,0x0000,0x0000,0x0000,0x0000,0x0000,0x0000,0x0000,0x0000,0x0000,0x0000,0x0000,0x0000,
    0x0000,0x0000,0x0000,0x0000,0x1104,0x1104,0x73ae,0x73ae,0xbdf5,0xbdf5,0xad11,0xad11,0xad11,0xad11,0xbc0a,0xbc0a,
    0xbc0a,0xbc0a,0x73ae,0x73ae,0x2249,0x2249,0x736c,0x736c,0xa48f,0xa48f,0xa48f,0xa48f,0x73ae,0x73ae,0x5a88,0x5a88,
    0x2965,0x2965,0x39e7,0x39e7,0x8c50,0x8c50,0x0000,0x0000,0x0000,0x0000,0x0000,0x0000,0x0000,0x0000,0x0000,0x0000,
    0x0000,0x0000,0x0000,0x0000,0x0000,0x0000,0x0000,0x0000,0x0000,0x0000,0x0000,0x0000,0x0000,0x0000,0x0000,0x0000,
    0x0000,0x0000,0x0000,0x0000,0x0000,0x0000,0x0000,0x0000,0x0000,0x0000,0x0000,0x0000,0x0000,0x0000,0x0000,0x0000,
    0x0000,0x0000,0x0000,0x0000,0x0000,0x0000,0x0000,0x0000,0x0000,0x0000,0x1104,0x1104,0x73ae,0x73ae,0xbdf5,0xbdf5,
    0xad11,0xad11,0xad11,0xad11,0xbc0a,0xbc0a,0xbc0a,0xbc0a,0x73ae,0x73ae,0x2249,0x2249,0x736c,0x736c,0xa48f,0xa48f,
    0xa48f,0xa48f,0x73ae,0x73ae,0x5a88,0x5a88,0x2965,0x2965,0x39e7,0x39e7,0x8c50,0x8c50,0x0000,0x0000,0x0000,0x0000,
    0x0000,0x0000,0x0000,0x0000,0x0000,0x0000,0x0000,0x0000,0x0000,0x0000,0x0000,0x0000,0x0000,0x0000,0x0000,0x0000,
    0x0000,0x0000,0x0000,0x0000,0xad11,0xad11,0xad11,0xad11,0x736c,0x736c,0x0000,0x0000,0x0000,0x0000,0x0000,0x0000,
    0x0000,0x0000,0x0000,0x0000,0x0000,0x0000,0x0000,0x0000,0x0000,0x0000,0x0000,0x0000,0x0000,0x0000,0x39e7,0x39e7,
    0x52aa,0x52aa,0x39e7,0x39e7,0x5aca,0x5aca,0x736c,0x736c,0x8c50,0x8c50,0x736c,0x736c,0x7309,0x7309,0x73ae,0x73ae,
    0x8c50,0x8c50,0xde77,0xde77,0xeef6,0xeef6,0xf79d,0xf79d,0xeef6,0xeef6,0x5aca,0x5aca,0x52aa,0x52aa,0x52aa,0x52aa,
    0x4269,0x4269,0x4269,0x4269,0x4269,0x4269,0x52aa,0x52aa,0x0000,0x0000,0x0000,0x0000,0x0000,0x0000,0x0000,0x0000,
    0x0000,0x0000,0x0000,0x0000,0x0000,0x0000,0x0000,0x0000,0xbc0a,0xbc0a,0xad11,0xad11,0xad11,0xad11,0x736c,0x736c,
    0x0000,0x0000,0x0000,0x0000,0x0000,0x0000,0x0000,0x0000,0x0000,0x0000,0x0000,0x0000,0x0000,0x0000,0x0000,0x0000,
    0x0000,0x0000,0x0000,0x0000,0x39e7,0x39e7,0x52aa,0x52aa,0x39e7,0x39e7,0x5aca,0x5aca,0x736c,0x736c,0x8c50,0x8c50,
    0x736c,0x736c,0x7309,0x7309,0x73ae,0x73ae,0x8c50,0x8c50,0xde77,0xde77,0xeef6,0xeef6,0xf79d,0xf79d,0xeef6,0xeef6,
    0x5aca,0x5aca,0x52aa,0x52aa,0x52aa,0x52aa,0x4269,0x4269,0x4269,0x4269,0x4269,0x4269,0x52aa,0x52aa,0x0000,0x0000,
    0x0000,0x0000,0x0000,0x0000,0x0000,0x0000,0x0000,0x0000,0x0000,0x0000,0x0000,0x0000,0x0000,0x0000,0xbc0a,0xbc0a,
    0x39e7,0x39e7,0x19e8,0x19e8,0x19e8,0x19e8,0x52aa,0x52aa,0x0000,0x0000,0x0000,0x0000,0x0000,0x0000,0x0000,0x0000,
    0x0000,0x0000,0x0000,0x0000,0x2b8e,0x2b8e,0x5aca,0x5aca,0x2965,0x2965,0x73ae,0x73ae,0xde77,0xde77,0x73ae,0x73ae,
    0x736c,0x736c,0xbdf5,0xbdf5,0xeef6,0xeef6,0xd636,0xd636,0xbdf5,0xbdf5,0xde77,0xde77,0xeef6,0xeef6,0xde77,0xde77,
    0xd636,0xd636,0xde77,0xde77,0xad11,0xad11,0xbdf5,0xbdf5,0xeef6,0xeef6,0xeef6,0xeef6,0x8c50,0x8c50,0x2145,0x2145,
    0x1104,0x1104,0x2145,0x2145,0x2249,0x2249,0x19e8,0x19e8,0x0000,0x0000,0x0000,0x0000,0x0000,0x0000,0x0000,0x0000,
    0x0000,0x0000,0x0000,0x0000,0xbc0a,0xbc0a,0x39e7,0x39e7,0x19e8,0x19e8,0x19e8,0x19e8,0x52aa,0x52aa,0x0000,0x0000,
    0x0000,0x0000,0x0000,0x0000,0x0000,0x0000,0x0000,0x0000,0x0000,0x0000,0x2b8e,0x2b8e,0x5aca,0x5aca,0x2965,0x2965,
    0x73ae,0x73ae,0xde77,0xde77,0x73ae,0x73ae,0x736c,0x736c,0xbdf5,0xbdf5,0xeef6,0xeef6,0xd636,0xd636,0xbdf5,0xbdf5,
    0xde77,0xde77,0xeef6,0xeef6,0xde77,0xde77,0xd636,0xd636,0xde77,0xde77,0xad11,0xad11,0xbdf5,0xbdf5,0xeef6,0xeef6,
    0xeef6,0xeef6,0x8c50,0x8c50,0x2145,0x2145,0x1104,0x1104,0x2145,0x2145,0x2249,0x2249,0x19e8,0x19e8,0x0000,0x0000,
    0x0000,0x0000,0x0000,0x0000,0x0000,0x0000,0x0000,0x0000,0x0000,0x0000,0xbc0a,0xbc0a,0xde77,0xde77,0xad11,0xad11,
    0x52aa,0x52aa,0x2249,0x2249,0x4269,0x4269,0x0000,0x0000,0x0000,0x0000,0x0000,0x0000,0x0000,0x0000,0x0000,0x0000,
    0x84f3,0x84f3,0x4269,0x4269,0x2965,0x2965,0x73ae,0x73ae,0x8c50,0x8c50,0x2965,0x2965,0x39e7,0x39e7,0x73ae,0x73ae,
    0x8c50,0x8c50,0x8c50,0x8c50,0xa48f,0xa48f,0xad11,0xad11,0xbdf5,0xbdf5,0xad11,0xad11,0x2965,0x2965,0x52aa,0x52aa,
    0x8c50,0x8c50,0x5aca,0x5aca,0x39e7,0x39e7,0x8c50,0x8c50,0xde77,0xde77,0xad11,0xad11,0x8c50,0x8c50,0x5aca,0x5aca,
    0x39e7,0x39e7,0x4269,0x4269,0x8c50,0x8c50,0xad11,0xad11,0x0000,0x0000,0x0000,0x0000,0x0000,0x0000,0x0000,0x0000,
    0x0000,0x0000,0xde77,0xde77,0xad11,0xad11,0x52aa,0x52aa,0x2249,0x2249,0x4269,0x4269,0x0000,0x0000,0x0000,0x0000,
    0x0000,0x0000,0x0000,0x0000,0x0000,0x0000,0x84f3,0x84f3,0x4269,0x4269,0x2965,0x2965,0x73ae,0x73ae,0x8c50,0x8c50,
    0x2965,0x2965,0x39e7,0x39e7,0x73ae,0x73ae,0x8c50,0x8c50,0x8c50,0x8c50,0xa48f,0xa48f,0xad11,0xad11,0xbdf5,0xbdf5,
    0xad11,0xad11,0x2965,0x2965,0x52aa,0x52aa,0x8c50,0x8c50,0x5aca,0x5aca,0x39e7,0x39e7,0x8c50,0x8c50,0xde77,0xde77,
    0xad11,0xad11,0x8c50,0x8c50,0x5aca,0x5aca,0x39e7,0x39e7,0x4269,0x4269,0x8c50,0x8c50,0xad11,0xad11,0x0000,0x0000,
    0x0000,0x0000,0x0000,0x0000,0x0000,0x0000,0x0000,0x0000,0xde77,0xde77,0xad11,0xad11,0x52aa,0x52aa,0x2249,0x2249,
    0x4269,0x4269,0x0000,0x0000,0x0000,0x0000,0x0000,0x0000,0x0000,0x0000,0x0000,0x0000,0x84f3,0x84f3,0x4269,0x4269,
    0x2965,0x2965,0x73ae,0x73ae,0x8c50,0x8c50,0x2965,0x2965,0x39e7,0x39e7,0x73ae,0x73ae,0x8c50,0x8c50,0x8c50,0x8c50,
    0xa48f,0xa48f,0xad11,0xad11,0xbdf5,0xbdf5,0xad11,0xad11,0x2965,0x2965,0x52aa,0x52aa,0x8c50,0x8c50,0x5aca,0x5aca,
    0x39e7,0x39e7,0x8c50,0x8c50,0xde77,0xde77,0xad11,0xad11,0x8c50,0x8c50,0x5aca,0x5aca,0x39e7,0x39e7,0x4269,0x4269,
    0x8c50,0x8c50,0xad11,0xad11,0x0000,0x0000,0x0000,0x0000,0x0000,0x0000,0x0000,0x0000,0x0000,0x0000,0xad11,0xad11,
    0xd636,0xd636,0xde77,0xde77,0xbdf5,0xbdf5,0xbdf5,0xbdf5,0x736c,0x736c,0x0000,0x0000,0x0000,0x0000,0x0000,0x0000,
    0x0000,0x0000,0x84f3,0x84f3,0x2124,0x2124,0x10c3,0x10c3,0x736c,0x736c,0x736c,0x736c,0x2124,0x2124,0x2965,0x2965,
    0x2124,0x2124,0x18e3,0x18e3,0x2124,0x2124,0x10c3,0x10c3,0x5a88,0x5a88,0xad11,0xad11,0xad11,0xad11,0x736c,0x736c,
    0x8c50,0x8c50,0x8c50,0x8c50,0x52aa,0x52aa,0x10c3,0x10c3,0x8c50,0x8c50,0xd636,0xd636,0xd636,0xd636,0xde77,0xde77,
    0xdd91,0xdd91,0xdd91,0xdd91,0xde77,0xde77,0xeef6,0xeef6,0xeef6,0xeef6,0x73ae,0x73ae,0x0000,0x0000,0x0000,0x0000,
    0x0000,0x0000,0x0000,0x0000,0xad11,0xad11,0xd636,0xd636,0xde77,0xde77,0xbdf5,0xbdf5,0xbdf5,0xbdf5,0x736c,0x736c,
    0x0000,0x0000,0x0000,0x0000,0x0000,0x0000,0x0000,0x0000,0x84f3,0x84f3,0x2124,0x2124,0x10c3,0x10c3,0x736c,0x736c,
    0x736c,0x736c,0x2124,0x2124,0x2965,0x2965,0x2124,0x2124,0x18e3,0x18e3,0x2124,0x2124,0x10c3,0x10c3,0x5a88,0x5a88,
    0xad11,0xad11,0xad11,0xad11,0x736c,0x736c,0x8c50,0x8c50,0x8c50,0x8c50,0x52aa,0x52aa,0x10c3,0x10c3,0x8c50,0x8c50,
    0xd636,0xd636,0xd636,0xd636,0xde77,0xde77,0xdd91,0xdd91,0xdd91,0xdd91,0xde77,0xde77,0xeef6,0xeef6,0xeef6,0xeef6,
    0x73ae,0x73ae,0x0000,0x0000,0x0000,0x0000,0x0000,0x0000,0x0000,0x0000,0xbdf5,0xbdf5,0xad11,0xad11,0xad11,0xad11,
    0x73ae,0x73ae,0x2249,0x2249,0x2965,0x2965,0x0000,0x0000,0x0000,0x0000,0x0000,0x0000,0x0000,0x0000,0x2b8e,0x2b8e,
    0x18e3,0x18e3,0x10a2,0x10a2,0x4269,0x4269,0x5aca,0x5aca,0x18e3,0x18e3,0x1104,0x1104,0x52aa,0x52aa,0x636d,0x636d,
    0x5aca,0x5aca,0x636d,0x636d,0x8c50,0x8c50,0xad11,0xad11,0x73ae,0x73ae,0x636d,0x636d,0x4269,0x4269,0x39e7,0x39e7,
    0x736c,0x736c,0x736c,0x736c,0x8c50,0x8c50,0xa48f,0xa48f,0xa48f,0xa48f,0x8c50,0x8c50,0x7309,0x7309,0x83cc,0x83cc,
    0x73ae,0x73ae,0x52aa,0x52aa,0x39e7,0x39e7,0x2965,0x2965,0x0000,0x0000,0x0000,0x0000,0x0000,0x0000,0xbc0a,0xbc0a,
    0xbdf5,0xbdf5,0xad11,0xad11,0xad11,0xad11,0x73ae,0x73ae,0x2249,0x2249,0x2965,0x2965,0x0000,0x0000,0x0000,0x0000,
    0x0000,0x0000,0x0000,0x0000,0x2b8e,0x2b8e,0x18e3,0x18e3,0x10a2,0x10a2,0x4269,0x4269,0x5aca,0x5aca,0x18e3,0x18e3,
    0x1104,0x1104,0x52aa,0x52aa,0x636d,0x636d,0x5aca,0x5aca,0x636d,0x636d,0x8c50,0x8c50,0xad11,0xad11,0x73ae,0x73ae,
    0x636d,0x636d,0x4269,0x4269,0x39e7,0x39e7,0x736c,0x736c,0x736c,0x736c,0x8c50,0x8c50,0xa48f,0xa48f,0xa48f,0xa48f,
    0x8c50,0x8c50,0x7309,0x7309,0x83cc,0x83cc,0x73ae,0x73ae,0x52aa,0x52aa,0x39e7,0x39e7,0x2965,0x2965,0x0000,0x0000,
    0x0000,0x0000,0x0000,0x0000,0xbc0a,0xbc0a,0x8c50,0x8c50,0xa48f,0xa48f,0xa48f,0xa48f,0x39e7,0x39e7,0x19e8,0x19e8,
    0x2145,0x2145,0x0000,0x0000,0x0000,0x0000,0x0000,0x0000,0x0000,0x0000,0x0000,0x0000,0x10c3,0x10c3,0x0861,0x0861,
    0x2124,0x2124,0x2965,0x2965,0x10c3,0x10c3,0x61e5,0x61e5,0xdd91,0xdd91,0xdd91,0xdd91,0xdd91,0xdd91,0xdd91,0xdd91,
    0xdd91,0xdd91,0xbdf5,0xbdf5,0x636d,0x636d,0x2124,0x2124,0x2965,0x2965,0x2965,0x2965,0x5a88,0x5a88,0x736c,0x736c,
    0x5aca,0x5aca,0x5aca,0x5aca,0x5aca,0x5aca,0x5aca,0x5aca,0x39e7,0x39e7,0x19e8,0x19e8,0x1104,0x1104,0x0861,0x0861,
    0x0000,0x0000,0x0000,0x0000,0x0000,0x0000,0x0000,0x0000,0x0000,0x0000,0x7309,0x7309,0x8c50,0x8c50,0xa48f,0xa48f,
    0xa48f,0xa48f,0x39e7,0x39e7,0x19e8,0x19e8,0x2145,0x2145,0x0000,0x0000,0x0000,0x0000,0x0000,0x0000,0x0000,0x0000,
    0x0000,0x0000,0x10c3,0x10c3,0x0861,0x0861,0x2124,0x2124,0x2965,0x2965,0x10c3,0x10c3,0x61e5,0x61e5,0xdd91,0xdd91,
    0xdd91,0xdd91,0xdd91,0xdd91,0xdd91,0xdd91,0xdd91,0xdd91,0xbdf5,0xbdf5,0x636d,0x636d,0x2124,0x2124,0x2965,0x2965,
    0x2965,0x2965,0x5a88,0x5a88,0x736c,0x736c,0x5aca,0x5aca,0x5aca,0x5aca,0x5aca,0x5aca,0x5aca,0x5aca,0x39e7,0x39e7,
    0x19e8,0x19e8,0x1104,0x1104,0x0861,0x0861,0x0000,0x0000,0x0000,0x0000,0x0000,0x0000,0x0000,0x0000,0x0000,0x0000,
    0x7309,0x7309,0x2965,0x2965,0x2965,0x2965,0x2965,0x2965,0x18e3,0x18e3,0x10a2,0x10a2,0x0000,0x0000,0x0000,0x0000,
    0x0000,0x0000,0x0000,0x0000,0x0000,0x0000,0x0000,0x0000,0x0000,0x0000,0x0000,0x0000,0x0000,0x0000,0x0000,0x0000,
    0x2965,0x2965,0xbc0a,0xbc0a,0xbc0a,0xbc0a,0xbc0a,0xbc0a,0xbc0a,0xbc0a,0xbc0a,0xbc0a,0xbc0a,0xbc0a,0x61e5,0x61e5,
    0x0861,0x0861,0x10c3,0x10c3,0x10c3,0x10c3,0x10a2,0x10a2,0x10c3,0x10c3,0x10c3,0x10c3,0x18e3,0x18e3,0x0000,0x0000,
    0x0000,0x0000,0x0000,0x0000,0x0000,0x0000,0x0000,0x0000,0x0000,0x0000,0x0000,0x0000,0x0000,0x0000,0x0000,0x0000,
    0x0000,0x0000,0x0000,0x0000,0x0000,0x0000,0x0000,0x0000,0x2965,0x2965,0x2965,0x2965,0x2965,0x2965,0x18e3,0x18e3,
    0x10a2,0x10a2,0x0000,0x0000,0x0000,0x0000,0x0000,0x0000,0x0000,0x0000,0x0000,0x0000,0x0000,0x0000,0x0000,0x0000,
    0x0000,0x0000,0x0000,0x0000,0x0000,0x0000,0x2965,0x2965,0xbc0a,0xbc0a,0xbc0a,0xbc0a,0xbc0a,0xbc0a,0xbc0a,0xbc0a,
    0xbc0a,0xbc0a,0xbc0a,0xbc0a,0x61e5,0x61e5,0x0861,0x0861,0x10c3,0x10c3,0x10c3,0x10c3,0x10a2,0x10a2,0x10c3,0x10c3,
    0x10c3,0x10c3,0x18e3,0x18e3,0x0000,0x0000,0x0000,0x0000,0x0000,0x0000,0x0000,0x0000,0x0000,0x0000,0x0000,0x0000,
    0x0000,0x0000,0x0000,0x0000,0x0000,0x0000,0x0000,0x0000,0x0000,0x0000,0x0000,0x0000,0x0000,0x0000,0x2965,0x2965,
    0x0861,0x0861,0x10a2,0x10a2,0x0000,0x0000,0x0000,0x0000,0x0000,0x0000,0x0000,0x0000,0x0000,0x0000,0x0000,0x0000,
    0x0000,0x0000,0x0000,0x0000,0x0000,0x0000,0x0000,0x0000,0x0000,0x0000,0x0000,0x0000,0xad11,0xad11,0xf79d,0xf79d,
    0xde77,0xde77,0xeef6,0xeef6,0xf79d,0xf79d,0xd636,0xd636,0x39e7,0x39e7,0x10c3,0x10c3,0x18e3,0x18e3,0x2965,0x2965,
    0x5a88,0x5a88,0x73ae,0x73ae,0x73ae,0x73ae,0x83cc,0x83cc,0x4269,0x4269,0x18e3,0x18e3,0x0000,0x0000,0x0000,0x0000,
    0x0000,0x0000,0x0000,0x0000,0x0000,0x0000,0x0000,0x0000,0x0000,0x0000,0x0000,0x0000,0x0000,0x0000,0x0000,0x0000,
    0x0000,0x0000,0x0000,0x0000,0x2965,0x2965,0x0861,0x0861,0x10a2,0x10a2,0x0000,0x0000,0x0000,0x0000,0x0000,0x0000,
    0x0000,0x0000,0x0000,0x0000,0x0000,0x0000,0x0000,0x0000,0x0000,0x0000,0x0000,0x0000,0x0000,0x0000,0x0000,0x0000,
    0x0000,0x0000,0xad11,0xad11,0xf79d,0xf79d,0xde77,0xde77,0xeef6,0xeef6,0xf79d,0xf79d,0xd636,0xd636,0x39e7,0x39e7,
    0x10c3,0x10c3,0x18e3,0x18e3,0x2965,0x2965,0x5a88,0x5a88,0x73ae,0x73ae,0x73ae,0x73ae,0x83cc,0x83cc,0x4269,0x4269,
    0x18e3,0x18e3,0x0000,0x0000,0x0000,0x0000,0x0000,0x0000,0x0000,0x0000,0x0000,0x0000,0x0000,0x0000,0x0000,0x0000,
    0x0000,0x0000,0x0000,0x0000,0x0000,0x0000,0x0000,0x0000,0x0000,0x0000,0x10c3,0x10c3,0x0000,0x0000,0x0000,0x0000,
    0x0000,0x0000,0x0000,0x0000,0x0000,0x0000,0x0000,0x0000,0x0000,0x0000,0x0000,0x0000,0x0000,0x0000,0x0000,0x0000,
    0x0000,0x0000,0x0000,0x0000,0x0000,0x0000,0x736c,0x736c,0xeef6,0xeef6,0x84f3,0x84f3,0x84f3,0x84f3,0xbdf5,0xbdf5,
    0xad11,0xad11,0x0000,0x0000,0x0000,0x0000,0x0000,0x0000,0x10a2,0x10a2,0x10c3,0x10c3,0x39e7,0x39e7,0x52aa,0x52aa,
    0x5aca,0x5aca,0x5a88,0x5a88,0x2965,0x2965,0x10c3,0x10c3,0x0000,0x0000,0x0000,0x0000,0x0000,0x0000,0x0000,0x0000,
    0x0000,0x0000,0x0000,0x0000,0x0000,0x0000,0x0000,0x0000,0x0000,0x0000,0x0000,0x0000,0x0000,0x0000,0x0000,0x0000,
    0x10c3,0x10c3,0x0000,0x0000,0x0000,0x0000,0x0000,0x0000,0x0000,0x0000,0x0000,0x0000,0x0000,0x0000,0x0000,0x0000,
    0x0000,0x0000,0x0000,0x0000,0x0000,0x0000,0x0000,0x0000,0x0000,0x0000,0x0000,0x0000,0x736c,0x736c,0xeef6,0xeef6,
    0x84f3,0x84f3,0x84f3,0x84f3,0xbdf5,0xbdf5,0xad11,0xad11,0x0000,0x0000,0x0000,0x0000,0x0000,0x0000,0x10a2,0x10a2,
    0x10c3,0x10c3,0x39e7,0x39e7,0x52aa,0x52aa,0x5aca,0x5aca,0x5a88,0x5a88,0x2965,0x2965,0x10c3,0x10c3,0x0000,0x0000,
    0x0000,0x0000,0x0000,0x0000,0x0000,0x0000,0x0000,0x0000,0x0000,0x0000,0x0000,0x0000,0x0000,0x0000,0x0000,0x0000,
    0x0000,0x0000,0x0000,0x0000,0x0000,0x0000,0x0000,0x0000,0x0000,0x0000,0x0000,0x0000,0x0000,0x0000,0x0000,0x0000,
    0x0000,0x0000,0x0000,0x0000,0x0000,0x0000,0x0000,0x0000,0x0000,0x0000,0x0000,0x0000,0x0000,0x0000,0x0000,0x0000,
    0x0000,0x0000,0xde77,0xde77,0xbdf5,0xbdf5,0x636d,0x636d,0x636d,0x636d,0x636d,0x636d,0x0000,0x0000,0x0000,0x0000,
    0x0000,0x0000,0x0000,0x0000,0x0000,0x0000,0x0000,0x0000,0x0000,0x0000,0x0000,0x0000,0x0000,0x0000,0x0000,0x0000,
    0x0000,0x0000,0x0000,0x0000,0x0000,0x0000,0x0000,0x0000,0x0000,0x0000,0x0000,0x0000,0x0000,0x0000,0x0000,0x0000,
    0x0000,0x0000,0x0000,0x0000,0x0000,0x0000,0x0000,0x0000,0x0000,0x0000,0x0000,0x0000,0x0000,0x0000,0x0000,0x0000,
    0x0000,0x0000,0x0000,0x0000,0x0000,0x0000,0x0000,0x0000,0x0000,0x0000,0x0000,0x0000,0x0000,0x0000,0x0000,0x0000,
    0x0000,0x0000,0x0000,0x0000,0x0000,0x0000,0x0000,0x0000,0xde77,0xde77,0xbdf5,0xbdf5,0x636d,0x636d,0x636d,0x636d,
    0x636d,0x636d,0x0000,0x0000,0x0000,0x0000,0x0000,0x0000,0x0000,0x0000,0x0000,0x0000,0x0000,0x0000,0x0000,0x0000,
    0x0000,0x0000,0x0000,0x0000,0x0000,0x0000,0x0000,0x0000,0x0000,0x0000,0x0000,0x0000,0x0000,0x0000,0x0000,0x0000,
    0x0000,0x0000,0x0000,0x0000,0x0000,0x0000,0x0000,0x0000,0x0000,0x0000,0x0000,0x0000,0x0000,0x0000,0x0000,0x0000,
    0x0000,0x0000,0x0000,0x0000,0x0000,0x0000,0x0000,0x0000,0x0000,0x0000,0x0000,0x0000,0x0000,0x0000,0x0000,0x0000,
    0x0000,0x0000,0x0000,0x0000,0x0000,0x0000,0x0000,0x0000,0x0000,0x0000,0x0000,0x0000,0x736c,0x736c,0x84f3,0x84f3,
    0x636d,0x636d,0x636d,0x636d,0x4269,0x4269,0x10a2,0x10a2,0x0000,0x0000,0x0000,0x0000,0x0000,0x0000,0x0000,0x0000,
    0x0000,0x0000,0x0000,0x0000,0x0000,0x0000,0x0000,0x0000,0x0000,0x0000,0x0000,0x0000,0x0000,0x0000,0x0000,0x0000,
    0x0000,0x0000,0x0000,0x0000,0x0000,0x0000,0x0000,0x0000,0x0000,0x0000,0x0000,0x0000,0x0000,0x0000,0x0000,0x0000,
    0x0000,0x0000,0x0000,0x0000,0x0000,0x0000,0x0000,0x0000,0x0000,0x0000,0x0000,0x0000,0x0000,0x0000,0x0000,0x0000,
    0x0000,0x0000,0x0000,0x0000,0x0000,0x0000,0x0000,0x0000,0x0000,0x0000,0x0000,0x0000,0x0000,0x0000,0x0000,0x0000,
    0x0000,0x0000,0x736c,0x736c,0x84f3,0x84f3,0x636d,0x636d,0x636d,0x636d,0x4269,0x4269,0x10a2,0x10a2,0x0000,0x0000,
    0x0000,0x0000,0x0000,0x0000,0x0000,0x0000,0x0000,0x0000,0x0000,0x0000,0x0000,0x0000,0x0000,0x0000,0x0000,0x0000,
    0x0000,0x0000,0x0000,0x0000,0x0000,0x0000,0x0000,0x0000,0x0000,0x0000,0x0000,0x0000,0x0000,0x0000,0x0000,0x0000,
    0x0000,0x0000,0x0000,0x0000,0x0000,0x0000,0x0000,0x0000,0x0000,0x0000,0x0000,0x0000,0x0000,0x0000,0x0000,0x0000,
    0x0000,0x0000,0x0000,0x0000,0x0000,0x0000,0x0000,0x0000,0x0000,0x0000,0x0000,0x0000,0x0000,0x0000,0x0000,0x0000,
    0x0000,0x0000,0x0000,0x0000,0x0000,0x0000,0x2965,0x2965,0x39e7,0x39e7,0x2145,0x2145,0x61e5,0x61e5,0x3964,0x3964,
    0x0000,0x0000,0x0000,0x0000,0x0000,0x0000,0x0000,0x0000,0x0000,0x0000,0x0000,0x0000,0x0000,0x0000,0x0000,0x0000,
    0x0000,0x0000,0x0000,0x0000,0x0000,0x0000,0x0000,0x0000,0x0000,0x0000,0x0000,0x0000,0x0000,0x0000,0x0000,0x0000,
    0x0000,0x0000,0x0000,0x0000,0x0000,0x0000,0x0000,0x0000,0x0000,0x0000,0x0000,0x0000,0x0000,0x0000,0x0000,0x0000,
    0x0000,0x0000,0x0000,0x0000,0x0000,0x0000,0x0000,0x0000,0x0000,0x0000,0x0000,0x0000,0x0000,0x0000,0x0000,0x0000,
    0x0000,0x0000,0x0000,0x0000,0x0000,0x0000,0x0000,0x0000,0x0000,0x0000,0x0000,0x0000,0x2965,0x2965,0x39e7,0x39e7,
    0x2145,0x2145,0x61e5,0x61e5,0x3964,0x3964,0x0000,0x0000,0x0000,0x0000,0x0000,0x0000,0x0000,0x0000,0x0000,0x0000,
    0x0000,0x0000,0x0000,0x0000,0x0000,0x0000,0x0000,0x0000,0x0000,0x0000,0x0000,0x0000,0x0000,0x0000,0x0000,0x0000,
    0x0000,0x0000,0x0000,0x0000,0x0000,0x0000,0x0000,0x0000,0x0000,0x0000,0x0000,0x0000,0x0000,0x0000,0x0000,0x0000,
    0x0000,0x0000,0x0000,0x0000,0x0000,0x0000,0x0000,0x0000,0x0000,0x0000,
};
const wayfarer_sprite_t wayfarer_courier = {86, 39, pixels_courier};
static const uint16_t pixels_tanker[4028] = {
    0x0000,0x0000,0x0000,0x0000,0x0000,0x0000,0x0000,0x0000,0x0000,0x0000,0x0000,0x0000,0x0000,0x0000,0x0000,0x0000,
    0x0000,0x0000,0x0000,0x0000,0x0000,0x0000,0x0000,0x0000,0x0000,0x0000,0x0000,0x0000,0x0000,0x0000,0x0000,0x0000,
    0x0000,0x0000,0x0000,0x0000,0x0000,0x0000,0x0000,0x0000,0x0000,0x0000,0x0000,0x0000,0x0000,0x0000,0x0000,0x0000,
    0x0000,0x0000,0x0000,0x0000,0x0000,0x0000,0x0000,0x0000,0x0000,0x0000,0x0000,0x0000,0x0000,0x0000,0x0000,0x0000,
    0x0000,0x0000,0x0000,0x0000,0x0000,0x0000,0x0000,0x0000,0x0000,0x0000,0x0000,0x0000,0x0000,0x0000,0x0000,0x0000,
    0x0000,0x0000,0x0000,0x0000,0xab25,0xab25,0x0000,0x0000,0x0000,0x0000,0x0000,0x0000,0x0000,0x0000,0x0000,0x0000,
    0x0000,0x0000,0x0000,0x0000,0x0000,0x0000,0x0000,0x0000,0x0000,0x0000,0x0000,0x0000,0x0000,0x0000,0x0000,0x0000,
    0x0000,0x0000,0x0000,0x0000,0x0000,0x0000,0x0000,0x0000,0x0000,0x0000,0x0000,0x0000,0x0000,0x0000,0x0000,0x0000,
    0x0000,0x0000,0x0000,0x0000,0x0000,0x0000,0x0000,0x0000,0x0000,0x0000,0x0000,0x0000,0x0000,0x0000,0x0000,0x0000,
    0x0000,0x0000,0x0000,0x0000,0x0000,0x0000,0x0000,0x0000,0x0000,0x0000,0x0000,0x0000,0x0000,0x0000,0x0000,0x0000,
    0x0000,0x0000,0x0000,0x0000,0x0000,0x0000,0x0000,0x0000,0x0000,0x0000,0x0000,0x0000,0x0000,0x0000,0x0000,0x0000,
    0x0000,0x0000,0x0000,0x0000,0x0000,0x0000,0x0000,0x0000,0x0000,0x0000,0x0000,0x0000,0x0000,0x0000,0xab25,0xab25,
    0x0000,0x0000,0x0000,0x0000,0x0000,0x0000,0x0000,0x0000,0x0000,0x0000,0x0000,0x0000,0x0000,0x0000,0x0000,0x0000,
    0x0000,0x0000,0x0000,0x0000,0x0000,0x0000,0x0000,0x0000,0x0000,0x0000,0x0000,0x0000,0x0000,0x0000,0x0000,0x0000,
    0x0000,0x0000,0x0000,0x0000,0x0000,0x0000,0x0000,0x0000,0x0000,0x0000,0x0000,0x0000,0x0000,0x0000,0x0000,0x0000,
    0x0000,0x0000,0x0000,0x0000,0x0000,0x0000,0x0000,0x0000,0x0000,0x0000,0x0000,0x0000,0x0000,0x0000,0x0000,0x0000,
    0x0000,0x0000,0x0000,0x0000,0x0000,0x0000,0x0000,0x0000,0x0000,0x0000,0x0000,0x0000,0x0000,0x0000,0x0000,0x0000,
    0x0000,0x0000,0x0000,0x0000,0x0000,0x0000,0x0000,0x0000,0x0000,0x0000,0x0000,0x0000,0x0000,0x0000,0x0000,0x0000,
    0x0000,0x0000,0x0000,0x0000,0x0000,0x0000,0x0000,0x0000,0x28e3,0x28e3,0x0000,0x0000,0x0000,0x0000,0x0000,0x0000,
    0x0000,0x0000,0x0000,0x0000,0x0000,0x0000,0x0000,0x0000,0x0000,0x0000,0x0000,0x0000,0x0000,0x0000,0x0000,0x0000,
    0x0000,0x0000,0x0000,0x0000,0x0000,0x0000,0x0000,0x0000,0x0000,0x0000,0x0000,0x0000,0x0000,0x0000,0x0000,0x0000,
    0x0000,0x0000,0x0000,0x0000,0x0000,0x0000,0x0000,0x0000,0x0000,0x0000,0x0000,0x0000,0x0000,0x0000,0x0000,0x0000,
    0x0000,0x0000,0x0000,0x0000,0x0000,0x0000,0x0000,0x0000,0x0000,0x0000,0x0000,0x0000,0x0000,0x0000,0x0000,0x0000,
    0x0000,0x0000,0x0000,0x0000,0x0000,0x0000,0x0000,0x0000,0x0000,0x0000,0x0000,0x0000,0x0000,0x0000,0x0000,0x0000,
    0x0000,0x0000,0x0000,0x0000,0x0000,0x0000,0x0000,0x0000,0x0000,0x0000,0x0000,0x0000,0x0000,0x0000,0x0000,0x0000,
    0x0000,0x0000,0x28e3,0x28e3,0x0000,0x0000,0x0000,0x0000,0x0000,0x0000,0x0000,0x0000,0x0000,0x0000,0x0000,0x0000,
    0x0000,0x0000,0x0000,0x0000,0x0000,0x0000,0x0000,0x0000,0x0000,0x0000,0x0000,0x0000,0x0000,0x0000,0x0000,0x0000,
    0x0000,0x0000,0x0000,0x0000,0x0000,0x0000,0x0000,0x0000,0x0000,0x0000,0x0000,0x0000,0x0000,0x0000,0x0000,0x0000,
    0x0000,0x0000,0x0000,0x0000,0x0000,0x0000,0x0000,0x0000,0x0000,0x0000,0x0000,0x0000,0x0000,0x0000,0x0000,0x0000,
    0x0000,0x0000,0x8a23,0x8a23,0x0000,0x0000,0x0000,0x0000,0x0000,0x0000,0x0000,0x0000,0x0000,0x0000,0x0000,0x0000,
    0x0000,0x0000,0x0000,0x0000,0x0000,0x0000,0x0000,0x0000,0x0000,0x0000,0x0000,0x0000,0x0000,0x0000,0x0000,0x0000,
    0x0000,0x0000,0x0000,0x0000,0x0000,0x0000,0x0000,0x0000,0x0000,0x0000,0x0000,0x0000,0x10a2,0x10a2,0x0000,0x0000,
    0x0000,0x0000,0x0000,0x0000,0x0000,0x0000,0x0000,0x0000,0x0000,0x0000,0x0000,0x0000,0x0000,0x0000,0x0000,0x0000,
    0x0000,0x0000,0x0000,0x0000,0x0000,0x0000,0x0000,0x0000,0x0000,0x0000,0x0000,0x0000,0x0000,0x0000,0x0000,0x0000,
    0x0000,0x0000,0x0000,0x0000,0x0000,0x0000,0x0000,0x0000,0x0000,0x0000,0x0000,0x0000,0x0000,0x0000,0x0000,0x0000,
    0x0000,0x0000,0x0000,0x0000,0x0000,0x0000,0x0000,0x0000,0x0000,0x0000,0x0000,0x0000,0x8a23,0x8a23,0x0000,0x0000,
    0x0000,0x0000,0x0000,0x0000,0x0000,0x0000,0x0000,0x0000,0x0000,0x0000,0x0000,0x0000,0x0000,0x0000,0x0000,0x0000,
    0x0000,0x0000,0x0000,0x0000,0x0000,0x0000,0x0000,0x0000,0x0000,0x0000,0x0000,0x0000,0x0000,0x0000,0x0000,0x0000,
    0x0000,0x0000,0x0000,0x0000,0x0000,0x0000,0x10a2,0x10a2,0x0000,0x0000,0x0000,0x0000,0x0000,0x0000,0x0000,0x0000,
    0x0000,0x0000,0x0000,0x0000,0x0000,0x0000,0x0000,0x0000,0x0000,0x0000,0x0000,0x0000,0x0000,0x0000,0x0000,0x0000,
    0x0000,0x0000,0x0000,0x0000,0x0000,0x0000,0x0000,0x0000,0x0000,0x0000,0x0000,0x0000,0x0000,0x0000,0x0000,0x0000,
    0x0000,0x0000,0x0000,0x0000,0x0000,0x0000,0x0000,0x0000,0x0000,0x0000,0x0000,0x0000,0x0000,0x0000,0x0000,0x0000,
    0x0000,0x0000,0x0000,0x0000,0x0000,0x0000,0x29a6,0x29a6,0x0000,0x0000,0x0000,0x0000,0x0000,0x0000,0x0000,0x0000,
    0x0000,0x0000,0x0000,0x0000,0x0000,0x0000,0x0000,0x0000,0x0000,0x0000,0x0000,0x0000,0x0000,0x0000,0x0000,0x0000,
    0x0000,0x0000,0x0000,0x0000,0x0000,0x0000,0x0000,0x0000,0x0000,0x0000,0x0000,0x0000,0x0000,0x0000,0x0000,0x0000,
    0x10a2,0x10a2,0x0000,0x0000,0x0000,0x0000,0x0000,0x0000,0x0000,0x0000,0x0000,0x0000,0x0000,0x0000,0x0000,0x0000,
    0x0000,0x0000,0x0000,0x0000,0x0000,0x0000,0x0000,0x0000,0x0000,0x0000,0x0000,0x0000,0x0000,0x0000,0x0000,0x0000,
    0x0000,0x0000,0x0000,0x0000,0x0000,0x0000,0x0000,0x0000,0x0000,0x0000,0x0000,0x0000,0x0000,0x0000,0x0000,0x0000,
    0x0000,0x0000,0x0000,0x0000,0x0000,0x0000,0x0000,0x0000,0x0000,0x0000,0x0000,0x0000,0x0000,0x0000,0x0000,0x0000,
    0x29a6,0x29a6,0x0000,0x0000,0x0000,0x0000,0x0000,0x0000,0x0000,0x0000,0x0000,0x0000,0x0000,0x0000,0x0000,0x0000,
    0x0000,0x0000,0x0000,0x0000,0x0000,0x0000,0x0000,0x0000,0x0000,0x0000,0x0000,0x0000,0x0000,0x0000,0x0000,0x0000,
    0x0000,0x0000,0x0000,0x0000,0x0000,0x0000,0x0000,0x0000,0x0000,0x0000,0x10a2,0x10a2,0x0000,0x0000,0x0000,0x0000,
    0x0000,0x0000,0x0000,0x0000,0x0000,0x0000,0x0000,0x0000,0x0000,0x0000,0x0000,0x0000,0x0000,0x0000,0x0000,0x0000,
    0x0000,0x0000,0x0000,0x0000,0x0000,0x0000,0x736c,0x736c,0x9c90,0x9c90,0x944f,0x944f,0xb553,0xb553,0x9c90,0x9c90,
    0x9c90,0x9c90,0x2965,0x2965,0x29a6,0x29a6,0x29a6,0x29a6,0x0000,0x0000,0x0000,0x0000,0x0000,0x0000,0x0000,0x0000,
    0x29a6,0x29a6,0x2965,0x2965,0x2965,0x2965,0x2965,0x2965,0x2965,0x2965,0x3a07,0x3a07,0x10a2,0x10a2,0x0000,0x0000,
    0x29a6,0x29a6,0x2944,0x2944,0x2965,0x2965,0x2944,0x2944,0x29a6,0x29a6,0x29a6,0x29a6,0x2124,0x2124,0x2124,0x2124,
    0x3a07,0x3a07,0x29a6,0x29a6,0x3a07,0x3a07,0x29a6,0x29a6,0x2965,0x2965,0x0000,0x0000,0x0000,0x0000,0x0000,0x0000,
    0x0000,0x0000,0x0000,0x0000,0x2124,0x2124,0x1081,0x1081,0x0000,0x0000,0x0000,0x0000,0x0000,0x0000,0x0000,0x0000,
    0x0000,0x0000,0x0000,0x0000,0x0000,0x0000,0x0000,0x0000,0x0000,0x0000,0x0000,0x0000,0x0000,0x0000,0x0000,0x0000,
    0x736c,0x736c,0x9c90,0x9c90,0x944f,0x944f,0xb553,0xb553,0x9c90,0x9c90,0x9c90,0x9c90,0x2965,0x2965,0x29a6,0x29a6,
    0x29a6,0x29a6,0x0000,0x0000,0x0000,0x0000,0x0000,0x0000,0x0000,0x0000,0x29a6,0x29a6,0x2965,0x2965,0x2965,0x2965,
    0x2965,0x2965,0x2965,0x2965,0x3a07,0x3a07,0x10a2,0x10a2,0x0000,0x0000,0x29a6,0x29a6,0x2944,0x2944,0x2965,0x2965,
    0x2944,0x2944,0x29a6,0x29a6,0x29a6,0x29a6,0x2124,0x2124,0x2124,0x2124,0x3a07,0x3a07,0x29a6,0x29a6,0x3a07,0x3a07,
    0x29a6,0x29a6,0x2965,0x2965,0x0000,0x0000,0x0000,0x0000,0x0000,0x0000,0x0000,0x0000,0x0000,0x0000,0x2124,0x2124,
    0x1081,0x1081,0x0000,0x0000,0x0000,0x0000,0x0000,0x0000,0x0000,0x0000,0x0000,0x0000,0x0000,0x0000,0x0000,0x0000,
    0x0000,0x0000,0x0000,0x0000,0x3144,0x3144,0x3a07,0x3a07,0x3a07,0x3a07,0x7bce,0x7bce,0xb553,0xb553,0xb553,0xb553,
    0xbd94,0xbd94,0xb553,0xb553,0xad11,0xad11,0x3a07,0x3a07,0x62ea,0x62ea,0x62ea,0x62ea,0x2944,0x2944,0x7bce,0x7bce,
    0x9c90,0x9c90,0x8a23,0x8a23,0x944f,0x944f,0x9c90,0x9c90,0x9c90,0x9c90,0x9c90,0x9c90,0x4a69,0x4a69,0x10a2,0x10a2,
    0x59c4,0x59c4,0x3144,0x3144,0x62ea,0x62ea,0x9c90,0x9c90,0x944f,0x944f,0x9c90,0x9c90,0x944f,0x944f,0x8a23,0x8a23,
    0x944f,0x944f,0x7bce,0x7bce,0x2124,0x2124,0x3144,0x3144,0x4923,0x4923,0x2965,0x2965,0x944f,0x944f,0x9c90,0x9c90,
    0xad11,0xad11,0xad11,0xad11,0x8a23,0x8a23,0x2965,0x2965,0x3a07,0x3a07,0x9c90,0x9c90,0x9c90,0x9c90,0x944f,0x944f,
    0xad11,0xad11,0xbd94,0xbd94,0x944f,0x944f,0x0000,0x0000,0x0000,0x0000,0x0000,0x0000,0x0000,0x0000,0x3144,0x3144,
    0x3a07,0x3a07,0x3a07,0x3a07,0x7bce,0x7bce,0xb553,0xb553,0xb553,0xb553,0xbd94,0xbd94,0xb553,0xb553,0xad11,0xad11,
    0x3a07,0x3a07,0x62ea,0x62ea,0x62ea,0x62ea,0x2944,0x2944,0x7bce,0x7bce,0x9c90,0x9c90,0x8a23,0x8a23,0x944f,0x944f,
    0x9c90,0x9c90,0x9c90,0x9c90,0x9c90,0x9c90,0x4a69,0x4a69,0x10a2,0x10a2,0x59c4,0x59c4,0x3144,0x3144,0x62ea,0x62ea,
    0x9c90,0x9c90,0x944f,0x944f,0x9c90,0x9c90,0x944f,0x944f,0x8a23,0x8a23,0x944f,0x944f,0x7bce,0x7bce,0x2124,0x2124,
    0x3144,0x3144,0x4923,0x4923,0x2965,0x2965,0x944f,0x944f,0x9c90,0x9c90,0xad11,0xad11,0xad11,0xad11,0x8a23,0x8a23,
    0x2965,0x2965,0x3a07,0x3a07,0x9c90,0x9c90,0x9c90,0x9c90,0x944f,0x944f,0xad11,0xad11,0xbd94,0xbd94,0x944f,0x944f,
    0x0000,0x0000,0x0000,0x0000,0x0000,0x0000,0x0000,0x0000,0x4a69,0x4a69,0x29a6,0x29a6,0x3a07,0x3a07,0x3a07,0x3a07,
    0x736c,0x736c,0x736c,0x736c,0x736c,0x736c,0x736c,0x736c,0x62ea,0x62ea,0x2965,0x2965,0x4a69,0x4a69,0x2965,0x2965,
    0xbd94,0xbd94,0xff9b,0xff9b,0xe6b8,0xe6b8,0xccac,0xccac,0xe6b8,0xe6b8,0xff9b,0xff9b,0xff9b,0xff9b,0xff9b,0xff9b,
    0xde55,0xde55,0x52aa,0x52aa,0x30c1,0x30c1,0x62ea,0x62ea,0xff9b,0xff9b,0xff9b,0xff9b,0xff9b,0xff9b,0xff9b,0xff9b,
    0xde55,0xde55,0xccac,0xccac,0xff9b,0xff9b,0xff9b,0xff9b,0x7bce,0x7bce,0x28e3,0x28e3,0x59c4,0x59c4,0xc5f5,0xc5f5,
    0xff9b,0xff9b,0xff9b,0xff9b,0xff9b,0xff9b,0xff9b,0xff9b,0xab25,0xab25,0x52aa,0x52aa,0x944f,0x944f,0xff9b,0xff9b,
    0xe6b8,0xe6b8,0xff9b,0xff9b,0xe6b8,0xe6b8,0x736c,0x736c,0x7bce,0x7bce,0x52aa,0x52aa,0x0000,0x0000,0x0000,0x0000,
    0x0000,0x0000,0x4a69,0x4a69,0x29a6,0x29a6,0x3a07,0x3a07,0x3a07,0x3a07,0x736c,0x736c,0x736c,0x736c,0x736c,0x736c,
    0x736c,0x736c,0x62ea,0x62ea,0x2965,0x2965,0x4a69,0x4a69,0x2965,0x2965,0xbd94,0xbd94,0xff9b,0xff9b,0xe6b8,0xe6b8,
    0xccac,0xccac,0xe6b8,0xe6b8,0xff9b,0xff9b,0xff9b,0xff9b,0xff9b,0xff9b,0xde55,0xde55,0x52aa,0x52aa,0x30c1,0x30c1,
    0x62ea,0x62ea,0xff9b,0xff9b,0xff9b,0xff9b,0xff9b,0xff9b,0xff9b,0xff9b,0xde55,0xde55,0xccac,0xccac,0xff9b,0xff9b,
    0xff9b,0xff9b,0x7bce,0x7bce,0x28e3,0x28e3,0x59c4,0x59c4,0xc5f5,0xc5f5,0xff9b,0xff9b,0xff9b,0xff9b,0xff9b,0xff9b,
    0xff9b,0xff9b,0xab25,0xab25,0x52aa,0x52aa,0x944f,0x944f,0xff9b,0xff9b,0xe6b8,0xe6b8,0xff9b,0xff9b,0xe6b8,0xe6b8,
    0x736c,0x736c,0x7bce,0x7bce,0x52aa,0x52aa,0x0000,0x0000,0x0000,0x0000,0x0000,0x0000,0x3144,0x3144,0x18e3,0x18e3,
    0x29a6,0x29a6,0x39a6,0x39a6,0x2124,0x2124,0x2124,0x2124,0x2965,0x2965,0x2124,0x2124,0x18e3,0x18e3,0x3a07,0x3a07,
    0x29a6,0x29a6,0x7bce,0x7bce,0xff9b,0xff9b,0xe6b8,0xe6b8,0xcd93,0xcd93,0xccac,0xccac,0xde55,0xde55,0xe6b8,0xe6b8,
    0xe6b8,0xe6b8,0xe6b8,0xe6b8,0xbd94,0xbd94,0x9c90,0x9c90,0x29a6,0x29a6,0xbd94,0xbd94,0xe6b8,0xe6b8,0xe6b8,0xe6b8,
    0xe6b8,0xe6b8,0xe6b8,0xe6b8,0xcd93,0xcd93,0xab25,0xab25,0xde55,0xde55,0xc5f5,0xc5f5,0xc5f5,0xc5f5,0x4a69,0x4a69,
    0x944f,0x944f,0xde55,0xde55,0xe6b8,0xe6b8,0xe6b8,0xe6b8,0xe6b8,0xe6b8,0xde55,0xde55,0x6a46,0x6a46,0x3a07,0x3a07,
    0x736c,0x736c,0xe6b8,0xe6b8,0xc5f5,0xc5f5,0xcd93,0xcd93,0xde55,0xde55,0x7bce,0x7bce,0x4a69,0x4a69,0x2124,0x2124,
    0x4a69,0x4a69,0x0000,0x0000,0x0000,0x0000,0x3144,0x3144,0x18e3,0x18e3,0x29a6,0x29a6,0x39a6,0x39a6,0x2124,0x2124,
    0x2124,0x2124,0x2965,0x2965,0x2124,0x2124,0x18e3,0x18e3,0x3a07,0x3a07,0x29a6,0x29a6,0x7bce,0x7bce,0xff9b,0xff9b,
    0xe6b8,0xe6b8,0xcd93,0xcd93,0xccac,0xccac,0xde55,0xde55,0xe6b8,0xe6b8,0xe6b8,0xe6b8,0xe6b8,0xe6b8,0xbd94,0xbd94,
    0x9c90,0x9c90,0x29a6,0x29a6,0xbd94,0xbd94,0xe6b8,0xe6b8,0xe6b8,0xe6b8,0xe6b8,0xe6b8,0xe6b8,0xe6b8,0xcd93,0xcd93,
    0xab25,0xab25,0xde55,0xde55,0xc5f5,0xc5f5,0xc5f5,0xc5f5,0x4a69,0x4a69,0x944f,0x944f,0xde55,0xde55,0xe6b8,0xe6b8,
    0xe6b8,0xe6b8,0xe6b8,0xe6b8,0xde55,0xde55,0x6a46,0x6a46,0x3a07,0x3a07,0x736c,0x736c,0xe6b8,0xe6b8,0xc5f5,0xc5f5,
    0xcd93,0xcd93,0xde55,0xde55,0x7bce,0x7bce,0x4a69,0x4a69,0x2124,0x2124,0x4a69,0x4a69,0x0000,0x0000,0x0000,0x0000,
    0x18e3,0x18e3,0x18e3,0x18e3,0x28e3,0x28e3,0x39a6,0x39a6,0x29a6,0x29a6,0x39a6,0x39a6,0x39a6,0x39a6,0x29a6,0x29a6,
    0x39a6,0x39a6,0x39a6,0x39a6,0x2944,0x2944,0x9c90,0x9c90,0xde55,0xde55,0xc5f5,0xc5f5,0xccac,0xccac,0xab25,0xab25,
    0xcd93,0xcd93,0xc5f5,0xc5f5,0xc5f5,0xc5f5,0xc5f5,0xc5f5,0x9c90,0x9c90,0x736c,0x736c,0x4a69,0x4a69,0x9c90,0x9c90,
    0xbd94,0xbd94,0xde55,0xde55,0xc5f5,0xc5f5,0xc5f5,0xc5f5,0xccac,0xccac,0xab25,0xab25,0xcd93,0xcd93,0xb553,0xb553,
    0x944f,0x944f,0x4a69,0x4a69,0x7bce,0x7bce,0xb553,0xb553,0xde55,0xde55,0xad11,0xad11,0xbd94,0xbd94,0xcd93,0xcd93,
    0x59c4,0x59c4,0x2965,0x2965,0x4a69,0x4a69,0xc5f5,0xc5f5,0xb553,0xb553,0xad11,0xad11,0xbd94,0xbd94,0xe6b8,0xe6b8,
    0xe6b8,0xe6b8,0xbd94,0xbd94,0x7bce,0x7bce,0x9c90,0x9c90,0x0000,0x0000,0x18e3,0x18e3,0x18e3,0x18e3,0x28e3,0x28e3,
    0x39a6,0x39a6,0x29a6,0x29a6,0x39a6,0x39a6,0x39a6,0x39a6,0x29a6,0x29a6,0x39a6,0x39a6,0x39a6,0x39a6,0x2944,0x2944,
    0x9c90,0x9c90,0xde55,0xde55,0xc5f5,0xc5f5,0xccac,0xccac,0xab25,0xab25,0xcd93,0xcd93,0xc5f5,0xc5f5,0xc5f5,0xc5f5,
    0xc5f5,0xc5f5,0x9c90,0x9c90,0x736c,0x736c,0x4a69,0x4a69,0x9c90,0x9c90,0xbd94,0xbd94,0xde55,0xde55,0xc5f5,0xc5f5,
    0xc5f5,0xc5f5,0xccac,0xccac,0xab25,0xab25,0xcd93,0xcd93,0xb553,0xb553,0x944f,0x944f,0x4a69,0x4a69,0x7bce,0x7bce,
    0xb553,0xb553,0xde55,0xde55,0xad11,0xad11,0xbd94,0xbd94,0xcd93,0xcd93,0x59c4,0x59c4,0x2965,0x2965,0x4a69,0x4a69,
    0xc5f5,0xc5f5,0xb553,0xb553,0xad11,0xad11,0xbd94,0xbd94,0xe6b8,0xe6b8,0xe6b8,0xe6b8,0xbd94,0xbd94,0x7bce,0x7bce,
    0x9c90,0x9c90,0x0000,0x0000,0x1081,0x1081,0x1081,0x1081,0x1081,0x1081,0x7bce,0x7bce,0xde55,0xde55,0xc5f5,0xc5f5,
    0xde55,0xde55,0xde55,0xde55,0x944f,0x944f,0x29a6,0x29a6,0x18e3,0x18e3,0x944f,0x944f,0xcd93,0xcd93,0xbd94,0xbd94,
    0xccac,0xccac,0xab25,0xab25,0xcd93,0xcd93,0xbd94,0xbd94,0xbd94,0xbd94,0xbd94,0xbd94,0x944f,0x944f,0x52aa,0x52aa,
    0x2124,0x2124,0x944f,0x944f,0xbd94,0xbd94,0xbd94,0xbd94,0xb553,0xb553,0xb553,0xb553,0xccac,0xccac,0xab25,0xab25,
    0xcd93,0xcd93,0xad11,0xad11,0x7bce,0x7bce,0x2124,0x2124,0x52aa,0x52aa,0xad11,0xad11,0x9c90,0x9c90,0x736c,0x736c,
    0x944f,0x944f,0xad11,0xad11,0x59c4,0x59c4,0x2944,0x2944,0x52aa,0x52aa,0xb553,0xb553,0x9c90,0x9c90,0xad11,0xad11,
    0x944f,0x944f,0xad11,0xad11,0xbd94,0xbd94,0xde55,0xde55,0xde55,0xde55,0xb553,0xb553,0x52aa,0x52aa,0x1081,0x1081,
    0x1081,0x1081,0x1081,0x1081,0x7bce,0x7bce,0xde55,0xde55,0xc5f5,0xc5f5,0xde55,0xde55,0xde55,0xde55,0x944f,0x944f,
    0x29a6,0x29a6,0x18e3,0x18e3,0x944f,0x944f,0xcd93,0xcd93,0xbd94,0xbd94,0xccac,0xccac,0xab25,0xab25,0xcd93,0xcd93,
    0xbd94,0xbd94,0xbd94,0xbd94,0xbd94,0xbd94,0x944f,0x944f,0x52aa,0x52aa,0x2124,0x2124,0x944f,0x944f,0xbd94,0xbd94,
    0xbd94,0xbd94,0xb553,0xb553,0xb553,0xb553,0xccac,0xccac,0xab25,0xab25,0xcd93,0xcd93,0xad11,0xad11,0x7bce,0x7bce,
    0x2124,0x2124,0x52aa,0x52aa,0xad11,0xad11,0x9c90,0x9c90,0x736c,0x736c,0x944f,0x944f,0xad11,0xad11,0x59c4,0x59c4,
    0x2944,0x2944,0x52aa,0x52aa,0xb553,0xb553,0x9c90,0x9c90,0xad11,0xad11,0x944f,0x944f,0xad11,0xad11,0xbd94,0xbd94,
    0xde55,0xde55,0xde55,0xde55,0xb553,0xb553,0x52aa,0x52aa,0x39a6,0x39a6,0x3a07,0x3a07,0x18e3,0x18e3,0x736c,0x736c,
    0xbd94,0xbd94,0x944f,0x944f,0x944f,0x944f,0xbd94,0xbd94,0x736c,0x736c,0x2965,0x2965,0x10a2,0x10a2,0x7bce,0x7bce,
    0xcd93,0xcd93,0xbd94,0xbd94,0xccac,0xccac,0xab25,0xab25,0xad11,0xad11,0xc5f5,0xc5f5,0xbd94,0xbd94,0xbd94,0xbd94,
    0x944f,0x944f,0x4a69,0x4a69,0x18e3,0x18e3,0x7bce,0x7bce,0xbd94,0xbd94,0xb553,0xb553,0xad11,0xad11,0xbd94,0xbd94,
    0xccac,0xccac,0xab25,0xab25,0xccac,0xccac,0xad11,0xad11,0x736c,0x736c,0x2124,0x2124,0x4a69,0x4a69,0x9c90,0x9c90,
    0xbd94,0xbd94,0x944f,0x944f,0x9c90,0x9c90,0xcd93,0xcd93,0x59c4,0x59c4,0x2965,0x2965,0x52aa,0x52aa,0xbd94,0xbd94,
    0x9c90,0x9c90,0xad11,0xad11,0xbd94,0xbd94,0xbd94,0xbd94,0xb553,0xb553,0xbd94,0xbd94,0x944f,0x944f,0x2124,0x2124,
    0x29a6,0x29a6,0x39a6,0x39a6,0x3a07,0x3a07,0x18e3,0x18e3,0x736c,0x736c,0xbd94,0xbd94,0x944f,0x944f,0x944f,0x944f,
    0xbd94,0xbd94,0x736c,0x736c,0x2965,0x2965,0x10a2,0x10a2,0x7bce,0x7bce,0xcd93,0xcd93,0xbd94,0xbd94,0xccac,0xccac,
    0xab25,0xab25,0xad11,0xad11,0xc5f5,0xc5f5,0xbd94,0xbd94,0xbd94,0xbd94,0x944f,0x944f,0x4a69,0x4a69,0x18e3,0x18e3,
    0x7bce,0x7bce,0xbd94,0xbd94,0xb553,0xb553,0xad11,0xad11,0xbd94,0xbd94,0xccac,0xccac,0xab25,0xab25,0xccac,0xccac,
    0xad11,0xad11,0x736c,0x736c,0x2124,0x2124,0x4a69,0x4a69,0x9c90,0x9c90,0xbd94,0xbd94,0x944f,0x944f,0x9c90,0x9c90,
    0xcd93,0xcd93,0x59c4,0x59c4,0x2965,0x2965,0x52aa,0x52aa,0xbd94,0xbd94,0x9c90,0x9c90,0xad11,0xad11,0xbd94,0xbd94,
    0xbd94,0xbd94,0xb553,0xb553,0xbd94,0xbd94,0x944f,0x944f,0x2124,0x2124,0x29a6,0x29a6,0x3a07,0x3a07,0x29a6,0x29a6,
    0x2124,0x2124,0x62ea,0x62ea,0xb553,0xb553,0x62ea,0x62ea,0x62ea,0x62ea,0xbd94,0xbd94,0x62ea,0x62ea,0x18e3,0x18e3,
    0x10a2,0x10a2,0x62ea,0x62ea,0xad11,0xad11,0xb553,0xb553,0xccac,0xccac,0xab25,0xab25,0xad11,0xad11,0xb553,0xb553,
    0xb553,0xb553,0xb553,0xb553,0x7bce,0x7bce,0x3a07,0x3a07,0x10a2,0x10a2,0x736c,0x736c,0x9c90,0x9c90,0xbd94,0xbd94,
    0xb553,0xb553,0xb553,0xb553,0xccac,0xccac,0xab25,0xab25,0xcd93,0xcd93,0x9c90,0x9c90,0x52aa,0x52aa,0x10a2,0x10a2,
    0x3a07,0x3a07,0x944f,0x944f,0xb553,0xb553,0xb553,0xb553,0xb553,0xb553,0xccac,0xccac,0x4923,0x4923,0x2965,0x2965,
    0x4a69,0x4a69,0xb553,0xb553,0x9c90,0x9c90,0x944f,0x944f,0x9c90,0x9c90,0xad11,0xad11,0xad11,0xad11,0xb553,0xb553,
    0x62ea,0x62ea,0x2124,0x2124,0x18e3,0x18e3,0x3a07,0x3a07,0x29a6,0x29a6,0x2124,0x2124,0x62ea,0x62ea,0xb553,0xb553,
    0x62ea,0x62ea,0x62ea,0x62ea,0xbd94,0xbd94,0x62ea,0x62ea,0x18e3,0x18e3,0x10a2,0x10a2,0x62ea,0x62ea,0xad11,0xad11,
    0xb553,0xb553,0xccac,0xccac,0xab25,0xab25,0xad11,0xad11,0xb553,0xb553,0xb553,0xb553,0xb553,0xb553,0x7bce,0x7bce,
    0x3a07,0x3a07,0x10a2,0x10a2,0x736c,0x736c,0x9c90,0x9c90,0xbd94,0xbd94,0xb553,0xb553,0xb553,0xb553,0xccac,0xccac,
    0xab25,0xab25,0xcd93,0xcd93,0x9c90,0x9c90,0x52aa,0x52aa,0x10a2,0x10a2,0x3a07,0x3a07,0x944f,0x944f,0xb553,0xb553,
    0xb553,0xb553,0xb553,0xb553,0xccac,0xccac,0x4923,0x4923,0x2965,0x2965,0x4a69,0x4a69,0xb553,0xb553,0x9c90,0x9c90,
    0x944f,0x944f,0x9c90,0x9c90,0xad11,0xad11,0xad11,0xad11,0xb553,0xb553,0x62ea,0x62ea,0x2124,0x2124,0x18e3,0x18e3,
    0x3144,0x3144,0x2124,0x2124,0x10a2,0x10a2,0x736c,0x736c,0xb553,0xb553,0x736c,0x736c,0x736c,0x736c,0xb553,0xb553,
    0x62ea,0x62ea,0x18e3,0x18e3,0x18e3,0x18e3,0x2965,0x2965,0x62ea,0x62ea,0x7bce,0x7bce,0x736c,0x736c,0x8a23,0x8a23,
    0x736c,0x736c,0x7bce,0x7bce,0x7bce,0x7bce,0x7bce,0x7bce,0x62ea,0x62ea,0x29a6,0x29a6,0x0041,0x0041,0x3a07,0x3a07,
    0x7bce,0x7bce,0x7bce,0x7bce,0x7bce,0x7bce,0x7bce,0x7bce,0x736c,0x736c,0x8a23,0x8a23,0x736c,0x736c,0x736c,0x736c,
    0x3a07,0x3a07,0x10a2,0x10a2,0x2944,0x2944,0x62ea,0x62ea,0x7bce,0x7bce,0x7bce,0x7bce,0x7bce,0x7bce,0x736c,0x736c,
    0x4923,0x4923,0x18e3,0x18e3,0x29a6,0x29a6,0x7bce,0x7bce,0x736c,0x736c,0x62ea,0x62ea,0x736c,0x736c,0x3a07,0x3a07,
    0x3a07,0x3a07,0x29a6,0x29a6,0x18e3,0x18e3,0x10a2,0x10a2,0x0000,0x0000,0x3144,0x3144,0x2124,0x2124,0x10a2,0x10a2,
    0x736c,0x736c,0xb553,0xb553,0x736c,0x736c,0x736c,0x736c,0xb553,0xb553,0x62ea,0x62ea,0x18e3,0x18e3,0x18e3,0x18e3,
    0x2965,0x2965,0x62ea,0x62ea,0x7bce,0x7bce,0x736c,0x736c,0x8a23,0x8a23,0x736c,0x736c,0x7bce,0x7bce,0x7bce,0x7bce,
    0x7bce,0x7bce,0x62ea,0x62ea,0x29a6,0x29a6,0x0041,0x0041,0x3a07,0x3a07,0x7bce,0x7bce,0x7bce,0x7bce,0x7bce,0x7bce,
    0x7bce,0x7bce,0x736c,0x736c,0x8a23,0x8a23,0x736c,0x736c,0x736c,0x736c,0x3a07,0x3a07,0x10a2,0x10a2,0x2944,0x2944,
    0x62ea,0x62ea,0x7bce,0x7bce,0x7bce,0x7bce,0x7bce,0x7bce,0x736c,0x736c,0x4923,0x4923,0x18e3,0x18e3,0x29a6,0x29a6,
    0x7bce,0x7bce,0x736c,0x736c,0x62ea,0x62ea,0x736c,0x736c,0x3a07,0x3a07,0x3a07,0x3a07,0x29a6,0x29a6,0x18e3,0x18e3,
    0x10a2,0x10a2,0x0000,0x0000,0x18e3,0x18e3,0x18e3,0x18e3,0x1081,0x1081,0x62ea,0x62ea,0x9c90,0x9c90,0x944f,0x944f,
    0x944f,0x944f,0xad11,0xad11,0x62ea,0x62ea,0x10a2,0x10a2,0x2944,0x2944,0x3144,0x3144,0x59c4,0x59c4,0x59c4,0x59c4,
    0x4a69,0x4a69,0x4923,0x4923,0x4a69,0x4a69,0x52aa,0x52aa,0x4a69,0x4a69,0x52aa,0x52aa,0x29a6,0x29a6,0x10a2,0x10a2,
    0x3144,0x3144,0x4923,0x4923,0x29a6,0x29a6,0x4a69,0x4a69,0x52aa,0x52aa,0x4a69,0x4a69,0x39a6,0x39a6,0x4923,0x4923,
    0x4a69,0x4a69,0x4a69,0x4a69,0x18e3,0x18e3,0x18e3,0x18e3,0x10a2,0x10a2,0x2965,0x2965,0x59c4,0x59c4,0x39a6,0x39a6,
    0x4a69,0x4a69,0x52aa,0x52aa,0x28e3,0x28e3,0x30c1,0x30c1,0x3144,0x3144,0x7bce,0x7bce,0x736c,0x736c,0x52aa,0x52aa,
    0x29a6,0x29a6,0x4a69,0x4a69,0x29a6,0x29a6,0x1081,0x1081,0x0000,0x0000,0x0000,0x0000,0x0000,0x0000,0x18e3,0x18e3,
    0x18e3,0x18e3,0x1081,0x1081,0x62ea,0x62ea,0x9c90,0x9c90,0x944f,0x944f,0x944f,0x944f,0xad11,0xad11,0x62ea,0x62ea,
    0x10a2,0x10a2,0x2944,0x2944,0x3144,0x3144,0x59c4,0x59c4,0x59c4,0x59c4,0x4a69,0x4a69,0x4923,0x4923,0x4a69,0x4a69,
    0x52aa,0x52aa,0x4a69,0x4a69,0x52aa,0x52aa,0x29a6,0x29a6,0x10a2,0x10a2,0x3144,0x3144,0x4923,0x4923,0x29a6,0x29a6,
    0x4a69,0x4a69,0x52aa,0x52aa,0x4a69,0x4a69,0x39a6,0x39a6,0x4923,0x4923,0x4a69,0x4a69,0x4a69,0x4a69,0x18e3,0x18e3,
    0x18e3,0x18e3,0x10a2,0x10a2,0x2965,0x2965,0x59c4,0x59c4,0x39a6,0x39a6,0x4a69,0x4a69,0x52aa,0x52aa,0x28e3,0x28e3,
    0x30c1,0x30c1,0x3144,0x3144,0x7bce,0x7bce,0x736c,0x736c,0x52aa,0x52aa,0x29a6,0x29a6,0x4a69,0x4a69,0x29a6,0x29a6,
    0x1081,0x1081,0x0000,0x0000,0x0000,0x0000,0x0000,0x0000,0x0000,0x0000,0x1081,0x1081,0x1081,0x1081,0x2944,0x2944,
    0x3a07,0x3a07,0x4a69,0x4a69,0x4a69,0x4a69,0x3a07,0x3a07,0x2965,0x2965,0x1081,0x1081,0x18e3,0x18e3,0x4923,0x4923,
    0x8a23,0x8a23,0x4923,0x4923,0x3144,0x3144,0x3144,0x3144,0x3144,0x3144,0x2965,0x2965,0x2944,0x2944,0x3144,0x3144,
    0x28e3,0x28e3,0x3144,0x3144,0x59c4,0x59c4,0x4923,0x4923,0x2124,0x2124,0x3a07,0x3a07,0x29a6,0x29a6,0x3a07,0x3a07,
    0x39a6,0x39a6,0x39a6,0x39a6,0x39a6,0x39a6,0x2965,0x2965,0x18e3,0x18e3,0x39a6,0x39a6,0x39a6,0x39a6,0x10a2,0x10a2,
    0x59c4,0x59c4,0x4923,0x4923,0x28e3,0x28e3,0x3144,0x3144,0x4923,0x4923,0x6922,0x6922,0x10a2,0x10a2,0x2965,0x2965,
    0x2944,0x2944,0x18e3,0x18e3,0x10a2,0x10a2,0x1081,0x1081,0x10a2,0x10a2,0x0000,0x0000,0x0000,0x0000,0x0000,0x0000,
    0x0000,0x0000,0x0000,0x0000,0x1081,0x1081,0x1081,0x1081,0x2944,0x2944,0x3a07,0x3a07,0x4a69,0x4a69,0x4a69,0x4a69,
    0x3a07,0x3a07,0x2965,0x2965,0x1081,0x1081,0x18e3,0x18e3,0x4923,0x4923,0x8a23,0x8a23,0x4923,0x4923,0x3144,0x3144,
    0x3144,0x3144,0x3144,0x3144,0x2965,0x2965,0x2944,0x2944,0x3144,0x3144,0x28e3,0x28e3,0x3144,0x3144,0x59c4,0x59c4,
    0x4923,0x4923,0x2124,0x2124,0x3a07,0x3a07,0x29a6,0x29a6,0x3a07,0x3a07,0x39a6,0x39a6,0x39a6,0x39a6,0x39a6,0x39a6,
    0x2965,0x2965,0x18e3,0x18e3,0x39a6,0x39a6,0x39a6,0x39a6,0x10a2,0x10a2,0x59c4,0x59c4,0x4923,0x4923,0x28e3,0x28e3,
    0x3144,0x3144,0x4923,0x4923,0x6922,0x6922,0x10a2,0x10a2,0x2965,0x2965,0x2944,0x2944,0x18e3,0x18e3,0x10a2,0x10a2,
    0x1081,0x1081,0x10a2,0x10a2,0x0000,0x0000,0x0000,0x0000,0x0000,0x0000,0x0000,0x0000,0xab25,0xab25,0x59c4,0x59c4,
    0x2965,0x2965,0x18e3,0x18e3,0x18e3,0x18e3,0x18e3,0x18e3,0x18e3,0x18e3,0x10a2,0x10a2,0x10a2,0x10a2,0x28e3,0x28e3,
    0x2944,0x2944,0x10a2,0x10a2,0x4923,0x4923,0x8a23,0x8a23,0x2944,0x2944,0x2944,0x2944,0x39a6,0x39a6,0x39a6,0x39a6,
    0x39a6,0x39a6,0x39a6,0x39a6,0x59c4,0x59c4,0x4923,0x4923,0x59c4,0x59c4,0x6922,0x6922,0x39a6,0x39a6,0x4a69,0x4a69,
    0x52aa,0x52aa,0x52aa,0x52aa,0x52aa,0x52aa,0x52aa,0x52aa,0x4a69,0x4a69,0x3a07,0x3a07,0x59c4,0x59c4,0x8a23,0x8a23,
    0x8a23,0x8a23,0x8a23,0x8a23,0x6922,0x6922,0x4923,0x4923,0x59c4,0x59c4,0x6922,0x6922,0x4923,0x4923,0x1081,0x1081,
    0x18e3,0x18e3,0x2944,0x2944,0x10a2,0x10a2,0x10a2,0x10a2,0x10a2,0x10a2,0x0000,0x0000,0x0000,0x0000,0x0000,0x0000,
    0x0000,0x0000,0x0000,0x0000,0x0000,0x0000,0xab25,0xab25,0x59c4,0x59c4,0x2965,0x2965,0x18e3,0x18e3,0x18e3,0x18e3,
    0x18e3,0x18e3,0x18e3,0x18e3,0x10a2,0x10a2,0x10a2,0x10a2,0x28e3,0x28e3,0x2944,0x2944,0x10a2,0x10a2,0x4923,0x4923,
    0x8a23,0x8a23,0x2944,0x2944,0x2944,0x2944,0x39a6,0x39a6,0x39a6,0x39a6,0x39a6,0x39a6,0x39a6,0x39a6,0x59c4,0x59c4,
    0x4923,0x4923,0x59c4,0x59c4,0x6922,0x6922,0x39a6,0x39a6,0x4a69,0x4a69,0x52aa,0x52aa,0x52aa,0x52aa,0x52aa,0x52aa,
    0x52aa,0x52aa,0x4a69,0x4a69,0x3a07,0x3a07,0x59c4,0x59c4,0x8a23,0x8a23,0x8a23,0x8a23,0x8a23,0x8a23,0x6922,0x6922,
    0x4923,0x4923,0x59c4,0x59c4,0x6922,0x6922,0x4923,0x4923,0x1081,0x1081,0x18e3,0x18e3,0x2944,0x2944,0x10a2,0x10a2,
    0x10a2,0x10a2,0x10a2,0x10a2,0x0000,0x0000,0x0000,0x0000,0x0000,0x0000,0x0000,0x0000,0x0000,0x0000,0x0000,0x0000,
    0xab25,0xab25,0x59c4,0x59c4,0x18e3,0x18e3,0x39a6,0x39a6,0x3a07,0x3a07,0x29a6,0x29a6,0x3a07,0x3a07,0x2124,0x2124,
    0x8a23,0x8a23,0x59c4,0x59c4,0x29a6,0x29a6,0x29a6,0x29a6,0x18e3,0x18e3,0x59c4,0x59c4,0x8a23,0x8a23,0x59c4,0x59c4,
    0x944f,0x944f,0x944f,0x944f,0x9c90,0x9c90,0x9c90,0x9c90,0x944f,0x944f,0x62ea,0x62ea,0x6922,0x6922,0x28e3,0x28e3,
    0x10a2,0x10a2,0x10a2,0x10a2,0x28e3,0x28e3,0x2944,0x2944,0x28e3,0x28e3,0x18e3,0x18e3,0x18e3,0x18e3,0x18e3,0x18e3,
    0x10a2,0x10a2,0x10a2,0x10a2,0x10a2,0x10a2,0x10a2,0x10a2,0x10a2,0x10a2,0x18e3,0x18e3,0x1081,0x1081,0x6922,0x6922,
    0x0041,0x0041,0x0000,0x0000,0x10a2,0x10a2,0x18e3,0x18e3,0x0000,0x0000,0x0000,0x0000,0x0000,0x0000,0x0000,0x0000,
    0x0000,0x0000,0x0000,0x0000,0x0000,0x0000,0x0000,0x0000,0x0000,0x0000,0xab25,0xab25,0x59c4,0x59c4,0x18e3,0x18e3,
    0x39a6,0x39a6,0x3a07,0x3a07,0x29a6,0x29a6,0x3a07,0x3a07,0x2124,0x2124,0x8a23,0x8a23,0x59c4,0x59c4,0x29a6,0x29a6,
    0x29a6,0x29a6,0x18e3,0x18e3,0x59c4,0x59c4,0x8a23,0x8a23,0x59c4,0x59c4,0x944f,0x944f,0x944f,0x944f,0x9c90,0x9c90,
    0x9c90,0x9c90,0x944f,0x944f,0x62ea,0x62ea,0x6922,0x6922,0x28e3,0x28e3,0x10a2,0x10a2,0x10a2,0x10a2,0x28e3,0x28e3,
    0x2944,0x2944,0x28e3,0x28e3,0x18e3,0x18e3,0x18e3,0x18e3,0x18e3,0x18e3,0x10a2,0x10a2,0x10a2,0x10a2,0x10a2,0x10a2,
    0x10a2,0x10a2,0x10a2,0x10a2,0x18e3,0x18e3,0x1081,0x1081,0x6922,0x6922,0x0041,0x0041,0x0000,0x0000,0x10a2,0x10a2,
    0x18e3,0x18e3,0x0000,0x0000,0x0000,0x0000,0x0000,0x0000,0x0000,0x0000,0x0000,0x0000,0x0000,0x0000,0x0000,0x0000,
    0x0000,0x0000,0x0000,0x0000,0x0000,0x0000,0x10a2,0x10a2,0x1081,0x1081,0x10a2,0x10a2,0x3144,0x3144,0x8a23,0x8a23,
    0x3144,0x3144,0x10a2,0x10a2,0x4923,0x4923,0x30c1,0x30c1,0x18e3,0x18e3,0x10a2,0x10a2,0x18e3,0x18e3,0x1081,0x1081,
    0x6922,0x6922,0x4923,0x4923,0x3a07,0x3a07,0x4a69,0x4a69,0x62ea,0x62ea,0x52aa,0x52aa,0x52aa,0x52aa,0x39a6,0x39a6,
    0x30c1,0x30c1,0x4923,0x4923,0x6922,0x6922,0x6922,0x6922,0x6922,0x6922,0x6922,0x6922,0x6922,0x6922,0x6922,0x6922,
    0x6922,0x6922,0x59c4,0x59c4,0x6922,0x6922,0x59c4,0x59c4,0x59c4,0x59c4,0x59c4,0x59c4,0x59c4,0x59c4,0x6922,0x6922,
    0x6922,0x6922,0x6922,0x6922,0x0000,0x0000,0x0000,0x0000,0x2944,0x2944,0x29a6,0x29a6,0x0000,0x0000,0x0000,0x0000,
    0x0000,0x0000,0x0000,0x0000,0x0000,0x0000,0x0000,0x0000,0x0000,0x0000,0x0000,0x0000,0x0000,0x0000,0x0000,0x0000,
    0x10a2,0x10a2,0x1081,0x1081,0x10a2,0x10a2,0x3144,0x3144,0x8a23,0x8a23,0x3144,0x3144,0x10a2,0x10a2,0x4923,0x4923,
    0x30c1,0x30c1,0x18e3,0x18e3,0x10a2,0x10a2,0x18e3,0x18e3,0x1081,0x1081,0x6922,0x6922,0x4923,0x4923,0x3a07,0x3a07,
    0x4a69,0x4a69,0x62ea,0x62ea,0x52aa,0x52aa,0x52aa,0x52aa,0x39a6,0x39a6,0x30c1,0x30c1,0x4923,0x4923,0x6922,0x6922,
    0x6922,0x6922,0x6922,0x6922,0x6922,0x6922,0x6922,0x6922,0x6922,0x6922,0x6922,0x6922,0x59c4,0x59c4,0x6922,0x6922,
    0x59c4,0x59c4,0x59c4,0x59c4,0x59c4,0x59c4,0x59c4,0x59c4,0x6922,0x6922,0x6922,0x6922,0x6922,0x6922,0x0000,0x0000,
    0x0000,0x0000,0x2944,0x2944,0x29a6,0x29a6,0x0000,0x0000,0x0000,0x0000,0x0000,0x0000,0x0000,0x0000,0x0000,0x0000,
    0x0000,0x0000,0x0000,0x0000,0x0000,0x0000,0x0000,0x0000,0x0000,0x0000,0x0000,0x0000,0x0000,0x0000,0x0000,0x0000,
    0x30c1,0x30c1,0x8a23,0x8a23,0x30c1,0x30c1,0x0000,0x0000,0x28e3,0x28e3,0x10a2,0x10a2,0x0000,0x0000,0x0000,0x0000,
    0x0000,0x0000,0x0000,0x0000,0x0000,0x0000,0x0000,0x0000,0x18e3,0x18e3,0x18e3,0x18e3,0x18e3,0x18e3,0x18e3,0x18e3,
    0x18e3,0x18e3,0x10a2,0x10a2,0x0000,0x0000,0x0000,0x0000,0x10a2,0x10a2,0x10a2,0x10a2,0x28e3,0x28e3,0x0000,0x0000,
    0x0000,0x0000,0x0000,0x0000,0x0000,0x0000,0x0000,0x0000,0x0000,0x0000,0x0000,0x0000,0x0000,0x0000,0x0000,0x0000,
    0x0000,0x0000,0x0000,0x0000,0x0000,0x0000,0x0000,0x0000,0x0000,0x0000,0x0000,0x0000,0x18e3,0x18e3,0x2124,0x2124,
    0x0000,0x0000,0x0000,0x0000,0x0000,0x0000,0x0000,0x0000,0x0000,0x0000,0x0000,0x0000,0x0000,0x0000,0x0000,0x0000,
    0x0000,0x0000,0x0000,0x0000,0x0000,0x0000,0x0000,0x0000,0x0000,0x0000,0x30c1,0x30c1,0x8a23,0x8a23,0x30c1,0x30c1,
    0x0000,0x0000,0x28e3,0x28e3,0x10a2,0x10a2,0x0000,0x0000,0x0000,0x0000,0x0000,0x0000,0x0000,0x0000,0x0000,0x0000,
    0x0000,0x0000,0x18e3,0x18e3,0x18e3,0x18e3,0x18e3,0x18e3,0x18e3,0x18e3,0x18e3,0x18e3,0x10a2,0x10a2,0x0000,0x0000,
    0x0000,0x0000,0x10a2,0x10a2,0x10a2,0x10a2,0x28e3,0x28e3,0x0000,0x0000,0x0000,0x0000,0x0000,0x0000,0x0000,0x0000,
    0x0000,0x0000,0x0000,0x0000,0x0000,0x0000,0x0000,0x0000,0x0000,0x0000,0x0000,0x0000,0x0000,0x0000,0x0000,0x0000,
    0x0000,0x0000,0x0000,0x0000,0x0000,0x0000,0x18e3,0x18e3,0x2124,0x2124,0x0000,0x0000,0x0000,0x0000,0x0000,0x0000,
    0x0000,0x0000,0x0000,0x0000,0x0000,0x0000,0x0000,0x0000,0x0000,0x0000,0x0000,0x0000,
};
const wayfarer_sprite_t wayfarer_tanker = {106, 38, pixels_tanker};
static const uint16_t pixels_planet[12696] = {
    0x0000,0x0000,0x0000,0x0000,0x0000,0x0000,0x0000,0x0000,0x0000,0x0000,0x0000,0x0000,0x0000,0x0000,0x0000,0x0000,
    0x0000,0x0000,0x0000,0x0000,0x0000,0x0000,0x0000,0x0000,0x0000,0x0000,0x0000,0x0000,0x0000,0x0000,0x0000,0x0000,
    0x0000,0x0000,0x0000,0x0000,0x0000,0x0000,0x0000,0x0000,0x0000,0x0000,0x0000,0x0000,0x0000,0x0000,0x0000,0x0000,
    0x0126,0x0126,0x2a2a,0x2a2a,0x536e,0x536e,0x536e,0x536e,0x536e,0x536e,0x536e,0x536e,0x6bef,0x6bef,0x6bef,0x6bef,
    0x6bef,0x6bef,0x6bef,0x6bef,0x6bef,0x6bef,0x6bef,0x6bef,0x944f,0x944f,0x944f,0x944f,0xc4ae,0xc4ae,0xe4cb,0xe4cb,
    0xe4cb,0xe4cb,0xc4ae,0xc4ae,0xc593,0xc593,0xb5d5,0xb5d5,0xb5d5,0xb5d5,0x8d13,0x8d13,0x536e,0x536e,0x0000,0x0000,
    0x0000,0x0000,0x0000,0x0000,0x0000,0x0000,0x0000,0x0000,0x0000,0x0000,0x0000,0x0000,0x0000,0x0000,0x0000,0x0000,
    0x0000,0x0000,0x0000,0x0000,0x0000,0x0000,0x0000,0x0000,0x0000,0x0000,0x0000,0x0000,0x0000,0x0000,0x0000,0x0000,
    0x0000,0x0000,0x0000,0x0000,0x0000,0x0000,0x0000,0x0000,0x0000,0x0000,0x0000,0x0000,0x0000,0x0000,0x0000,0x0000,
    0x0000,0x0000,0x0000,0x0000,0x0000,0x0000,0x0000,0x0000,0x0000,0x0000,0x0000,0x0000,0x0000,0x0000,0x0000,0x0000,
    0x0000,0x0000,0x0000,0x0000,0x0000,0x0000,0x0000,0x0000,0x0000,0x0000,0x0000,0x0000,0x0000,0x0000,0x0000,0x0000,
    0x0000,0x0000,0x0000,0x0000,0x0000,0x0000,0x0000,0x0000,0x0000,0x0000,0x0126,0x0126,0x2a2a,0x2a2a,0x536e,0x536e,
    0x536e,0x536e,0x536e,0x536e,0x536e,0x536e,0x6bef,0x6bef,0x6bef,0x6bef,0x6bef,0x6bef,0x6bef,0x6bef,0x6bef,0x6bef,
    0x6bef,0x6bef,0x944f,0x944f,0x944f,0x944f,0xc4ae,0xc4ae,0xe4cb,0xe4cb,0xe4cb,0xe4cb,0xc4ae,0xc4ae,0xc593,0xc593,
    0xb5d5,0xb5d5,0xb5d5,0xb5d5,0x8d13,0x8d13,0x536e,0x536e,0x0000,0x0000,0x0000,0x0000,0x0000,0x0000,0x0000,0x0000,
    0x0000,0x0000,0x0000,0x0000,0x0000,0x0000,0x0000,0x0000,0x0000,0x0000,0x0000,0x0000,0x0000,0x0000,0x0000,0x0000,
    0x0000,0x0000,0x0000,0x0000,0x0000,0x0000,0x0000,0x0000,0x0000,0x0000,0x0000,0x0000,0x0000,0x0000,0x0000,0x0000,
    0x0000,0x0000,0x0000,0x0000,0x0000,0x0000,0x0000,0x0000,0x0000,0x0000,0x0000,0x0000,0x0000,0x0000,0x0000,0x0000,
    0x0000,0x0000,0x0000,0x0000,0x0000,0x0000,0x0000,0x0000,0x0000,0x0000,0x0000,0x0000,0x0000,0x0000,0x0000,0x0000,
    0x0000,0x0000,0x0000,0x0000,0x0000,0x0000,0x0000,0x0000,0x0000,0x0000,0x0000,0x0000,0x0000,0x0000,0x0000,0x0000,
    0x0000,0x0000,0x2a2a,0x2a2a,0x2a2a,0x2a2a,0x536e,0x536e,0x536e,0x536e,0x536e,0x536e,0x6bef,0x6bef,0x6bef,0x6bef,
    0x6bef,0x6bef,0x6bef,0x6bef,0x6bef,0x6bef,0x944f,0x944f,0xacf1,0xacf1,0xc4ae,0xc4ae,0xe4cb,0xe4cb,0xe4cb,0xe4cb,
    0xe52d,0xe52d,0xc593,0xc593,0xb5d5,0xb5d5,0xb5d5,0xb5d5,0xb5d5,0xb5d5,0xc636,0xc636,0xb5d5,0xb5d5,0xb5d5,0xb5d5,
    0xb5d5,0xb5d5,0x9b4a,0x9b4a,0x7185,0x7185,0x0000,0x0000,0x0000,0x0000,0x0000,0x0000,0x0000,0x0000,0x0000,0x0000,
    0x0000,0x0000,0x0000,0x0000,0x0000,0x0000,0x0000,0x0000,0x0000,0x0000,0x0000,0x0000,0x0000,0x0000,0x0000,0x0000,
    0x0000,0x0000,0x0000,0x0000,0x0000,0x0000,0x0000,0x0000,0x0000,0x0000,0x0000,0x0000,0x0000,0x0000,0x0000,0x0000,
    0x0000,0x0000,0x0000,0x0000,0x0000,0x0000,0x0000,0x0000,0x0000,0x0000,0x0000,0x0000,0x0000,0x0000,0x0000,0x0000,
    0x0000,0x0000,0x0000,0x0000,0x0000,0x0000,0x0000,0x0000,0x0000,0x0000,0x0000,0x0000,0x0000,0x0000,0x0000,0x0000,
    0x0000,0x0000,0x0000,0x0000,0x0000,0x0000,0x0000,0x0000,0x0000,0x0000,0x0000,0x0000,0x2a2a,0x2a2a,0x2a2a,0x2a2a,
    0x536e,0x536e,0x536e,0x536e,0x536e,0x536e,0x6bef,0x6bef,0x6bef,0x6bef,0x6bef,0x6bef,0x6bef,0x6bef,0x6bef,0x6bef,
    0x944f,0x944f,0xacf1,0xacf1,0xc4ae,0xc4ae,0xe4cb,0xe4cb,0xe4cb,0xe4cb,0xe52d,0xe52d,0xc593,0xc593,0xb5d5,0xb5d5,
    0xb5d5,0xb5d5,0xb5d5,0xb5d5,0xc636,0xc636,0xb5d5,0xb5d5,0xb5d5,0xb5d5,0xb5d5,0xb5d5,0x9b4a,0x9b4a,0x7185,0x7185,
    0x0000,0x0000,0x0000,0x0000,0x0000,0x0000,0x0000,0x0000,0x0000,0x0000,0x0000,0x0000,0x0000,0x0000,0x0000,0x0000,
    0x0000,0x0000,0x0000,0x0000,0x0000,0x0000,0x0000,0x0000,0x0000,0x0000,0x0000,0x0000,0x0000,0x0000,0x0000,0x0000,
    0x0000,0x0000,0x0000,0x0000,0x0000,0x0000,0x0000,0x0000,0x0000,0x0000,0x0000,0x0000,0x0000,0x0000,0x0000,0x0000,
    0x0000,0x0000,0x0000,0x0000,0x0000,0x0000,0x0000,0x0000,0x0000,0x0000,0x0000,0x0000,0x0000,0x0000,0x0000,0x0000,
    0x0000,0x0000,0x0000,0x0000,0x0000,0x0000,0x0000,0x0000,0x0000,0x0000,0x0000,0x0000,0x0000,0x0000,0x0000,0x0000,
    0x0000,0x0000,0x0000,0x0000,0x2a2a,0x2a2a,0x536e,0x536e,0x536e,0x536e,0x536e,0x536e,0x6bef,0x6bef,0x6bef,0x6bef,
    0x6bef,0x6bef,0x6bef,0x6bef,0x944f,0x944f,0x944f,0x944f,0xc4ae,0xc4ae,0xe4cb,0xe4cb,0xe4cb,0xe4cb,0xe52d,0xe52d,
    0xc593,0xc593,0xb5d5,0xb5d5,0xb5d5,0xb5d5,0xc636,0xc636,0xc636,0xc636,0xc636,0xc636,0xc636,0xc636,0xb5d5,0xb5d5,
    0xb5d5,0xb5d5,0xc510,0xc510,0xcc4b,0xcc4b,0xec49,0xec49,0xec49,0xec49,0x7a89,0x7a89,0x0000,0x0000,0x0000,0x0000,
    0x0000,0x0000,0x0000,0x0000,0x0000,0x0000,0x0000,0x0000,0x0000,0x0000,0x0000,0x0000,0x0000,0x0000,0x0000,0x0000,
    0x0000,0x0000,0x0000,0x0000,0x7a89,0x7a89,0x7a89,0x7a89,0x7a89,0x7a89,0x7a89,0x7a89,0x9b4a,0x9b4a,0x9b4a,0x9b4a,
    0x9b4a,0x9b4a,0x0000,0x0000,0x0000,0x0000,0x0000,0x0000,0x0000,0x0000,0x0000,0x0000,0x0000,0x0000,0x0000,0x0000,
    0x0000,0x0000,0x0000,0x0000,0x0000,0x0000,0x0000,0x0000,0x0000,0x0000,0x0000,0x0000,0x0000,0x0000,0x0000,0x0000,
    0x0000,0x0000,0x0000,0x0000,0x0000,0x0000,0x0000,0x0000,0x0000,0x0000,0x0000,0x0000,0x0000,0x0000,0x2a2a,0x2a2a,
    0x536e,0x536e,0x536e,0x536e,0x536e,0x536e,0x6bef,0x6bef,0x6bef,0x6bef,0x6bef,0x6bef,0x6bef,0x6bef,0x944f,0x944f,
    0x944f,0x944f,0xc4ae,0xc4ae,0xe4cb,0xe4cb,0xe4cb,0xe4cb,0xe52d,0xe52d,0xc593,0xc593,0xb5d5,0xb5d5,0xb5d5,0xb5d5,
    0xc636,0xc636,0xc636,0xc636,0xc636,0xc636,0xc636,0xc636,0xb5d5,0xb5d5,0xb5d5,0xb5d5,0xc510,0xc510,0xcc4b,0xcc4b,
    0xec49,0xec49,0xec49,0xec49,0x7a89,0x7a89,0x0000,0x0000,0x0000,0x0000,0x0000,0x0000,0x0000,0x0000,0x0000,0x0000,
    0x0000,0x0000,0x0000,0x0000,0x0000,0x0000,0x0000,0x0000,0x0000,0x0000,0x0000,0x0000,0x0000,0x0000,0x7a89,0x7a89,
    0x7a89,0x7a89,0x7a89,0x7a89,0x7a89,0x7a89,0x9b4a,0x9b4a,0x9b4a,0x9b4a,0x9b4a,0x9b4a,0x0000,0x0000,0x0000,0x0000,
    0x0000,0x0000,0x0000,0x0000,0x0000,0x0000,0x0000,0x0000,0x0000,0x0000,0x0000,0x0000,0x0000,0x0000,0x0000,0x0000,
    0x0000,0x0000,0x0000,0x0000,0x0000,0x0000,0x0000,0x0000,0x0000,0x0000,0x0000,0x0000,0x0000,0x0000,0x0000,0x0000,
    0x0000,0x0000,0x0000,0x0000,0x2967,0x2967,0x2a2a,0x2a2a,0x536e,0x536e,0x536e,0x536e,0x536e,0x536e,0x6bef,0x6bef,
    0x6bef,0x6bef,0x944f,0x944f,0xbc4c,0xbc4c,0xcc4b,0xcc4b,0xe4cb,0xe4cb,0xe4cb,0xe4cb,0xc4ae,0xc4ae,0xc510,0xc510,
    0xb5d5,0xb5d5,0xb5d5,0xb5d5,0xc636,0xc636,0xc636,0xc636,0xc636,0xc636,0xc636,0xc636,0xc636,0xc636,0xb5d5,0xb5d5,
    0xc510,0xc510,0xc4ae,0xc4ae,0xcc4b,0xcc4b,0xe4cb,0xe4cb,0xe4cb,0xe4cb,0xe4cb,0xe4cb,0xe4cb,0xe4cb,0xec49,0xec49,
    0x9b4a,0x9b4a,0x0000,0x0000,0x0000,0x0000,0x0000,0x0000,0x0000,0x0000,0x0000,0x0000,0x0000,0x0000,0x0000,0x0000,
    0x526a,0x526a,0x7a89,0x7a89,0x7a89,0x7a89,0x9b4a,0x9b4a,0x9b4a,0x9b4a,0x9bac,0x9bac,0xbbeb,0xbbeb,0xcc4b,0xcc4b,
    0xbc4c,0xbc4c,0xbbeb,0xbbeb,0x8b2b,0x8b2b,0x0000,0x0000,0x0000,0x0000,0x0000,0x0000,0x0000,0x0000,0x0000,0x0000,
    0x0000,0x0000,0x0000,0x0000,0x0000,0x0000,0x0000,0x0000,0x0000,0x0000,0x0000,0x0000,0x0000,0x0000,0x0000,0x0000,
    0x0000,0x0000,0x0000,0x0000,0x0000,0x0000,0x0000,0x0000,0x0000,0x0000,0x0000,0x0000,0x0000,0x0000,0x2967,0x2967,
    0x2a2a,0x2a2a,0x536e,0x536e,0x536e,0x536e,0x536e,0x536e,0x6bef,0x6bef,0x6bef,0x6bef,0x944f,0x944f,0xbc4c,0xbc4c,
    0xcc4b,0xcc4b,0xe4cb,0xe4cb,0xe4cb,0xe4cb,0xc4ae,0xc4ae,0xc510,0xc510,0xb5d5,0xb5d5,0xb5d5,0xb5d5,0xc636,0xc636,
    0xc636,0xc636,0xc636,0xc636,0xc636,0xc636,0xc636,0xc636,0xb5d5,0xb5d5,0xc510,0xc510,0xc4ae,0xc4ae,0xcc4b,0xcc4b,
    0xe4cb,0xe4cb,0xe4cb,0xe4cb,0xe4cb,0xe4cb,0xe4cb,0xe4cb,0xec49,0xec49,0x9b4a,0x9b4a,0x0000,0x0000,0x0000,0x0000,
    0x0000,0x0000,0x0000,0x0000,0x0000,0x0000,0x0000,0x0000,0x0000,0x0000,0x526a,0x526a,0x7a89,0x7a89,0x7a89,0x7a89,
    0x9b4a,0x9b4a,0x9b4a,0x9b4a,0x9bac,0x9bac,0xbbeb,0xbbeb,0xcc4b,0xcc4b,0xbc4c,0xbc4c,0xbbeb,0xbbeb,0x8b2b,0x8b2b,
    0x0000,0x0000,0x0000,0x0000,0x0000,0x0000,0x0000,0x0000,0x0000,0x0000,0x0000,0x0000,0x0000,0x0000,0x0000,0x0000,
    0x0000,0x0000,0x0000,0x0000,0x0000,0x0000,0x0000,0x0000,0x0000,0x0000,0x0000,0x0000,0x0000,0x0000,0x0000,0x0000,
    0x0000,0x0000,0x0000,0x0000,0x0000,0x0000,0x2967,0x2967,0x2a2a,0x2a2a,0x536e,0x536e,0x536e,0x536e,0x6bef,0x6bef,
    0x944f,0x944f,0xbc4c,0xbc4c,0xcc4b,0xcc4b,0xe4cb,0xe4cb,0xe4cb,0xe4cb,0xc4ae,0xc4ae,0xc510,0xc510,0x9db5,0x9db5,
    0x9db5,0x9db5,0xb5d5,0xb5d5,0xc636,0xc636,0xc636,0xc636,0xc636,0xc636,0xc636,0xc636,0xb5d5,0xb5d5,0xc510,0xc510,
    0xc4ae,0xc4ae,0xcc4b,0xcc4b,0xec49,0xec49,0xe4cb,0xe4cb,0xe4cb,0xe4cb,0xe4cb,0xe4cb,0xe4cb,0xe4cb,0xe590,0xe590,
    0xe590,0xe590,0xe5f3,0xe5f3,0xf6b5,0xf6b5,0xacf1,0xacf1,0x0000,0x0000,0x0000,0x0000,0x0000,0x0000,0x7a89,0x7a89,
    0x7a89,0x7a89,0x8b2b,0x8b2b,0x9b4a,0x9b4a,0xbbeb,0xbbeb,0xbc4c,0xbc4c,0xc4ae,0xc4ae,0xc4ae,0xc4ae,0xc4ae,0xc4ae,
    0xc4ae,0xc4ae,0xc4ae,0xc4ae,0xe52d,0xe52d,0xe590,0xe590,0xe590,0xe590,0x0000,0x0000,0x0000,0x0000,0x0000,0x0000,
    0x0000,0x0000,0x0000,0x0000,0x0000,0x0000,0x0000,0x0000,0x0000,0x0000,0x0000,0x0000,0x0000,0x0000,0x0000,0x0000,
    0x0000,0x0000,0x0000,0x0000,0x0000,0x0000,0x0000,0x0000,0x0000,0x0000,0x0000,0x0000,0x0000,0x0000,0x0000,0x0000,
    0x2967,0x2967,0x2a2a,0x2a2a,0x536e,0x536e,0x536e,0x536e,0x6bef,0x6bef,0x944f,0x944f,0xbc4c,0xbc4c,0xcc4b,0xcc4b,
    0xe4cb,0xe4cb,0xe4cb,0xe4cb,0xc4ae,0xc4ae,0xc510,0xc510,0x9db5,0x9db5,0x9db5,0x9db5,0xb5d5,0xb5d5,0xc636,0xc636,
    0xc636,0xc636,0xc636,0xc636,0xc636,0xc636,0xb5d5,0xb5d5,0xc510,0xc510,0xc4ae,0xc4ae,0xcc4b,0xcc4b,0xec49,0xec49,
    0xe4cb,0xe4cb,0xe4cb,0xe4cb,0xe4cb,0xe4cb,0xe4cb,0xe4cb,0xe590,0xe590,0xe590,0xe590,0xe5f3,0xe5f3,0xf6b5,0xf6b5,
    0xacf1,0xacf1,0x0000,0x0000,0x0000,0x0000,0x0000,0x0000,0x7a89,0x7a89,0x7a89,0x7a89,0x8b2b,0x8b2b,0x9b4a,0x9b4a,
    0xbbeb,0xbbeb,0xbc4c,0xbc4c,0xc4ae,0xc4ae,0xc4ae,0xc4ae,0xc4ae,0xc4ae,0xc4ae,0xc4ae,0xc4ae,0xc4ae,0xe52d,0xe52d,
    0xe590,0xe590,0xe590,0xe590,0x0000,0x0000,0x0000,0x0000,0x0000,0x0000,0x0000,0x0000,0x0000,0x0000,0x0000,0x0000,
    0x0000,0x0000,0x0000,0x0000,0x0000,0x0000,0x0000,0x0000,0x0000,0x0000,0x0000,0x0000,0x0000,0x0000,0x0000,0x0000,
    0x0000,0x0000,0x0000,0x0000,0x0000,0x0000,0x0000,0x0000,0x0126,0x0126,0x2a2a,0x2a2a,0x526a,0x526a,0x9bac,0x9bac,
    0xbbeb,0xbbeb,0xcc4b,0xcc4b,0xec49,0xec49,0xcc4b,0xcc4b,0xc4ae,0xc4ae,0xacf1,0xacf1,0x9db5,0x9db5,0x9db5,0x9db5,
    0x9db5,0x9db5,0xb5d5,0xb5d5,0xc636,0xc636,0xc636,0xc636,0xc636,0xc636,0xb5d5,0xb5d5,0xc593,0xc593,0xc4ae,0xc4ae,
    0xcc4b,0xcc4b,0xe4cb,0xe4cb,0xe4cb,0xe4cb,0xe4cb,0xe4cb,0xe4cb,0xe4cb,0xe52d,0xe52d,0xe590,0xe590,0xe5f3,0xe5f3,
    0xf6b5,0xf6b5,0xf6b5,0xf6b5,0xf6f8,0xf6f8,0xf6f8,0xf6f8,0xf6b5,0xf6b5,0xf6f8,0xf6f8,0xacf1,0xacf1,0x7a89,0x7a89,
    0x9b4a,0x9b4a,0xbbeb,0xbbeb,0xbc4c,0xbc4c,0xc510,0xc510,0xe5f3,0xe5f3,0xe5f3,0xe5f3,0xe5f3,0xe5f3,0xde55,0xde55,
    0xde55,0xde55,0xe5f3,0xe5f3,0xde55,0xde55,0xc593,0xc593,0xacf1,0xacf1,0xbc4c,0xbc4c,0xe52d,0xe52d,0x0000,0x0000,
    0x0000,0x0000,0x0000,0x0000,0x0000,0x0000,0x0000,0x0000,0x0000,0x0000,0x0000,0x0000,0x0000,0x0000,0x0000,0x0000,
    0x0000,0x0000,0x0000,0x0000,0x0000,0x0000,0x0000,0x0000,0x0000,0x0000,0x0000,0x0000,0x0000,0x0000,0x0000,0x0000,
    0x0000,0x0000,0x0126,0x0126,0x2a2a,0x2a2a,0x526a,0x526a,0x9bac,0x9bac,0xbbeb,0xbbeb,0xcc4b,0xcc4b,0xec49,0xec49,
    0xcc4b,0xcc4b,0xc4ae,0xc4ae,0xacf1,0xacf1,0x9db5,0x9db5,0x9db5,0x9db5,0x9db5,0x9db5,0xb5d5,0xb5d5,0xc636,0xc636,
    0xc636,0xc636,0xc636,0xc636,0xb5d5,0xb5d5,0xc593,0xc593,0xc4ae,0xc4ae,0xcc4b,0xcc4b,0xe4cb,0xe4cb,0xe4cb,0xe4cb,
    0xe4cb,0xe4cb,0xe4cb,0xe4cb,0xe52d,0xe52d,0xe590,0xe590,0xe5f3,0xe5f3,0xf6b5,0xf6b5,0xf6b5,0xf6b5,0xf6f8,0xf6f8,
    0xf6f8,0xf6f8,0xf6b5,0xf6b5,0xf6f8,0xf6f8,0xacf1,0xacf1,0x7a89,0x7a89,0x9b4a,0x9b4a,0xbbeb,0xbbeb,0xbc4c,0xbc4c,
    0xc510,0xc510,0xe5f3,0xe5f3,0xe5f3,0xe5f3,0xe5f3,0xe5f3,0xde55,0xde55,0xde55,0xde55,0xe5f3,0xe5f3,0xde55,0xde55,
    0xc593,0xc593,0xacf1,0xacf1,0xbc4c,0xbc4c,0xe52d,0xe52d,0x0000,0x0000,0x0000,0x0000,0x0000,0x0000,0x0000,0x0000,
    0x0000,0x0000,0x0000,0x0000,0x0000,0x0000,0x0000,0x0000,0x0000,0x0000,0x0000,0x0000,0x0000,0x0000,0x0000,0x0000,
    0x0000,0x0000,0x0000,0x0000,0x0000,0x0000,0x0000,0x0000,0x0000,0x0000,0x0000,0x0000,0x526a,0x526a,0x7a89,0x7a89,
    0x9b4a,0x9b4a,0xbbeb,0xbbeb,0xbc4c,0xbc4c,0xacf1,0xacf1,0x8d13,0x8d13,0x9db5,0x9db5,0x9db5,0x9db5,0x9db5,0x9db5,
    0xb5d5,0xb5d5,0xb5d5,0xb5d5,0xb5d5,0xb5d5,0x9db5,0x9db5,0xb5d5,0xb5d5,0xc510,0xc510,0xc4ae,0xc4ae,0xcc4b,0xcc4b,
    0xe4cb,0xe4cb,0xe4cb,0xe4cb,0xe4cb,0xe4cb,0xe4cb,0xe4cb,0xe52d,0xe52d,0xe590,0xe590,0xee75,0xee75,0xf6b5,0xf6b5,
    0xf6f8,0xf6f8,0xf6f8,0xf6f8,0xf6f8,0xf6f8,0xf6f8,0xf6f8,0xf6f8,0xf6f8,0xf6f8,0xf6f8,0xf6f8,0xf6f8,0xee75,0xee75,
    0xe590,0xe590,0x7a89,0x7a89,0xacf1,0xacf1,0xe5f3,0xe5f3,0xc593,0xc593,0xc593,0xc593,0xacf1,0xacf1,0xacf1,0xacf1,
    0xc593,0xc593,0xe5f3,0xe5f3,0xde55,0xde55,0xee75,0xee75,0xee75,0xee75,0xee75,0xee75,0xde55,0xde55,0xacf1,0xacf1,
    0xcc4b,0xcc4b,0x0000,0x0000,0x0000,0x0000,0x0000,0x0000,0x0000,0x0000,0x0000,0x0000,0x0000,0x0000,0x0000,0x0000,
    0x0000,0x0000,0x0000,0x0000,0x0000,0x0000,0x0000,0x0000,0x0000,0x0000,0x0000,0x0000,0x0000,0x0000,0x0000,0x0000,
    0x0000,0x0000,0x0000,0x0000,0x0000,0x0000,0x526a,0x526a,0x7a89,0x7a89,0x9b4a,0x9b4a,0xbbeb,0xbbeb,0xbc4c,0xbc4c,
    0xacf1,0xacf1,0x8d13,0x8d13,0x9db5,0x9db5,0x9db5,0x9db5,0x9db5,0x9db5,0xb5d5,0xb5d5,0xb5d5,0xb5d5,0xb5d5,0xb5d5,
    0x9db5,0x9db5,0xb5d5,0xb5d5,0xc510,0xc510,0xc4ae,0xc4ae,0xcc4b,0xcc4b,0xe4cb,0xe4cb,0xe4cb,0xe4cb,0xe4cb,0xe4cb,
    0xe4cb,0xe4cb,0xe52d,0xe52d,0xe590,0xe590,0xee75,0xee75,0xf6b5,0xf6b5,0xf6f8,0xf6f8,0xf6f8,0xf6f8,0xf6f8,0xf6f8,
    0xf6f8,0xf6f8,0xf6f8,0xf6f8,0xf6f8,0xf6f8,0xf6f8,0xf6f8,0xee75,0xee75,0xe590,0xe590,0x7a89,0x7a89,0xacf1,0xacf1,
    0xe5f3,0xe5f3,0xc593,0xc593,0xc593,0xc593,0xacf1,0xacf1,0xacf1,0xacf1,0xc593,0xc593,0xe5f3,0xe5f3,0xde55,0xde55,
    0xee75,0xee75,0xee75,0xee75,0xee75,0xee75,0xde55,0xde55,0xacf1,0xacf1,0xcc4b,0xcc4b,0x0000,0x0000,0x0000,0x0000,
    0x0000,0x0000,0x0000,0x0000,0x0000,0x0000,0x0000,0x0000,0x0000,0x0000,0x0000,0x0000,0x0000,0x0000,0x0000,0x0000,
    0x0000,0x0000,0x0000,0x0000,0x0000,0x0000,0x0000,0x0000,0x0000,0x0000,0x0000,0x0000,0x0000,0x0000,0x526a,0x526a,
    0x8b2b,0x8b2b,0x732c,0x732c,0x6bef,0x6bef,0x8d13,0x8d13,0x8d13,0x8d13,0x9db5,0x9db5,0x9db5,0x9db5,0x9db5,0x9db5,
    0x9db5,0x9db5,0xb5d5,0xb5d5,0x9db5,0x9db5,0x9db5,0x9db5,0xacf1,0xacf1,0xc4ae,0xc4ae,0xcc4b,0xcc4b,0xec49,0xec49,
    0xec49,0xec49,0xe4cb,0xe4cb,0xe52d,0xe52d,0xe52d,0xe52d,0xe590,0xe590,0xee75,0xee75,0xf6b5,0xf6b5,0xf6f8,0xf6f8,
    0xf6f8,0xf6f8,0xf6f8,0xf6f8,0xf6f8,0xf6f8,0xf6f8,0xf6f8,0xf6f8,0xf6f8,0xf6f8,0xf6f8,0xf6f8,0xf6f8,0xf6b5,0xf6b5,
    0xe590,0xe590,0xec49,0xec49,0xec49,0xec49,0xe346,0xe346,0x7a89,0x7a89,0x944f,0x944f,0x732c,0x732c,0x732c,0x732c,
    0x732c,0x732c,0x732c,0x732c,0x732c,0x732c,0x732c,0x732c,0x944f,0x944f,0xe5f3,0xe5f3,0xee75,0xee75,0xee75,0xee75,
    0xee75,0xee75,0xc510,0xc510,0xcc4b,0xcc4b,0x0000,0x0000,0x0000,0x0000,0x0000,0x0000,0x0000,0x0000,0x0000,0x0000,
    0x0000,0x0000,0x0000,0x0000,0x0000,0x0000,0x0000,0x0000,0x0000,0x0000,0x0000,0x0000,0x0000,0x0000,0x0000,0x0000,
    0x0000,0x0000,0x0000,0x0000,0x0000,0x0000,0x0000,0x0000,0x526a,0x526a,0x8b2b,0x8b2b,0x732c,0x732c,0x6bef,0x6bef,
    0x8d13,0x8d13,0x8d13,0x8d13,0x9db5,0x9db5,0x9db5,0x9db5,0x9db5,0x9db5,0x9db5,0x9db5,0xb5d5,0xb5d5,0x9db5,0x9db5,
    0x9db5,0x9db5,0xacf1,0xacf1,0xc4ae,0xc4ae,0xcc4b,0xcc4b,0xec49,0xec49,0xec49,0xec49,0xe4cb,0xe4cb,0xe52d,0xe52d,
    0xe52d,0xe52d,0xe590,0xe590,0xee75,0xee75,0xf6b5,0xf6b5,0xf6f8,0xf6f8,0xf6f8,0xf6f8,0xf6f8,0xf6f8,0xf6f8,0xf6f8,
    0xf6f8,0xf6f8,0xf6f8,0xf6f8,0xf6f8,0xf6f8,0xf6f8,0xf6f8,0xf6b5,0xf6b5,0xe590,0xe590,0xec49,0xec49,0xec49,0xec49,
    0xe346,0xe346,0x7a89,0x7a89,0x944f,0x944f,0x732c,0x732c,0x732c,0x732c,0x732c,0x732c,0x732c,0x732c,0x732c,0x732c,
    0x732c,0x732c,0x944f,0x944f,0xe5f3,0xe5f3,0xee75,0xee75,0xee75,0xee75,0xee75,0xee75,0xc510,0xc510,0xcc4b,0xcc4b,
    0x0000,0x0000,0x0000,0x0000,0x0000,0x0000,0x0000,0x0000,0x0000,0x0000,0x0000,0x0000,0x0000,0x0000,0x0000,0x0000,
    0x0000,0x0000,0x0000,0x0000,0x0000,0x0000,0x0000,0x0000,0x0000,0x0000,0x0000,0x0000,0x0000,0x0000,0x0000,0x0000,
    0x2a2a,0x2a2a,0x536e,0x536e,0x536e,0x536e,0x6bef,0x6bef,0x8d13,0x8d13,0x8d13,0x8d13,0x9db5,0x9db5,0x9db5,0x9db5,
    0x9db5,0x9db5,0x9db5,0x9db5,0x8d13,0x8d13,0xacf1,0xacf1,0xbc4c,0xbc4c,0xcc4b,0xcc4b,0xcc4b,0xcc4b,0xcc4b,0xcc4b,
    0xe4cb,0xe4cb,0xe52d,0xe52d,0xe590,0xe590,0xe5f3,0xe5f3,0xf6b5,0xf6b5,0xf6b5,0xf6b5,0xf6f8,0xf6f8,0xf6f8,0xf6f8,
    0xf6f8,0xf6f8,0xf6f8,0xf6f8,0xf6f8,0xf6f8,0xf6f8,0xf6f8,0xf6b5,0xf6b5,0xf6f8,0xf6f8,0xf6b5,0xf6b5,0xe590,0xe590,
    0xe52d,0xe52d,0xec49,0xec49,0xec49,0xec49,0xe346,0xe346,0xe346,0xe346,0xe346,0xe346,0xa1e6,0xa1e6,0x2967,0x2967,
    0x526a,0x526a,0x526a,0x526a,0x526a,0x526a,0x526a,0x526a,0x732c,0x732c,0x732c,0x732c,0x732c,0x732c,0xacf1,0xacf1,
    0xf6b5,0xf6b5,0xee75,0xee75,0xde55,0xde55,0xbc4c,0xbc4c,0xe52d,0xe52d,0x0000,0x0000,0x0000,0x0000,0x0000,0x0000,
    0x0000,0x0000,0x0000,0x0000,0x0000,0x0000,0x0000,0x0000,0x0000,0x0000,0x0000,0x0000,0x0000,0x0000,0x0000,0x0000,
    0x0000,0x0000,0x0000,0x0000,0x0000,0x0000,0x0000,0x0000,0x0000,0x0000,0x2a2a,0x2a2a,0x536e,0x536e,0x536e,0x536e,
    0x6bef,0x6bef,0x8d13,0x8d13,0x8d13,0x8d13,0x9db5,0x9db5,0x9db5,0x9db5,0x9db5,0x9db5,0x9db5,0x9db5,0x8d13,0x8d13,
    0xacf1,0xacf1,0xbc4c,0xbc4c,0xcc4b,0xcc4b,0xcc4b,0xcc4b,0xcc4b,0xcc4b,0xe4cb,0xe4cb,0xe52d,0xe52d,0xe590,0xe590,
    0xe5f3,0xe5f3,0xf6b5,0xf6b5,0xf6b5,0xf6b5,0xf6f8,0xf6f8,0xf6f8,0xf6f8,0xf6f8,0xf6f8,0xf6f8,0xf6f8,0xf6f8,0xf6f8,
    0xf6f8,0xf6f8,0xf6b5,0xf6b5,0xf6f8,0xf6f8,0xf6b5,0xf6b5,0xe590,0xe590,0xe52d,0xe52d,0xec49,0xec49,0xec49,0xec49,
    0xe346,0xe346,0xe346,0xe346,0xe346,0xe346,0xa1e6,0xa1e6,0x2967,0x2967,0x526a,0x526a,0x526a,0x526a,0x526a,0x526a,
    0x526a,0x526a,0x732c,0x732c,0x732c,0x732c,0x732c,0x732c,0xacf1,0xacf1,0xf6b5,0xf6b5,0xee75,0xee75,0xde55,0xde55,
    0xbc4c,0xbc4c,0xe52d,0xe52d,0x0000,0x0000,0x0000,0x0000,0x0000,0x0000,0x0000,0x0000,0x0000,0x0000,0x0000,0x0000,
    0x0000,0x0000,0x0000,0x0000,0x0000,0x0000,0x0000,0x0000,0x0000,0x0000,0x0000,0x0000,0x0000,0x0000,0x0000,0x0000,
    0x0000,0x0000,0x2967,0x2967,0x536e,0x536e,0x536e,0x536e,0x6bef,0x6bef,0x6bef,0x6bef,0x8d13,0x8d13,0x8d13,0x8d13,
    0x8d13,0x8d13,0x8d13,0x8d13,0xacf1,0xacf1,0xbc4c,0xbc4c,0xbc4c,0xbc4c,0xcc4b,0xcc4b,0xcc4b,0xcc4b,0xe4cb,0xe4cb,
    0xe52d,0xe52d,0xe590,0xe590,0xe5f3,0xe5f3,0xf6b5,0xf6b5,0xf6b5,0xf6b5,0xf6b5,0xf6b5,0xf6f8,0xf6f8,0xf6f8,0xf6f8,
    0xf6f8,0xf6f8,0xf6f8,0xf6f8,0xf6f8,0xf6f8,0xf6b5,0xf6b5,0xe590,0xe590,0xf6b5,0xf6b5,0xf6b5,0xf6b5,0xe590,0xe590,
    0xe4cb,0xe4cb,0xec49,0xec49,0xe346,0xe346,0xe346,0xe346,0xe346,0xe346,0xe346,0xe346,0xc286,0xc286,0xc286,0xc286,
    0xc286,0xc286,0x7185,0x7185,0x0000,0x0000,0x0000,0x0000,0x526a,0x526a,0x526a,0x526a,0x526a,0x526a,0x732c,0x732c,
    0x732c,0x732c,0xacf1,0xacf1,0xee75,0xee75,0xee75,0xee75,0xc593,0xc593,0xc4ae,0xc4ae,0xe590,0xe590,0x0000,0x0000,
    0x0000,0x0000,0x0000,0x0000,0x0000,0x0000,0x0000,0x0000,0x0000,0x0000,0x0000,0x0000,0x0000,0x0000,0x0000,0x0000,
    0x0000,0x0000,0x0000,0x0000,0x0000,0x0000,0x0000,0x0000,0x0000,0x0000,0x0000,0x0000,0x2967,0x2967,0x536e,0x536e,
    0x536e,0x536e,0x6bef,0x6bef,0x6bef,0x6bef,0x8d13,0x8d13,0x8d13,0x8d13,0x8d13,0x8d13,0x8d13,0x8d13,0xacf1,0xacf1,
    0xbc4c,0xbc4c,0xbc4c,0xbc4c,0xcc4b,0xcc4b,0xcc4b,0xcc4b,0xe4cb,0xe4cb,0xe52d,0xe52d,0xe590,0xe590,0xe5f3,0xe5f3,
    0xf6b5,0xf6b5,0xf6b5,0xf6b5,0xf6b5,0xf6b5,0xf6f8,0xf6f8,0xf6f8,0xf6f8,0xf6f8,0xf6f8,0xf6f8,0xf6f8,0xf6f8,0xf6f8,
    0xf6b5,0xf6b5,0xe590,0xe590,0xf6b5,0xf6b5,0xf6b5,0xf6b5,0xe590,0xe590,0xe4cb,0xe4cb,0xec49,0xec49,0xe346,0xe346,
    0xe346,0xe346,0xe346,0xe346,0xe346,0xe346,0xc286,0xc286,0xc286,0xc286,0xc286,0xc286,0x7185,0x7185,0x0000,0x0000,
    0x0000,0x0000,0x526a,0x526a,0x526a,0x526a,0x526a,0x526a,0x732c,0x732c,0x732c,0x732c,0xacf1,0xacf1,0xee75,0xee75,
    0xee75,0xee75,0xc593,0xc593,0xc4ae,0xc4ae,0xe590,0xe590,0x0000,0x0000,0x0000,0x0000,0x0000,0x0000,0x0000,0x0000,
    0x0000,0x0000,0x0000,0x0000,0x0000,0x0000,0x0000,0x0000,0x0000,0x0000,0x0000,0x0000,0x0000,0x0000,0x0000,0x0000,
    0x0000,0x0000,0x0000,0x0000,0x0000,0x0000,0x2a2a,0x2a2a,0x536e,0x536e,0x536e,0x536e,0x6bef,0x6bef,0x6bef,0x6bef,
    0x8d13,0x8d13,0x944f,0x944f,0xbc4c,0xbc4c,0xbbeb,0xbbeb,0xbbeb,0xbbeb,0xcc4b,0xcc4b,0xc4ae,0xc4ae,0xe52d,0xe52d,
    0xe590,0xe590,0xe5f3,0xe5f3,0xee75,0xee75,0xee75,0xee75,0xee75,0xee75,0xf6b5,0xf6b5,0xf6f8,0xf6f8,0xf6f8,0xf6f8,
    0xf6b5,0xf6b5,0xf6f8,0xf6f8,0xf6b5,0xf6b5,0xee75,0xee75,0xe52d,0xe52d,0xec49,0xec49,0xec49,0xec49,0xe4cb,0xe4cb,
    0xec49,0xec49,0xe346,0xe346,0xe346,0xe346,0xe346,0xe346,0xe346,0xe346,0xe346,0xe346,0xc286,0xc286,0xc286,0xc286,
    0xc286,0xc286,0xc286,0xc286,0xc286,0xc286,0xa1e6,0xa1e6,0x0000,0x0000,0x0000,0x0000,0x0000,0x0000,0x526a,0x526a,
    0x526a,0x526a,0x732c,0x732c,0x732c,0x732c,0xc593,0xc593,0xee75,0xee75,0xde55,0xde55,0xc4ae,0xc4ae,0xe590,0xe590,
    0xc4ae,0xc4ae,0x0000,0x0000,0x0000,0x0000,0x0000,0x0000,0x0000,0x0000,0x0000,0x0000,0x0000,0x0000,0x0000,0x0000,
    0x0000,0x0000,0x0000,0x0000,0x0000,0x0000,0x0000,0x0000,0x0000,0x0000,0x0000,0x0000,0x0000,0x0000,0x0000,0x0000,
    0x2a2a,0x2a2a,0x536e,0x536e,0x536e,0x536e,0x6bef,0x6bef,0x6bef,0x6bef,0x8d13,0x8d13,0x944f,0x944f,0xbc4c,0xbc4c,
    0xbbeb,0xbbeb,0xbbeb,0xbbeb,0xcc4b,0xcc4b,0xc4ae,0xc4ae,0xe52d,0xe52d,0xe590,0xe590,0xe5f3,0xe5f3,0xee75,0xee75,
    0xee75,0xee75,0xee75,0xee75,0xf6b5,0xf6b5,0xf6f8,0xf6f8,0xf6f8,0xf6f8,0xf6b5,0xf6b5,0xf6f8,0xf6f8,0xf6b5,0xf6b5,
    0xee75,0xee75,0xe52d,0xe52d,0xec49,0xec49,0xec49,0xec49,0xe4cb,0xe4cb,0xec49,0xec49,0xe346,0xe346,0xe346,0xe346,
    0xe346,0xe346,0xe346,0xe346,0xe346,0xe346,0xc286,0xc286,0xc286,0xc286,0xc286,0xc286,0xc286,0xc286,0xc286,0xc286,
    0xa1e6,0xa1e6,0x0000,0x0000,0x0000,0x0000,0x0000,0x0000,0x526a,0x526a,0x526a,0x526a,0x732c,0x732c,0x732c,0x732c,
    0xc593,0xc593,0xee75,0xee75,0xde55,0xde55,0xc4ae,0xc4ae,0xe590,0xe590,0xc4ae,0xc4ae,0x0000,0x0000,0x0000,0x0000,
    0x0000,0x0000,0x0000,0x0000,0x0000,0x0000,0x0000,0x0000,0x0000,0x0000,0x0000,0x0000,0x0000,0x0000,0x0000,0x0000,
    0x0000,0x0000,0x0000,0x0000,0x0000,0x0000,0x0000,0x0000,0x0000,0x0000,0x536e,0x536e,0x536e,0x536e,0x732c,0x732c,
    0x732c,0x732c,0x9bac,0x9bac,0xbbeb,0xbbeb,0xbbeb,0xbbeb,0xcc4b,0xcc4b,0xc4ae,0xc4ae,0xc510,0xc510,0xc593,0xc593,
    0xe5f3,0xe5f3,0xe5f3,0xe5f3,0xee75,0xee75,0xee75,0xee75,0xee75,0xee75,0xee75,0xee75,0xf6b5,0xf6b5,0xf6f8,0xf6f8,
    0xf6b5,0xf6b5,0xe52d,0xe52d,0xe52d,0xe52d,0xe590,0xe590,0xe4cb,0xe4cb,0xec49,0xec49,0xe346,0xe346,0xe346,0xe346,
    0xe346,0xe346,0xe346,0xe346,0xe346,0xe346,0xc286,0xc286,0xe346,0xe346,0xc286,0xc286,0xc286,0xc286,0xc286,0xc286,
    0xc286,0xc286,0xc286,0xc286,0xc286,0xc286,0xc286,0xc286,0xe346,0xe346,0xc368,0xc368,0x526a,0x526a,0x0000,0x0000,
    0x0000,0x0000,0x526a,0x526a,0x732c,0x732c,0x732c,0x732c,0xacf1,0xacf1,0xf6b5,0xf6b5,0xde55,0xde55,0xc510,0xc510,
    0xe52d,0xe52d,0xc4ae,0xc4ae,0x8b2b,0x8b2b,0x0000,0x0000,0x0000,0x0000,0x0000,0x0000,0x0000,0x0000,0x0000,0x0000,
    0x0000,0x0000,0x0000,0x0000,0x0000,0x0000,0x0000,0x0000,0x0000,0x0000,0x0000,0x0000,0x0000,0x0000,0x0000,0x0000,
    0x0000,0x0000,0x0000,0x0000,0x536e,0x536e,0x536e,0x536e,0x732c,0x732c,0x732c,0x732c,0x9bac,0x9bac,0xbbeb,0xbbeb,
    0xbbeb,0xbbeb,0xcc4b,0xcc4b,0xc4ae,0xc4ae,0xc510,0xc510,0xc593,0xc593,0xe5f3,0xe5f3,0xe5f3,0xe5f3,0xee75,0xee75,
    0xee75,0xee75,0xee75,0xee75,0xee75,0xee75,0xf6b5,0xf6b5,0xf6f8,0xf6f8,0xf6b5,0xf6b5,0xe52d,0xe52d,0xe52d,0xe52d,
    0xe590,0xe590,0xe4cb,0xe4cb,0xec49,0xec49,0xe346,0xe346,0xe346,0xe346,0xe346,0xe346,0xe346,0xe346,0xe346,0xe346,
    0xc286,0xc286,0xe346,0xe346,0xc286,0xc286,0xc286,0xc286,0xc286,0xc286,0xc286,0xc286,0xc286,0xc286,0xc286,0xc286,
    0xc286,0xc286,0xe346,0xe346,0xc368,0xc368,0x526a,0x526a,0x0000,0x0000,0x0000,0x0000,0x526a,0x526a,0x732c,0x732c,
    0x732c,0x732c,0xacf1,0xacf1,0xf6b5,0xf6b5,0xde55,0xde55,0xc510,0xc510,0xe52d,0xe52d,0xc4ae,0xc4ae,0x8b2b,0x8b2b,
    0x0000,0x0000,0x0000,0x0000,0x0000,0x0000,0x0000,0x0000,0x0000,0x0000,0x0000,0x0000,0x0000,0x0000,0x0000,0x0000,
    0x0000,0x0000,0x0000,0x0000,0x0000,0x0000,0x0000,0x0000,0x0000,0x0000,0x0000,0x0000,0x2967,0x2967,0x7a89,0x7a89,
    0x7a89,0x7a89,0x8b2b,0x8b2b,0x8b2b,0x8b2b,0xbc4c,0xbc4c,0xc4ae,0xc4ae,0xc510,0xc510,0xc593,0xc593,0xc593,0xc593,
    0xe5f3,0xe5f3,0xe5f3,0xe5f3,0xee75,0xee75,0xee75,0xee75,0xee75,0xee75,0xee75,0xee75,0xe590,0xe590,0xe590,0xe590,
    0xee75,0xee75,0xe5f3,0xe5f3,0xec49,0xec49,0xe346,0xe346,0xec49,0xec49,0xec49,0xec49,0xe346,0xe346,0xe346,0xe346,
    0xc286,0xc286,0xc286,0xc286,0xc286,0xc286,0xc286,0xc286,0xc286,0xc286,0xe346,0xe346,0xe346,0xe346,0xc286,0xc286,
    0xe346,0xe346,0xc286,0xc286,0xe346,0xe346,0xe346,0xe346,0xc286,0xc286,0xc368,0xc368,0xacf1,0xacf1,0xb5d5,0xb5d5,
    0x8d13,0x8d13,0x0000,0x0000,0x0000,0x0000,0x526a,0x526a,0x732c,0x732c,0xacf1,0xacf1,0xf6b5,0xf6b5,0xde55,0xde55,
    0xc510,0xc510,0xe52d,0xe52d,0xbc4c,0xbc4c,0x8b2b,0x8b2b,0xcc4b,0xcc4b,0x0000,0x0000,0x0000,0x0000,0x0000,0x0000,
    0x0000,0x0000,0x0000,0x0000,0x0000,0x0000,0x0000,0x0000,0x0000,0x0000,0x0000,0x0000,0x0000,0x0000,0x0000,0x0000,
    0x0000,0x0000,0x0000,0x0000,0x0000,0x0000,0x2967,0x2967,0x7a89,0x7a89,0x7a89,0x7a89,0x8b2b,0x8b2b,0x8b2b,0x8b2b,
    0xbc4c,0xbc4c,0xc4ae,0xc4ae,0xc510,0xc510,0xc593,0xc593,0xc593,0xc593,0xe5f3,0xe5f3,0xe5f3,0xe5f3,0xee75,0xee75,
    0xee75,0xee75,0xee75,0xee75,0xee75,0xee75,0xe590,0xe590,0xe590,0xe590,0xee75,0xee75,0xe5f3,0xe5f3,0xec49,0xec49,
    0xe346,0xe346,0xec49,0xec49,0xec49,0xec49,0xe346,0xe346,0xe346,0xe346,0xc286,0xc286,0xc286,0xc286,0xc286,0xc286,
    0xc286,0xc286,0xc286,0xc286,0xe346,0xe346,0xe346,0xe346,0xc286,0xc286,0xe346,0xe346,0xc286,0xc286,0xe346,0xe346,
    0xe346,0xe346,0xc286,0xc286,0xc368,0xc368,0xacf1,0xacf1,0xb5d5,0xb5d5,0x8d13,0x8d13,0x0000,0x0000,0x0000,0x0000,
    0x526a,0x526a,0x732c,0x732c,0xacf1,0xacf1,0xf6b5,0xf6b5,0xde55,0xde55,0xc510,0xc510,0xe52d,0xe52d,0xbc4c,0xbc4c,
    0x8b2b,0x8b2b,0xcc4b,0xcc4b,0x0000,0x0000,0x0000,0x0000,0x0000,0x0000,0x0000,0x0000,0x0000,0x0000,0x0000,0x0000,
    0x0000,0x0000,0x0000,0x0000,0x0000,0x0000,0x0000,0x0000,0x0000,0x0000,0x0000,0x0000,0x0000,0x0000,0x0000,0x0000,
    0x526a,0x526a,0x7a89,0x7a89,0x8b2b,0x8b2b,0x9bac,0x9bac,0x9bac,0x9bac,0xc510,0xc510,0xc593,0xc593,0xc593,0xc593,
    0xc593,0xc593,0xe5f3,0xe5f3,0xe5f3,0xe5f3,0xde55,0xde55,0xe5f3,0xe5f3,0xe5f3,0xe5f3,0xe590,0xe590,0xec49,0xec49,
    0xe346,0xe346,0xec49,0xec49,0xec49,0xec49,0xec49,0xec49,0xe346,0xe346,0xec49,0xec49,0xec49,0xec49,0xe346,0xe346,
    0xc286,0xc286,0xc286,0xc286,0xc286,0xc286,0xc286,0xc286,0xc286,0xc286,0xe346,0xe346,0xe346,0xe346,0xe346,0xe346,
    0xe346,0xe346,0xe346,0xe346,0xe346,0xe346,0xe346,0xe346,0xe346,0xe346,0xc368,0xc368,0xc510,0xc510,0xb5d5,0xb5d5,
    0xc636,0xc636,0xde55,0xde55,0xde55,0xde55,0x526a,0x526a,0x526a,0x526a,0x732c,0x732c,0xacf1,0xacf1,0xf6b5,0xf6b5,
    0xc593,0xc593,0xc4ae,0xc4ae,0xe52d,0xe52d,0xbbeb,0xbbeb,0x9b4a,0x9b4a,0xcc4b,0xcc4b,0x8b2b,0x8b2b,0x0000,0x0000,
    0x0000,0x0000,0x0000,0x0000,0x0000,0x0000,0x0000,0x0000,0x0000,0x0000,0x0000,0x0000,0x0000,0x0000,0x0000,0x0000,
    0x0000,0x0000,0x0000,0x0000,0x0000,0x0000,0x0000,0x0000,0x0000,0x0000,0x526a,0x526a,0x7a89,0x7a89,0x8b2b,0x8b2b,
    0x9bac,0x9bac,0x9bac,0x9bac,0xc510,0xc510,0xc593,0xc593,0xc593,0xc593,0xc593,0xc593,0xe5f3,0xe5f3,0xe5f3,0xe5f3,
    0xde55,0xde55,0xe5f3,0xe5f3,0xe5f3,0xe5f3,0xe590,0xe590,0xec49,0xec49,0xe346,0xe346,0xec49,0xec49,0xec49,0xec49,
    0xec49,0xec49,0xe346,0xe346,0xec49,0xec49,0xec49,0xec49,0xe346,0xe346,0xc286,0xc286,0xc286,0xc286,0xc286,0xc286,
    0xc286,0xc286,0xc286,0xc286,0xe346,0xe346,0xe346,0xe346,0xe346,0xe346,0xe346,0xe346,0xe346,0xe346,0xe346,0xe346,
    0xe346,0xe346,0xe346,0xe346,0xc368,0xc368,0xc510,0xc510,0xb5d5,0xb5d5,0xc636,0xc636,0xde55,0xde55,0xde55,0xde55,
    0x526a,0x526a,0x526a,0x526a,0x732c,0x732c,0xacf1,0xacf1,0xf6b5,0xf6b5,0xc593,0xc593,0xc4ae,0xc4ae,0xe52d,0xe52d,
    0xbbeb,0xbbeb,0x9b4a,0x9b4a,0xcc4b,0xcc4b,0x8b2b,0x8b2b,0x0000,0x0000,0x0000,0x0000,0x0000,0x0000,0x0000,0x0000,
    0x0000,0x0000,0x0000,0x0000,0x0000,0x0000,0x0000,0x0000,0x0000,0x0000,0x0000,0x0000,0x0000,0x0000,0x0000,0x0000,
    0x0000,0x0000,0x2967,0x2967,0x7a89,0x7a89,0x8b2b,0x8b2b,0x9bac,0x9bac,0x944f,0x944f,0xacf1,0xacf1,0xc593,0xc593,
    0xc593,0xc593,0xc593,0xc593,0xc593,0xc593,0xc593,0xc593,0xc510,0xc510,0xcc4b,0xcc4b,0xc368,0xc368,0xc368,0xc368,
    0xe346,0xe346,0xe346,0xe346,0xe346,0xe346,0xe346,0xe346,0xe346,0xe346,0xe346,0xe346,0xe346,0xe346,0xe346,0xe346,
    0xc286,0xc286,0xa1e6,0xa1e6,0xa1e6,0xa1e6,0xc286,0xc286,0xc286,0xc286,0xe346,0xe346,0xe346,0xe346,0xe346,0xe346,
    0xe346,0xe346,0xe346,0xe346,0xe346,0xe346,0xcc4b,0xcc4b,0xc4ae,0xc4ae,0xc368,0xc368,0xc510,0xc510,0xde55,0xde55,
    0xf6f8,0xf6f8,0xf6b5,0xf6b5,0xee75,0xee75,0xde55,0xde55,0xc593,0xc593,0x732c,0x732c,0x732c,0x732c,0xc510,0xc510,
    0xf6b5,0xf6b5,0xc593,0xc593,0xe52d,0xe52d,0xe52d,0xe52d,0x9bac,0x9bac,0xbbeb,0xbbeb,0xbbeb,0xbbeb,0x0000,0x0000,
    0x0000,0x0000,0x0000,0x0000,0x0000,0x0000,0x0000,0x0000,0x0000,0x0000,0x0000,0x0000,0x0000,0x0000,0x0000,0x0000,
    0x0000,0x0000,0x0000,0x0000,0x0000,0x0000,0x0000,0x0000,0x0000,0x0000,0x0000,0x0000,0x2967,0x2967,0x7a89,0x7a89,
    0x8b2b,0x8b2b,0x9bac,0x9bac,0x944f,0x944f,0xacf1,0xacf1,0xc593,0xc593,0xc593,0xc593,0xc593,0xc593,0xc593,0xc593,
    0xc593,0xc593,0xc510,0xc510,0xcc4b,0xcc4b,0xc368,0xc368,0xc368,0xc368,0xe346,0xe346,0xe346,0xe346,0xe346,0xe346,
    0xe346,0xe346,0xe346,0xe346,0xe346,0xe346,0xe346,0xe346,0xe346,0xe346,0xc286,0xc286,0xa1e6,0xa1e6,0xa1e6,0xa1e6,
    0xc286,0xc286,0xc286,0xc286,0xe346,0xe346,0xe346,0xe346,0xe346,0xe346,0xe346,0xe346,0xe346,0xe346,0xe346,0xe346,
    0xcc4b,0xcc4b,0xc4ae,0xc4ae,0xc368,0xc368,0xc510,0xc510,0xde55,0xde55,0xf6f8,0xf6f8,0xf6b5,0xf6b5,0xee75,0xee75,
    0xde55,0xde55,0xc593,0xc593,0x732c,0x732c,0x732c,0x732c,0xc510,0xc510,0xf6b5,0xf6b5,0xc593,0xc593,0xe52d,0xe52d,
    0xe52d,0xe52d,0x9bac,0x9bac,0xbbeb,0xbbeb,0xbbeb,0xbbeb,0x0000,0x0000,0x0000,0x0000,0x0000,0x0000,0x0000,0x0000,
    0x0000,0x0000,0x0000,0x0000,0x0000,0x0000,0x0000,0x0000,0x0000,0x0000,0x0000,0x0000,0x0000,0x0000,0x0000,0x0000,
    0x0000,0x0000,0x0000,0x0000,0x0000,0x0000,0x2967,0x2967,0x8b2b,0x8b2b,0x8b2b,0x8b2b,0x9bac,0x9bac,0x944f,0x944f,
    0x944f,0x944f,0xc510,0xc510,0xc510,0xc510,0xc4ae,0xc4ae,0xcc4b,0xcc4b,0xbbeb,0xbbeb,0xe346,0xe346,0xe346,0xe346,
    0xe346,0xe346,0xe346,0xe346,0xe346,0xe346,0xe346,0xe346,0xe346,0xe346,0xe346,0xe346,0xe346,0xe346,0xc286,0xc286,
    0xa1e6,0xa1e6,0xa1e6,0xa1e6,0xa1e6,0xa1e6,0xa1e6,0xa1e6,0xc286,0xc286,0xe346,0xe346,0xe346,0xe346,0xe346,0xe346,
    0xe346,0xe346,0xe346,0xe346,0xe346,0xe346,0xc368,0xc368,0xe52d,0xe52d,0xf6f8,0xf6f8,0xde55,0xde55,0xf6f8,0xf6f8,
    0xf6f8,0xf6f8,0xf6b5,0xf6b5,0xee75,0xee75,0xde55,0xde55,0xde55,0xde55,0xacf1,0xacf1,0x526a,0x526a,0x732c,0x732c,
    0xc593,0xc593,0xde55,0xde55,0xc510,0xc510,0xe52d,0xe52d,0xbc4c,0xbc4c,0x9b4a,0x9b4a,0xcc4b,0xcc4b,0x9bac,0x9bac,
    0x0000,0x0000,0x0000,0x0000,0x0000,0x0000,0x0000,0x0000,0x0000,0x0000,0x0000,0x0000,0x0000,0x0000,0x0000,0x0000,
    0x0000,0x0000,0x0000,0x0000,0x0000,0x0000,0x0000,0x0000,0x0000,0x0000,0x0000,0x0000,0x0000,0x0000,0x0000,0x0000,
    0x2967,0x2967,0x8b2b,0x8b2b,0x8b2b,0x8b2b,0x9bac,0x9bac,0x944f,0x944f,0x944f,0x944f,0xc510,0xc510,0xc510,0xc510,
    0xc4ae,0xc4ae,0xcc4b,0xcc4b,0xbbeb,0xbbeb,0xe346,0xe346,0xe346,0xe346,0xe346,0xe346,0xe346,0xe346,0xe346,0xe346,
    0xe346,0xe346,0xe346,0xe346,0xe346,0xe346,0xe346,0xe346,0xc286,0xc286,0xa1e6,0xa1e6,0xa1e6,0xa1e6,0xa1e6,0xa1e6,
    0xa1e6,0xa1e6,0xc286,0xc286,0xe346,0xe346,0xe346,0xe346,0xe346,0xe346,0xe346,0xe346,0xe346,0xe346,0xe346,0xe346,
    0xc368,0xc368,0xe52d,0xe52d,0xf6f8,0xf6f8,0xde55,0xde55,0xf6f8,0xf6f8,0xf6f8,0xf6f8,0xf6b5,0xf6b5,0xee75,0xee75,
    0xde55,0xde55,0xde55,0xde55,0xacf1,0xacf1,0x526a,0x526a,0x732c,0x732c,0xc593,0xc593,0xde55,0xde55,0xc510,0xc510,
    0xe52d,0xe52d,0xbc4c,0xbc4c,0x9b4a,0x9b4a,0xcc4b,0xcc4b,0x9bac,0x9bac,0x0000,0x0000,0x0000,0x0000,0x0000,0x0000,
    0x0000,0x0000,0x0000,0x0000,0x0000,0x0000,0x0000,0x0000,0x0000,0x0000,0x0000,0x0000,0x0000,0x0000,0x0000,0x0000,
    0x0000,0x0000,0x0000,0x0000,0x0000,0x0000,0x0000,0x0000,0x0000,0x0000,0x526a,0x526a,0x8b2b,0x8b2b,0x8b2b,0x8b2b,
    0x8b2b,0x8b2b,0x9b4a,0x9b4a,0xa1e6,0xa1e6,0xc286,0xc286,0xc368,0xc368,0xc286,0xc286,0xc286,0xc286,0xc286,0xc286,
    0xe346,0xe346,0xe346,0xe346,0xe346,0xe346,0xe346,0xe346,0xe346,0xe346,0xc286,0xc286,0xa1e6,0xa1e6,0xa1e6,0xa1e6,
    0xa1e6,0xa1e6,0xa1e6,0xa1e6,0xa1e6,0xa1e6,0xc286,0xc286,0xc286,0xc286,0xe346,0xe346,0xe346,0xe346,0xe346,0xe346,
    0xe346,0xe346,0xe346,0xe346,0xc510,0xc510,0xe590,0xe590,0xe52d,0xe52d,0xee75,0xee75,0xf6f8,0xf6f8,0xf6b5,0xf6b5,
    0xf6b5,0xf6b5,0xf6f8,0xf6f8,0xde55,0xde55,0xc636,0xc636,0xc636,0xc636,0xde55,0xde55,0x944f,0x944f,0x732c,0x732c,
    0xacf1,0xacf1,0xde55,0xde55,0xe5f3,0xe5f3,0xe52d,0xe52d,0xc4ae,0xc4ae,0x9b4a,0x9b4a,0x9b4a,0x9b4a,0xbbeb,0xbbeb,
    0x8b2b,0x8b2b,0x0000,0x0000,0x0000,0x0000,0x0000,0x0000,0x0000,0x0000,0x0000,0x0000,0x0000,0x0000,0x0000,0x0000,
    0x0000,0x0000,0x0000,0x0000,0x0000,0x0000,0x0000,0x0000,0x0000,0x0000,0x0000,0x0000,0x0000,0x0000,0x0000,0x0000,
    0x0000,0x0000,0x0000,0x0000,0x526a,0x526a,0x8b2b,0x8b2b,0x8b2b,0x8b2b,0x8b2b,0x8b2b,0x9b4a,0x9b4a,0xa1e6,0xa1e6,
    0xc286,0xc286,0xc368,0xc368,0xc286,0xc286,0xc286,0xc286,0xc286,0xc286,0xe346,0xe346,0xe346,0xe346,0xe346,0xe346,
    0xe346,0xe346,0xe346,0xe346,0xc286,0xc286,0xa1e6,0xa1e6,0xa1e6,0xa1e6,0xa1e6,0xa1e6,0xa1e6,0xa1e6,0xa1e6,0xa1e6,
    0xc286,0xc286,0xc286,0xc286,0xe346,0xe346,0xe346,0xe346,0xe346,0xe346,0xe346,0xe346,0xe346,0xe346,0xc510,0xc510,
    0xe590,0xe590,0xe52d,0xe52d,0xee75,0xee75,0xf6f8,0xf6f8,0xf6b5,0xf6b5,0xf6b5,0xf6b5,0xf6f8,0xf6f8,0xde55,0xde55,
    0xc636,0xc636,0xc636,0xc636,0xde55,0xde55,0x944f,0x944f,0x732c,0x732c,0xacf1,0xacf1,0xde55,0xde55,0xe5f3,0xe5f3,
    0xe52d,0xe52d,0xc4ae,0xc4ae,0x9b4a,0x9b4a,0x9b4a,0x9b4a,0xbbeb,0xbbeb,0x8b2b,0x8b2b,0x0000,0x0000,0x0000,0x0000,
    0x0000,0x0000,0x0000,0x0000,0x0000,0x0000,0x0000,0x0000,0x0000,0x0000,0x0000,0x0000,0x0000,0x0000,0x0000,0x0000,
    0x0000,0x0000,0x0000,0x0000,0x0000,0x0000,0x0000,0x0000,0x0000,0x0000,0x0000,0x0000,0x0000,0x0000,0x7185,0x7185,
    0x7a89,0x7a89,0x7a89,0x7a89,0xa1e6,0xa1e6,0xa1e6,0xa1e6,0xa1e6,0xa1e6,0xc286,0xc286,0xc286,0xc286,0xc286,0xc286,
    0xc286,0xc286,0xc286,0xc286,0xa1e6,0xa1e6,0xa1e6,0xa1e6,0xc286,0xc286,0xa1e6,0xa1e6,0xa1e6,0xa1e6,0xa1e6,0xa1e6,
    0xa1e6,0xa1e6,0xa1e6,0xa1e6,0xa1e6,0xa1e6,0xc286,0xc286,0xe346,0xe346,0xe346,0xe346,0xe346,0xe346,0xe346,0xe346,
    0xe346,0xe346,0xc4ae,0xc4ae,0xc593,0xc593,0xe5f3,0xe5f3,0xf6f8,0xf6f8,0xf6f8,0xf6f8,0xc636,0xc636,0xc636,0xc636,
    0xde55,0xde55,0xde55,0xde55,0xde55,0xde55,0xc636,0xc636,0xc636,0xc636,0xf6f8,0xf6f8,0xc593,0xc593,0x732c,0x732c,
    0x732c,0x732c,0xc593,0xc593,0xde55,0xde55,0xe5f3,0xe5f3,0xe52d,0xe52d,0xbc4c,0xbc4c,0x9b4a,0x9b4a,0xcc4b,0xcc4b,
    0x9b4a,0x9b4a,0x0000,0x0000,0x0000,0x0000,0x0000,0x0000,0x0000,0x0000,0x0000,0x0000,0x0000,0x0000,0x0000,0x0000,
    0x0000,0x0000,0x0000,0x0000,0x0000,0x0000,0x0000,0x0000,0x0000,0x0000,0x0000,0x0000,0x0000,0x0000,0x0000,0x0000,
    0x0000,0x0000,0x0000,0x0000,0x0000,0x0000,0x0000,0x0000,0x7185,0x7185,0x7a89,0x7a89,0x7a89,0x7a89,0xa1e6,0xa1e6,
    0xa1e6,0xa1e6,0xa1e6,0xa1e6,0xc286,0xc286,0xc286,0xc286,0xc286,0xc286,0xc286,0xc286,0xc286,0xc286,0xa1e6,0xa1e6,
    0xa1e6,0xa1e6,0xc286,0xc286,0xa1e6,0xa1e6,0xa1e6,0xa1e6,0xa1e6,0xa1e6,0xa1e6,0xa1e6,0xa1e6,0xa1e6,0xa1e6,0xa1e6,
    0xc286,0xc286,0xe346,0xe346,0xe346,0xe346,0xe346,0xe346,0xe346,0xe346,0xe346,0xe346,0xc4ae,0xc4ae,0xc593,0xc593,
    0xe5f3,0xe5f3,0xf6f8,0xf6f8,0xf6f8,0xf6f8,0xc636,0xc636,0xc636,0xc636,0xde55,0xde55,0xde55,0xde55,0xde55,0xde55,
    0xc636,0xc636,0xc636,0xc636,0xf6f8,0xf6f8,0xc593,0xc593,0x732c,0x732c,0x732c,0x732c,0xc593,0xc593,0xde55,0xde55,
    0xe5f3,0xe5f3,0xe52d,0xe52d,0xbc4c,0xbc4c,0x9b4a,0x9b4a,0xcc4b,0xcc4b,0x9b4a,0x9b4a,0x0000,0x0000,0x0000,0x0000,
    0x0000,0x0000,0x0000,0x0000,0x0000,0x0000,0x0000,0x0000,0x0000,0x0000,0x0000,0x0000,0x0000,0x0000,0x0000,0x0000,
    0x0000,0x0000,0x0000,0x0000,0x0000,0x0000,0x0000,0x0000,0x0000,0x0000,0x0000,0x0000,0x0000,0x0000,0x0000,0x0000,
    0x1862,0x1862,0x7185,0x7185,0x7185,0x7185,0xa1e6,0xa1e6,0xa1e6,0xa1e6,0xa1e6,0xa1e6,0xa1e6,0xa1e6,0xa1e6,0xa1e6,
    0xc286,0xc286,0xc286,0xc286,0xa1e6,0xa1e6,0xa1e6,0xa1e6,0xa1e6,0xa1e6,0xa1e6,0xa1e6,0xa1e6,0xa1e6,0xa1e6,0xa1e6,
    0xa1e6,0xa1e6,0xa1e6,0xa1e6,0xc286,0xc286,0xc286,0xc286,0xe346,0xe346,0xe346,0xe346,0xe346,0xe346,0xe346,0xe346,
    0xbc4c,0xbc4c,0xacf1,0xacf1,0xc593,0xc593,0xde55,0xde55,0xf6f8,0xf6f8,0xf6f8,0xf6f8,0xde55,0xde55,0xb5d5,0xb5d5,
    0xb5d5,0xb5d5,0xb5d5,0xb5d5,0xc636,0xc636,0xde55,0xde55,0xde55,0xde55,0xf6f8,0xf6f8,0xf6b5,0xf6b5,0x944f,0x944f,
    0x732c,0x732c,0xacf1,0xacf1,0xde55,0xde55,0xe5f3,0xe5f3,0xe52d,0xe52d,0xbc4c,0xbc4c,0x9b4a,0x9b4a,0xbbeb,0xbbeb,
    0xbbeb,0xbbeb,0x732c,0x732c,0x0000,0x0000,0x0000,0x0000,0x0000,0x0000,0x0000,0x0000,0x0000,0x0000,0x0000,0x0000,
    0x0000,0x0000,0x0000,0x0000,0x0000,0x0000,0x0000,0x0000,0x0000,0x0000,0x0000,0x0000,0x0000,0x0000,0x0000,0x0000,
    0x0000,0x0000,0x0000,0x0000,0x0000,0x0000,0x0000,0x0000,0x0000,0x0000,0x1862,0x1862,0x7185,0x7185,0x7185,0x7185,
    0xa1e6,0xa1e6,0xa1e6,0xa1e6,0xa1e6,0xa1e6,0xa1e6,0xa1e6,0xa1e6,0xa1e6,0xc286,0xc286,0xc286,0xc286,0xa1e6,0xa1e6,
    0xa1e6,0xa1e6,0xa1e6,0xa1e6,0xa1e6,0xa1e6,0xa1e6,0xa1e6,0xa1e6,0xa1e6,0xa1e6,0xa1e6,0xa1e6,0xa1e6,0xc286,0xc286,
    0xc286,0xc286,0xe346,0xe346,0xe346,0xe346,0xe346,0xe346,0xe346,0xe346,0xbc4c,0xbc4c,0xacf1,0xacf1,0xc593,0xc593,
    0xde55,0xde55,0xf6f8,0xf6f8,0xf6f8,0xf6f8,0xde55,0xde55,0xb5d5,0xb5d5,0xb5d5,0xb5d5,0xb5d5,0xb5d5,0xc636,0xc636,
    0xde55,0xde55,0xde55,0xde55,0xf6f8,0xf6f8,0xf6b5,0xf6b5,0x944f,0x944f,0x732c,0x732c,0xacf1,0xacf1,0xde55,0xde55,
    0xe5f3,0xe5f3,0xe52d,0xe52d,0xbc4c,0xbc4c,0x9b4a,0x9b4a,0xbbeb,0xbbeb,0xbbeb,0xbbeb,0x732c,0x732c,0x0000,0x0000,
    0x0000,0x0000,0x0000,0x0000,0x0000,0x0000,0x0000,0x0000,0x0000,0x0000,0x0000,0x0000,0x0000,0x0000,0x0000,0x0000,
    0x0000,0x0000,0x0000,0x0000,0x0000,0x0000,0x0000,0x0000,0x0000,0x0000,0x0000,0x0000,0x0000,0x0000,0x0000,0x0000,
    0x0000,0x0000,0x0000,0x0000,0x1862,0x1862,0x7185,0x7185,0x7185,0x7185,0x7185,0x7185,0x7185,0x7185,0x7185,0x7185,
    0x7185,0x7185,0x7185,0x7185,0xa1e6,0xa1e6,0xa1e6,0xa1e6,0x7185,0x7185,0xa1e6,0xa1e6,0xa1e6,0xa1e6,0xa1e6,0xa1e6,
    0xa1e6,0xa1e6,0xc286,0xc286,0xc286,0xc286,0xc286,0xc286,0xc286,0xc286,0xc368,0xc368,0xc286,0xc286,0xc368,0xc368,
    0xbc4c,0xbc4c,0x9db5,0x9db5,0xc636,0xc636,0xde55,0xde55,0xf6b5,0xf6b5,0xee75,0xee75,0xde55,0xde55,0xb5d5,0xb5d5,
    0xb5d5,0xb5d5,0xb5d5,0xb5d5,0xc636,0xc636,0xc636,0xc636,0xf6f8,0xf6f8,0xf6f8,0xf6f8,0xf6b5,0xf6b5,0xacf1,0xacf1,
    0x732c,0x732c,0x944f,0x944f,0xde55,0xde55,0xee75,0xee75,0xe590,0xe590,0xc4ae,0xc4ae,0x9b4a,0x9b4a,0xbbeb,0xbbeb,
    0xbbeb,0xbbeb,0x8b2b,0x8b2b,0x0000,0x0000,0x0000,0x0000,0x0000,0x0000,0x0000,0x0000,0x0000,0x0000,0x0000,0x0000,
    0x0000,0x0000,0x0000,0x0000,0x0000,0x0000,0x0000,0x0000,0x0000,0x0000,0x0000,0x0000,0x0000,0x0000,0x0000,0x0000,
    0x0000,0x0000,0x0000,0x0000,0x0000,0x0000,0x0000,0x0000,0x0000,0x0000,0x0000,0x0000,0x0000,0x0000,0x1862,0x1862,
    0x7185,0x7185,0x7185,0x7185,0x7185,0x7185,0x7185,0x7185,0x7185,0x7185,0x7185,0x7185,0x7185,0x7185,0xa1e6,0xa1e6,
    0xa1e6,0xa1e6,0x7185,0x7185,0xa1e6,0xa1e6,0xa1e6,0xa1e6,0xa1e6,0xa1e6,0xa1e6,0xa1e6,0xc286,0xc286,0xc286,0xc286,
    0xc286,0xc286,0xc286,0xc286,0xc368,0xc368,0xc286,0xc286,0xc368,0xc368,0xbc4c,0xbc4c,0x9db5,0x9db5,0xc636,0xc636,
    0xde55,0xde55,0xf6b5,0xf6b5,0xee75,0xee75,0xde55,0xde55,0xb5d5,0xb5d5,0xb5d5,0xb5d5,0xb5d5,0xb5d5,0xc636,0xc636,
    0xc636,0xc636,0xf6f8,0xf6f8,0xf6f8,0xf6f8,0xf6b5,0xf6b5,0xacf1,0xacf1,0x732c,0x732c,0x944f,0x944f,0xde55,0xde55,
    0xee75,0xee75,0xe590,0xe590,0xc4ae,0xc4ae,0x9b4a,0x9b4a,0xbbeb,0xbbeb,0xbbeb,0xbbeb,0x8b2b,0x8b2b,0x0000,0x0000,
    0x0000,0x0000,0x0000,0x0000,0x0000,0x0000,0x0000,0x0000,0x0000,0x0000,0x0000,0x0000,0x0000,0x0000,0x0000,0x0000,
    0x0000,0x0000,0x0000,0x0000,0x0000,0x0000,0x0000,0x0000,0x0000,0x0000,0x0000,0x0000,0x0000,0x0000,0x0000,0x0000,
    0x0000,0x0000,0x0000,0x0000,0x0000,0x0000,0x0000,0x0000,0x1862,0x1862,0x7185,0x7185,0x7185,0x7185,0x7185,0x7185,
    0x7185,0x7185,0x7185,0x7185,0x7185,0x7185,0x7185,0x7185,0x7185,0x7185,0xa1e6,0xa1e6,0xa1e6,0xa1e6,0xa1e6,0xa1e6,
    0xc286,0xc286,0xc286,0xc286,0xc286,0xc286,0xcc4b,0xcc4b,0xc368,0xc368,0xc368,0xc368,0xacf1,0xacf1,0xacf1,0xacf1,
    0xacf1,0xacf1,0xb5d5,0xb5d5,0xb5d5,0xb5d5,0xc636,0xc636,0xde55,0xde55,0xc636,0xc636,0xc636,0xc636,0xb5d5,0xb5d5,
    0xb5d5,0xb5d5,0xc636,0xc636,0xc636,0xc636,0xde55,0xde55,0xf6f8,0xf6f8,0xf6b5,0xf6b5,0xf6b5,0xf6b5,0xacf1,0xacf1,
    0x732c,0x732c,0x944f,0x944f,0xc593,0xc593,0xee75,0xee75,0xe590,0xe590,0xc4ae,0xc4ae,0xbbeb,0xbbeb,0xbbeb,0xbbeb,
    0xc368,0xc368,0x9bac,0x9bac,0x526a,0x526a,0x0000,0x0000,0x0000,0x0000,0x0000,0x0000,0x0000,0x0000,0x0000,0x0000,
    0x0000,0x0000,0x0000,0x0000,0x0000,0x0000,0x0000,0x0000,0x0000,0x0000,0x0000,0x0000,0x0000,0x0000,0x0000,0x0000,
    0x0000,0x0000,0x0000,0x0000,0x0000,0x0000,0x0000,0x0000,0x0000,0x0000,0x0000,0x0000,0x0000,0x0000,0x0000,0x0000,
    0x0000,0x0000,0x1862,0x1862,0x7185,0x7185,0x7185,0x7185,0x7185,0x7185,0x7185,0x7185,0x7185,0x7185,0x7185,0x7185,
    0x7185,0x7185,0x7185,0x7185,0xa1e6,0xa1e6,0xa1e6,0xa1e6,0xa1e6,0xa1e6,0xc286,0xc286,0xc286,0xc286,0xc286,0xc286,
    0xcc4b,0xcc4b,0xc368,0xc368,0xc368,0xc368,0xacf1,0xacf1,0xacf1,0xacf1,0xacf1,0xacf1,0xb5d5,0xb5d5,0xb5d5,0xb5d5,
    0xc636,0xc636,0xde55,0xde55,0xc636,0xc636,0xc636,0xc636,0xb5d5,0xb5d5,0xb5d5,0xb5d5,0xc636,0xc636,0xc636,0xc636,
    0xde55,0xde55,0xf6f8,0xf6f8,0xf6b5,0xf6b5,0xf6b5,0xf6b5,0xacf1,0xacf1,0x732c,0x732c,0x944f,0x944f,0xc593,0xc593,
    0xee75,0xee75,0xe590,0xe590,0xc4ae,0xc4ae,0xbbeb,0xbbeb,0xbbeb,0xbbeb,0xc368,0xc368,0x9bac,0x9bac,0x526a,0x526a,
    0x0000,0x0000,0x0000,0x0000,0x0000,0x0000,0x0000,0x0000,0x0000,0x0000,0x0000,0x0000,0x0000,0x0000,0x0000,0x0000,
    0x0000,0x0000,0x0000,0x0000,0x0000,0x0000,0x0000,0x0000,0x0000,0x0000,0x0000,0x0000,0x0000,0x0000,0x0000,0x0000,
    0x0000,0x0000,0x0000,0x0000,0x0000,0x0000,0x0000,0x0000,0x0000,0x0000,0x0000,0x0000,0x1862,0x1862,0x7185,0x7185,
    0x7185,0x7185,0x7185,0x7185,0x7185,0x7185,0x7185,0x7185,0x7185,0x7185,0x7185,0x7185,0xa1e6,0xa1e6,0xa1e6,0xa1e6,
    0xa1e6,0xa1e6,0x9b4a,0x9b4a,0xa1e6,0xa1e6,0x9b4a,0x9b4a,0xc510,0xc510,0xc510,0xc510,0xacf1,0xacf1,0x9db5,0x9db5,
    0xb5d5,0xb5d5,0xb5d5,0xb5d5,0xb5d5,0xb5d5,0xc636,0xc636,0xb5d5,0xb5d5,0xb5d5,0xb5d5,0xb5d5,0xb5d5,0xb5d5,0xb5d5,
    0xc636,0xc636,0xc636,0xc636,0xde55,0xde55,0xf6b5,0xf6b5,0xf6b5,0xf6b5,0xee75,0xee75,0xe590,0xe590,0xbc4c,0xbc4c,
    0x732c,0x732c,0x944f,0x944f,0xc593,0xc593,0xee75,0xee75,0xe590,0xe590,0xc4ae,0xc4ae,0xbc4c,0xbc4c,0xbbeb,0xbbeb,
    0xc368,0xc368,0x9b4a,0x9b4a,0x732c,0x732c,0x8d13,0x8d13,0x536e,0x536e,0x0000,0x0000,0x0000,0x0000,0x0000,0x0000,
    0x0000,0x0000,0x0000,0x0000,0x0000,0x0000,0x0000,0x0000,0x0000,0x0000,0x0000,0x0000,0x0000,0x0000,0x0000,0x0000,
    0x0000,0x0000,0x0000,0x0000,0x0000,0x0000,0x0000,0x0000,0x0000,0x0000,0x0000,0x0000,0x0000,0x0000,0x0000,0x0000,
    0x0000,0x0000,0x0000,0x0000,0x0000,0x0000,0x1862,0x1862,0x7185,0x7185,0x7185,0x7185,0x7185,0x7185,0x7185,0x7185,
    0x7185,0x7185,0x7185,0x7185,0x7185,0x7185,0xa1e6,0xa1e6,0xa1e6,0xa1e6,0xa1e6,0xa1e6,0x9b4a,0x9b4a,0xa1e6,0xa1e6,
    0x9b4a,0x9b4a,0xc510,0xc510,0xc510,0xc510,0xacf1,0xacf1,0x9db5,0x9db5,0xb5d5,0xb5d5,0xb5d5,0xb5d5,0xb5d5,0xb5d5,
    0xc636,0xc636,0xb5d5,0xb5d5,0xb5d5,0xb5d5,0xb5d5,0xb5d5,0xb5d5,0xb5d5,0xc636,0xc636,0xc636,0xc636,0xde55,0xde55,
    0xf6b5,0xf6b5,0xf6b5,0xf6b5,0xee75,0xee75,0xe590,0xe590,0xbc4c,0xbc4c,0x732c,0x732c,0x944f,0x944f,0xc593,0xc593,
    0xee75,0xee75,0xe590,0xe590,0xc4ae,0xc4ae,0xbc4c,0xbc4c,0xbbeb,0xbbeb,0xc368,0xc368,0x9b4a,0x9b4a,0x732c,0x732c,
    0x8d13,0x8d13,0x536e,0x536e,0x0000,0x0000,0x0000,0x0000,0x0000,0x0000,0x0000,0x0000,0x0000,0x0000,0x0000,0x0000,
    0x0000,0x0000,0x0000,0x0000,0x0000,0x0000,0x0000,0x0000,0x0000,0x0000,0x0000,0x0000,0x0000,0x0000,0x0000,0x0000,
    0x0000,0x0000,0x0000,0x0000,0x0000,0x0000,0x0000,0x0000,0x0000,0x0000,0x0000,0x0000,0x0000,0x0000,0x0000,0x0000,
    0x2967,0x2967,0x7185,0x7185,0x7185,0x7185,0x7185,0x7185,0x7185,0x7185,0x7185,0x7185,0x7a89,0x7a89,0x7185,0x7185,
    0xa1e6,0xa1e6,0x9b4a,0x9b4a,0x9bac,0x9bac,0x8d13,0x8d13,0x8d13,0x8d13,0x9db5,0x9db5,0x8d13,0x8d13,0x8d13,0x8d13,
    0x9db5,0x9db5,0x9db5,0x9db5,0x9db5,0x9db5,0x9db5,0x9db5,0xb5d5,0xb5d5,0xb5d5,0xb5d5,0xb5d5,0xb5d5,0xc636,0xc636,
    0xde55,0xde55,0xde55,0xde55,0xde55,0xde55,0xde55,0xde55,0xde55,0xde55,0xe5f3,0xe5f3,0xc4ae,0xc4ae,0x9b4a,0x9b4a,
    0x732c,0x732c,0x944f,0x944f,0xc593,0xc593,0xde55,0xde55,0xe590,0xe590,0xc4ae,0xc4ae,0xbc4c,0xbc4c,0xbbeb,0xbbeb,
    0xc368,0xc368,0xbbeb,0xbbeb,0x732c,0x732c,0x6bef,0x6bef,0x8d13,0x8d13,0x9db5,0x9db5,0x536e,0x536e,0x0000,0x0000,
    0x0000,0x0000,0x0000,0x0000,0x0000,0x0000,0x0000,0x0000,0x0000,0x0000,0x0000,0x0000,0x0000,0x0000,0x0000,0x0000,
    0x0000,0x0000,0x0000,0x0000,0x0000,0x0000,0x0000,0x0000,0x0000,0x0000,0x0000,0x0000,0x0000,0x0000,0x0000,0x0000,
    0x0000,0x0000,0x0000,0x0000,0x0000,0x0000,0x0000,0x0000,0x0000,0x0000,0x2967,0x2967,0x7185,0x7185,0x7185,0x7185,
    0x7185,0x7185,0x7185,0x7185,0x7185,0x7185,0x7a89,0x7a89,0x7185,0x7185,0xa1e6,0xa1e6,0x9b4a,0x9b4a,0x9bac,0x9bac,
    0x8d13,0x8d13,0x8d13,0x8d13,0x9db5,0x9db5,0x8d13,0x8d13,0x8d13,0x8d13,0x9db5,0x9db5,0x9db5,0x9db5,0x9db5,0x9db5,
    0x9db5,0x9db5,0xb5d5,0xb5d5,0xb5d5,0xb5d5,0xb5d5,0xb5d5,0xc636,0xc636,0xde55,0xde55,0xde55,0xde55,0xde55,0xde55,
    0xde55,0xde55,0xde55,0xde55,0xe5f3,0xe5f3,0xc4ae,0xc4ae,0x9b4a,0x9b4a,0x732c,0x732c,0x944f,0x944f,0xc593,0xc593,
    0xde55,0xde55,0xe590,0xe590,0xc4ae,0xc4ae,0xbc4c,0xbc4c,0xbbeb,0xbbeb,0xc368,0xc368,0xbbeb,0xbbeb,0x732c,0x732c,
    0x6bef,0x6bef,0x8d13,0x8d13,0x9db5,0x9db5,0x536e,0x536e,0x0000,0x0000,0x0000,0x0000,0x0000,0x0000,0x0000,0x0000,
    0x0000,0x0000,0x0000,0x0000,0x0000,0x0000,0x0000,0x0000,0x0000,0x0000,0x0000,0x0000,0x0000,0x0000,0x0000,0x0000,
    0x0000,0x0000,0x0000,0x0000,0x0000,0x0000,0x0000,0x0000,0x0000,0x0000,0x0000,0x0000,0x0000,0x0000,0x0000,0x0000,
    0x526a,0x526a,0x7a89,0x7a89,0x2967,0x2967,0x7185,0x7185,0x7185,0x7185,0x7185,0x7185,0x7185,0x7185,0x732c,0x732c,
    0x536e,0x536e,0x732c,0x732c,0x732c,0x732c,0x8d13,0x8d13,0x8d13,0x8d13,0x8d13,0x8d13,0x9db5,0x9db5,0x8d13,0x8d13,
    0x8d13,0x8d13,0x8d13,0x8d13,0x8d13,0x8d13,0x9db5,0x9db5,0xb5d5,0xb5d5,0xb5d5,0xb5d5,0xb5d5,0xb5d5,0xc636,0xc636,
    0xc636,0xc636,0xc636,0xc636,0xc593,0xc593,0xe590,0xe590,0xe5f3,0xe5f3,0xe4cb,0xe4cb,0xbbeb,0xbbeb,0x8b2b,0x8b2b,
    0x732c,0x732c,0x944f,0x944f,0xc593,0xc593,0xde55,0xde55,0xe590,0xe590,0xc4ae,0xc4ae,0xbc4c,0xbc4c,0xbbeb,0xbbeb,
    0xc368,0xc368,0x9b4a,0x9b4a,0x732c,0x732c,0x6bef,0x6bef,0x9db5,0x9db5,0x9db5,0x9db5,0x9db5,0x9db5,0xacf1,0xacf1,
    0x536e,0x536e,0x0000,0x0000,0x0000,0x0000,0x0000,0x0000,0x0000,0x0000,0x0000,0x0000,0x0000,0x0000,0x0000,0x0000,
    0x0000,0x0000,0x0000,0x0000,0x0000,0x0000,0x0000,0x0000,0x0000,0x0000,0x0000,0x0000,0x0000,0x0000,0x0000,0x0000,
    0x0000,0x0000,0x0000,0x0000,0x0000,0x0000,0x0000,0x0000,0x0000,0x0000,0x526a,0x526a,0x7a89,0x7a89,0x2967,0x2967,
    0x7185,0x7185,0x7185,0x7185,0x7185,0x7185,0x7185,0x7185,0x732c,0x732c,0x536e,0x536e,0x732c,0x732c,0x732c,0x732c,
    0x8d13,0x8d13,0x8d13,0x8d13,0x8d13,0x8d13,0x9db5,0x9db5,0x8d13,0x8d13,0x8d13,0x8d13,0x8d13,0x8d13,0x8d13,0x8d13,
    0x9db5,0x9db5,0xb5d5,0xb5d5,0xb5d5,0xb5d5,0xb5d5,0xb5d5,0xc636,0xc636,0xc636,0xc636,0xc636,0xc636,0xc593,0xc593,
    0xe590,0xe590,0xe5f3,0xe5f3,0xe4cb,0xe4cb,0xbbeb,0xbbeb,0x8b2b,0x8b2b,0x732c,0x732c,0x944f,0x944f,0xc593,0xc593,
    0xde55,0xde55,0xe590,0xe590,0xc4ae,0xc4ae,0xbc4c,0xbc4c,0xbbeb,0xbbeb,0xc368,0xc368,0x9b4a,0x9b4a,0x732c,0x732c,
    0x6bef,0x6bef,0x9db5,0x9db5,0x9db5,0x9db5,0x9db5,0x9db5,0xacf1,0xacf1,0x536e,0x536e,0x0000,0x0000,0x0000,0x0000,
    0x0000,0x0000,0x0000,0x0000,0x0000,0x0000,0x0000,0x0000,0x0000,0x0000,0x0000,0x0000,0x0000,0x0000,0x0000,0x0000,
    0x0000,0x0000,0x0000,0x0000,0x0000,0x0000,0x0000,0x0000,0x0000,0x0000,0x0000,0x0000,0x0000,0x0000,0x0000,0x0000,
    0x0000,0x0000,0x7a89,0x7a89,0x7a89,0x7a89,0x8b2b,0x8b2b,0x526a,0x526a,0x2967,0x2967,0x526a,0x526a,0x526a,0x526a,
    0x536e,0x536e,0x6bef,0x6bef,0x6bef,0x6bef,0x6bef,0x6bef,0x6bef,0x6bef,0x6bef,0x6bef,0x8d13,0x8d13,0x8d13,0x8d13,
    0x8d13,0x8d13,0x8d13,0x8d13,0x8d13,0x8d13,0x9db5,0x9db5,0x9db5,0x9db5,0xb5d5,0xb5d5,0xb5d5,0xb5d5,0x9db5,0x9db5,
    0x9db5,0x9db5,0xacf1,0xacf1,0xc510,0xc510,0xc4ae,0xc4ae,0xe4cb,0xe4cb,0xcc4b,0xcc4b,0x9b4a,0x9b4a,0x8b2b,0x8b2b,
    0x732c,0x732c,0xacf1,0xacf1,0xde55,0xde55,0xee75,0xee75,0xe590,0xe590,0xc4ae,0xc4ae,0xbbeb,0xbbeb,0xbbeb,0xbbeb,
    0xc368,0xc368,0x9b4a,0x9b4a,0x732c,0x732c,0x6bef,0x6bef,0x9db5,0x9db5,0x9db5,0x9db5,0xacf1,0xacf1,0xc4ae,0xc4ae,
    0xcc4b,0xcc4b,0xcc4b,0xcc4b,0x8b2b,0x8b2b,0x0000,0x0000,0x0000,0x0000,0x0000,0x0000,0x0000,0x0000,0x0000,0x0000,
    0x0000,0x0000,0x0000,0x0000,0x0000,0x0000,0x0000,0x0000,0x0000,0x0000,0x0000,0x0000,0x0000,0x0000,0x0000,0x0000,
    0x0000,0x0000,0x0000,0x0000,0x0000,0x0000,0x0000,0x0000,0x0000,0x0000,0x0000,0x0000,0x7a89,0x7a89,0x7a89,0x7a89,
    0x8b2b,0x8b2b,0x526a,0x526a,0x2967,0x2967,0x526a,0x526a,0x526a,0x526a,0x536e,0x536e,0x6bef,0x6bef,0x6bef,0x6bef,
    0x6bef,0x6bef,0x6bef,0x6bef,0x6bef,0x6bef,0x8d13,0x8d13,0x8d13,0x8d13,0x8d13,0x8d13,0x8d13,0x8d13,0x8d13,0x8d13,
    0x9db5,0x9db5,0x9db5,0x9db5,0xb5d5,0xb5d5,0xb5d5,0xb5d5,0x9db5,0x9db5,0x9db5,0x9db5,0xacf1,0xacf1,0xc510,0xc510,
    0xc4ae,0xc4ae,0xe4cb,0xe4cb,0xcc4b,0xcc4b,0x9b4a,0x9b4a,0x8b2b,0x8b2b,0x732c,0x732c,0xacf1,0xacf1,0xde55,0xde55,
    0xee75,0xee75,0xe590,0xe590,0xc4ae,0xc4ae,0xbbeb,0xbbeb,0xbbeb,0xbbeb,0xc368,0xc368,0x9b4a,0x9b4a,0x732c,0x732c,
    0x6bef,0x6bef,0x9db5,0x9db5,0x9db5,0x9db5,0xacf1,0xacf1,0xc4ae,0xc4ae,0xcc4b,0xcc4b,0xcc4b,0xcc4b,0x8b2b,0x8b2b,
    0x0000,0x0000,0x0000,0x0000,0x0000,0x0000,0x0000,0x0000,0x0000,0x0000,0x0000,0x0000,0x0000,0x0000,0x0000,0x0000,
    0x0000,0x0000,0x0000,0x0000,0x0000,0x0000,0x0000,0x0000,0x0000,0x0000,0x0000,0x0000,0x0000,0x0000,0x0000,0x0000,
    0x0000,0x0000,0x0000,0x0000,0x7a89,0x7a89,0x7a89,0x7a89,0x8b2b,0x8b2b,0xacf1,0xacf1,0x732c,0x732c,0x2a2a,0x2a2a,
    0x536e,0x536e,0x536e,0x536e,0x536e,0x536e,0x536e,0x536e,0x536e,0x536e,0x536e,0x536e,0x6bef,0x6bef,0x6bef,0x6bef,
    0x8d13,0x8d13,0x8d13,0x8d13,0x8d13,0x8d13,0x9db5,0x9db5,0x9db5,0x9db5,0x9db5,0x9db5,0x8d13,0x8d13,0x8d13,0x8d13,
    0x8d13,0x8d13,0xc4ae,0xc4ae,0xcc4b,0xcc4b,0xcc4b,0xcc4b,0xc368,0xc368,0xc368,0xc368,0x8b2b,0x8b2b,0x732c,0x732c,
    0x944f,0x944f,0xc593,0xc593,0xde55,0xde55,0xe5f3,0xe5f3,0xe590,0xe590,0xc4ae,0xc4ae,0xbbeb,0xbbeb,0xbbeb,0xbbeb,
    0xbbeb,0xbbeb,0x9b4a,0x9b4a,0x6bef,0x6bef,0x6bef,0x6bef,0x8d13,0x8d13,0xacf1,0xacf1,0xc4ae,0xc4ae,0xcc4b,0xcc4b,
    0xcc4b,0xcc4b,0xec49,0xec49,0xe4cb,0xe4cb,0xe4cb,0xe4cb,0x526a,0x526a,0x0000,0x0000,0x0000,0x0000,0x0000,0x0000,
    0x0000,0x0000,0x0000,0x0000,0x0000,0x0000,0x0000,0x0000,0x0000,0x0000,0x0000,0x0000,0x0000,0x0000,0x0000,0x0000,
    0x0000,0x0000,0x0000,0x0000,0x0000,0x0000,0x0000,0x0000,0x0000,0x0000,0x0000,0x0000,0x0000,0x0000,0x7a89,0x7a89,
    0x7a89,0x7a89,0x8b2b,0x8b2b,0xacf1,0xacf1,0x732c,0x732c,0x2a2a,0x2a2a,0x536e,0x536e,0x536e,0x536e,0x536e,0x536e,
    0x536e,0x536e,0x536e,0x536e,0x536e,0x536e,0x6bef,0x6bef,0x6bef,0x6bef,0x8d13,0x8d13,0x8d13,0x8d13,0x8d13,0x8d13,
    0x9db5,0x9db5,0x9db5,0x9db5,0x9db5,0x9db5,0x8d13,0x8d13,0x8d13,0x8d13,0x8d13,0x8d13,0xc4ae,0xc4ae,0xcc4b,0xcc4b,
    0xcc4b,0xcc4b,0xc368,0xc368,0xc368,0xc368,0x8b2b,0x8b2b,0x732c,0x732c,0x944f,0x944f,0xc593,0xc593,0xde55,0xde55,
    0xe5f3,0xe5f3,0xe590,0xe590,0xc4ae,0xc4ae,0xbbeb,0xbbeb,0xbbeb,0xbbeb,0xbbeb,0xbbeb,0x9b4a,0x9b4a,0x6bef,0x6bef,
    0x6bef,0x6bef,0x8d13,0x8d13,0xacf1,0xacf1,0xc4ae,0xc4ae,0xcc4b,0xcc4b,0xcc4b,0xcc4b,0xec49,0xec49,0xe4cb,0xe4cb,
    0xe4cb,0xe4cb,0x526a,0x526a,0x0000,0x0000,0x0000,0x0000,0x0000,0x0000,0x0000,0x0000,0x0000,0x0000,0x0000,0x0000,
    0x0000,0x0000,0x0000,0x0000,0x0000,0x0000,0x0000,0x0000,0x0000,0x0000,0x0000,0x0000,0x0000,0x0000,0x0000,0x0000,
    0x0000,0x0000,0x0000,0x0000,0x7a89,0x7a89,0x7a89,0x7a89,0x7a89,0x7a89,0x944f,0x944f,0xc593,0xc593,0x944f,0x944f,
    0x2a2a,0x2a2a,0x2967,0x2967,0x2a2a,0x2a2a,0x2a2a,0x2a2a,0x536e,0x536e,0x536e,0x536e,0x536e,0x536e,0x536e,0x536e,
    0x6bef,0x6bef,0x944f,0x944f,0x944f,0x944f,0x8d13,0x8d13,0xacf1,0xacf1,0x8d13,0x8d13,0x8d13,0x8d13,0x944f,0x944f,
    0xbbeb,0xbbeb,0xc368,0xc368,0xc368,0xc368,0xc368,0xc368,0xc368,0xc368,0x8b2b,0x8b2b,0x732c,0x732c,0x6bef,0x6bef,
    0xacf1,0xacf1,0xde55,0xde55,0xee75,0xee75,0xe590,0xe590,0xc4ae,0xc4ae,0xbc4c,0xbc4c,0xbbeb,0xbbeb,0xbbeb,0xbbeb,
    0xbbeb,0xbbeb,0x9bac,0x9bac,0x732c,0x732c,0x6bef,0x6bef,0x944f,0x944f,0xbc4c,0xbc4c,0xcc4b,0xcc4b,0xec49,0xec49,
    0xec49,0xec49,0xe4cb,0xe4cb,0xe4cb,0xe4cb,0xe52d,0xe52d,0xe52d,0xe52d,0xe4cb,0xe4cb,0x2967,0x2967,0x0000,0x0000,
    0x0000,0x0000,0x0000,0x0000,0x0000,0x0000,0x0000,0x0000,0x0000,0x0000,0x0000,0x0000,0x0000,0x0000,0x0000,0x0000,
    0x0000,0x0000,0x0000,0x0000,0x0000,0x0000,0x0000,0x0000,0x0000,0x0000,0x0000,0x0000,0x0000,0x0000,0x7a89,0x7a89,
    0x7a89,0x7a89,0x7a89,0x7a89,0x944f,0x944f,0xc593,0xc593,0x944f,0x944f,0x2a2a,0x2a2a,0x2967,0x2967,0x2a2a,0x2a2a,
    0x2a2a,0x2a2a,0x536e,0x536e,0x536e,0x536e,0x536e,0x536e,0x536e,0x536e,0x6bef,0x6bef,0x944f,0x944f,0x944f,0x944f,
    0x8d13,0x8d13,0xacf1,0xacf1,0x8d13,0x8d13,0x8d13,0x8d13,0x944f,0x944f,0xbbeb,0xbbeb,0xc368,0xc368,0xc368,0xc368,
    0xc368,0xc368,0xc368,0xc368,0x8b2b,0x8b2b,0x732c,0x732c,0x6bef,0x6bef,0xacf1,0xacf1,0xde55,0xde55,0xee75,0xee75,
    0xe590,0xe590,0xc4ae,0xc4ae,0xbc4c,0xbc4c,0xbbeb,0xbbeb,0xbbeb,0xbbeb,0xbbeb,0xbbeb,0x9bac,0x9bac,0x732c,0x732c,
    0x6bef,0x6bef,0x944f,0x944f,0xbc4c,0xbc4c,0xcc4b,0xcc4b,0xec49,0xec49,0xec49,0xec49,0xe4cb,0xe4cb,0xe4cb,0xe4cb,
    0xe52d,0xe52d,0xe52d,0xe52d,0xe4cb,0xe4cb,0x2967,0x2967,0x0000,0x0000,0x0000,0x0000,0x0000,0x0000,0x0000,0x0000,
    0x0000,0x0000,0x0000,0x0000,0x0000,0x0000,0x0000,0x0000,0x0000,0x0000,0x0000,0x0000,0x0000,0x0000,0x0000,0x0000,
    0x0000,0x0000,0x0000,0x0000,0x0000,0x0000,0x8b2b,0x8b2b,0x9b4a,0x9b4a,0x8b2b,0x8b2b,0xc510,0xc510,0xee75,0xee75,
    0x944f,0x944f,0x526a,0x526a,0x2967,0x2967,0x2967,0x2967,0x526a,0x526a,0x536e,0x536e,0x536e,0x536e,0x536e,0x536e,
    0x536e,0x536e,0x6bef,0x6bef,0x6bef,0x6bef,0x732c,0x732c,0x8b2b,0x8b2b,0x9b4a,0x9b4a,0xc368,0xc368,0xbbeb,0xbbeb,
    0xc368,0xc368,0xc368,0xc368,0xc368,0xc368,0x9b4a,0x9b4a,0x7a89,0x7a89,0x7a89,0x7a89,0x732c,0x732c,0xacf1,0xacf1,
    0xc593,0xc593,0xde55,0xde55,0xe5f3,0xe5f3,0xe590,0xe590,0xc4ae,0xc4ae,0xbbeb,0xbbeb,0xbbeb,0xbbeb,0xbbeb,0xbbeb,
    0xbbeb,0xbbeb,0x9bac,0x9bac,0x732c,0x732c,0x9bac,0x9bac,0xbc4c,0xbc4c,0xcc4b,0xcc4b,0xec49,0xec49,0xe4cb,0xe4cb,
    0xe4cb,0xe4cb,0xe4cb,0xe4cb,0xe52d,0xe52d,0xe52d,0xe52d,0xe52d,0xe52d,0xe4cb,0xe4cb,0xec49,0xec49,0xc368,0xc368,
    0x0000,0x0000,0x0000,0x0000,0x0000,0x0000,0x0000,0x0000,0x0000,0x0000,0x0000,0x0000,0x0000,0x0000,0x0000,0x0000,
    0x0000,0x0000,0x0000,0x0000,0x0000,0x0000,0x0000,0x0000,0x0000,0x0000,0x0000,0x0000,0x0000,0x0000,0x0000,0x0000,
    0x8b2b,0x8b2b,0x9b4a,0x9b4a,0x8b2b,0x8b2b,0xc510,0xc510,0xee75,0xee75,0x944f,0x944f,0x526a,0x526a,0x2967,0x2967,
    0x2967,0x2967,0x526a,0x526a,0x536e,0x536e,0x536e,0x536e,0x536e,0x536e,0x536e,0x536e,0x6bef,0x6bef,0x6bef,0x6bef,
    0x732c,0x732c,0x8b2b,0x8b2b,0x9b4a,0x9b4a,0xc368,0xc368,0xbbeb,0xbbeb,0xc368,0xc368,0xc368,0xc368,0xc368,0xc368,
    0x9b4a,0x9b4a,0x7a89,0x7a89,0x7a89,0x7a89,0x732c,0x732c,0xacf1,0xacf1,0xc593,0xc593,0xde55,0xde55,0xe5f3,0xe5f3,
    0xe590,0xe590,0xc4ae,0xc4ae,0xbbeb,0xbbeb,0xbbeb,0xbbeb,0xbbeb,0xbbeb,0xbbeb,0xbbeb,0x9bac,0x9bac,0x732c,0x732c,
    0x9bac,0x9bac,0xbc4c,0xbc4c,0xcc4b,0xcc4b,0xec49,0xec49,0xe4cb,0xe4cb,0xe4cb,0xe4cb,0xe4cb,0xe4cb,0xe52d,0xe52d,
    0xe52d,0xe52d,0xe52d,0xe52d,0xe4cb,0xe4cb,0xec49,0xec49,0xc368,0xc368,0x0000,0x0000,0x0000,0x0000,0x0000,0x0000,
    0x0000,0x0000,0x0000,0x0000,0x0000,0x0000,0x0000,0x0000,0x0000,0x0000,0x0000,0x0000,0x0000,0x0000,0x0000,0x0000,
    0x0000,0x0000,0x0000,0x0000,0x0000,0x0000,0x0000,0x0000,0x8b2b,0x8b2b,0x9b4a,0x9b4a,0x9b4a,0x9b4a,0xc510,0xc510,
    0xee75,0xee75,0xacf1,0xacf1,0x526a,0x526a,0x2a2a,0x2a2a,0x0000,0x0000,0x2967,0x2967,0x7185,0x7185,0x526a,0x526a,
    0x526a,0x526a,0x7a89,0x7a89,0x7a89,0x7a89,0x7a89,0x7a89,0xa1e6,0xa1e6,0xa1e6,0xa1e6,0xa1e6,0xa1e6,0xa1e6,0xa1e6,
    0xa1e6,0xa1e6,0xa1e6,0xa1e6,0x7a89,0x7a89,0x7a89,0x7a89,0x732c,0x732c,0x732c,0x732c,0xacf1,0xacf1,0xc593,0xc593,
    0xde55,0xde55,0xe5f3,0xe5f3,0xe590,0xe590,0xc4ae,0xc4ae,0xbc4c,0xbc4c,0xbbeb,0xbbeb,0xbbeb,0xbbeb,0xbbeb,0xbbeb,
    0x9bac,0x9bac,0x8b2b,0x8b2b,0x8b2b,0x8b2b,0x9b4a,0x9b4a,0xbbeb,0xbbeb,0xcc4b,0xcc4b,0xe52d,0xe52d,0xe52d,0xe52d,
    0xe52d,0xe52d,0xe590,0xe590,0xe5f3,0xe5f3,0xe52d,0xe52d,0xe4cb,0xe4cb,0xec49,0xec49,0xe346,0xe346,0xe346,0xe346,
    0xe346,0xe346,0x7185,0x7185,0x0000,0x0000,0x0000,0x0000,0x0000,0x0000,0x0000,0x0000,0x0000,0x0000,0x0000,0x0000,
    0x0000,0x0000,0x0000,0x0000,0x0000,0x0000,0x0000,0x0000,0x0000,0x0000,0x0000,0x0000,0x0000,0x0000,0x0000,0x0000,
    0x0000,0x0000,0x8b2b,0x8b2b,0x9b4a,0x9b4a,0x9b4a,0x9b4a,0xc510,0xc510,0xee75,0xee75,0xacf1,0xacf1,0x526a,0x526a,
    0x2a2a,0x2a2a,0x0000,0x0000,0x2967,0x2967,0x7185,0x7185,0x526a,0x526a,0x526a,0x526a,0x7a89,0x7a89,0x7a89,0x7a89,
    0x7a89,0x7a89,0xa1e6,0xa1e6,0xa1e6,0xa1e6,0xa1e6,0xa1e6,0xa1e6,0xa1e6,0xa1e6,0xa1e6,0xa1e6,0xa1e6,0x7a89,0x7a89,
    0x7a89,0x7a89,0x732c,0x732c,0x732c,0x732c,0xacf1,0xacf1,0xc593,0xc593,0xde55,0xde55,0xe5f3,0xe5f3,0xe590,0xe590,
    0xc4ae,0xc4ae,0xbc4c,0xbc4c,0xbbeb,0xbbeb,0xbbeb,0xbbeb,0xbbeb,0xbbeb,0x9bac,0x9bac,0x8b2b,0x8b2b,0x8b2b,0x8b2b,
    0x9b4a,0x9b4a,0xbbeb,0xbbeb,0xcc4b,0xcc4b,0xe52d,0xe52d,0xe52d,0xe52d,0xe52d,0xe52d,0xe590,0xe590,0xe5f3,0xe5f3,
    0xe52d,0xe52d,0xe4cb,0xe4cb,0xec49,0xec49,0xe346,0xe346,0xe346,0xe346,0xe346,0xe346,0x7185,0x7185,0x0000,0x0000,
    0x0000,0x0000,0x0000,0x0000,0x0000,0x0000,0x0000,0x0000,0x0000,0x0000,0x0000,0x0000,0x0000,0x0000,0x0000,0x0000,
    0x0000,0x0000,0x0000,0x0000,0x0000,0x0000,0x0000,0x0000,0x0000,0x0000,0x8b2b,0x8b2b,0xc368,0xc368,0x9b4a,0x9b4a,
    0xc4ae,0xc4ae,0xde55,0xde55,0xc593,0xc593,0x732c,0x732c,0x526a,0x526a,0x2967,0x2967,0x0000,0x0000,0x0000,0x0000,
    0x7185,0x7185,0x7185,0x7185,0x7185,0x7185,0x7185,0x7185,0x7185,0x7185,0x7185,0x7185,0x7185,0x7185,0x7a89,0x7a89,
    0x7185,0x7185,0x7185,0x7185,0x526a,0x526a,0x732c,0x732c,0x732c,0x732c,0xacf1,0xacf1,0xc593,0xc593,0xde55,0xde55,
    0xee75,0xee75,0xe5f3,0xe5f3,0xc4ae,0xc4ae,0xbc4c,0xbc4c,0xbbeb,0xbbeb,0xbbeb,0xbbeb,0xbbeb,0xbbeb,0xbbeb,0xbbeb,
    0x8b2b,0x8b2b,0x7a89,0x7a89,0x7a89,0x7a89,0x9b4a,0x9b4a,0xbbeb,0xbbeb,0xc4ae,0xc4ae,0xc510,0xc510,0xe590,0xe590,
    0xec49,0xec49,0xe346,0xe346,0xc286,0xc286,0xe346,0xe346,0xe346,0xe346,0xe590,0xe590,0xe590,0xe590,0xe4cb,0xe4cb,
    0xec49,0xec49,0xe346,0xe346,0xc286,0xc286,0x7185,0x7185,0x0000,0x0000,0x0000,0x0000,0x0000,0x0000,0x0000,0x0000,
    0x0000,0x0000,0x0000,0x0000,0x0000,0x0000,0x0000,0x0000,0x0000,0x0000,0x0000,0x0000,0x0000,0x0000,0x0000,0x0000,
    0x0000,0x0000,0x0000,0x0000,0x8b2b,0x8b2b,0xc368,0xc368,0x9b4a,0x9b4a,0xc4ae,0xc4ae,0xde55,0xde55,0xc593,0xc593,
    0x732c,0x732c,0x526a,0x526a,0x2967,0x2967,0x0000,0x0000,0x0000,0x0000,0x7185,0x7185,0x7185,0x7185,0x7185,0x7185,
    0x7185,0x7185,0x7185,0x7185,0x7185,0x7185,0x7185,0x7185,0x7a89,0x7a89,0x7185,0x7185,0x7185,0x7185,0x526a,0x526a,
    0x732c,0x732c,0x732c,0x732c,0xacf1,0xacf1,0xc593,0xc593,0xde55,0xde55,0xee75,0xee75,0xe5f3,0xe5f3,0xc4ae,0xc4ae,
    0xbc4c,0xbc4c,0xbbeb,0xbbeb,0xbbeb,0xbbeb,0xbbeb,0xbbeb,0xbbeb,0xbbeb,0x8b2b,0x8b2b,0x7a89,0x7a89,0x7a89,0x7a89,
    0x9b4a,0x9b4a,0xbbeb,0xbbeb,0xc4ae,0xc4ae,0xc510,0xc510,0xe590,0xe590,0xec49,0xec49,0xe346,0xe346,0xc286,0xc286,
    0xe346,0xe346,0xe346,0xe346,0xe590,0xe590,0xe590,0xe590,0xe4cb,0xe4cb,0xec49,0xec49,0xe346,0xe346,0xc286,0xc286,
    0x7185,0x7185,0x0000,0x0000,0x0000,0x0000,0x0000,0x0000,0x0000,0x0000,0x0000,0x0000,0x0000,0x0000,0x0000,0x0000,
    0x0000,0x0000,0x0000,0x0000,0x0000,0x0000,0x0000,0x0000,0x0000,0x0000,0x0000,0x0000,0x7a89,0x7a89,0xcc4b,0xcc4b,
    0x7a89,0x7a89,0xc4ae,0xc4ae,0xc593,0xc593,0xf6f8,0xf6f8,0xacf1,0xacf1,0x732c,0x732c,0x526a,0x526a,0x526a,0x526a,
    0x2a2a,0x2a2a,0x0000,0x0000,0x2967,0x2967,0x7185,0x7185,0x7185,0x7185,0x526a,0x526a,0x526a,0x526a,0x526a,0x526a,
    0x526a,0x526a,0x526a,0x526a,0x732c,0x732c,0x944f,0x944f,0xc593,0xc593,0xde55,0xde55,0xee75,0xee75,0xe5f3,0xe5f3,
    0xe590,0xe590,0xc4ae,0xc4ae,0xbc4c,0xbc4c,0xbbeb,0xbbeb,0xbbeb,0xbbeb,0xbbeb,0xbbeb,0xbbeb,0xbbeb,0x9b4a,0x9b4a,
    0x7a89,0x7a89,0x7a89,0x7a89,0x7a89,0x7a89,0x9b4a,0x9b4a,0x9bac,0x9bac,0xacf1,0xacf1,0xc510,0xc510,0xe5f3,0xe5f3,
    0xe52d,0xe52d,0xe346,0xe346,0xc286,0xc286,0xe346,0xe346,0xe346,0xe346,0xe346,0xe346,0xc286,0xc286,0xc286,0xc286,
    0xec49,0xec49,0xe4cb,0xe4cb,0xc368,0xc368,0xc286,0xc286,0xa1e6,0xa1e6,0x2967,0x2967,0x0000,0x0000,0x0000,0x0000,
    0x0000,0x0000,0x0000,0x0000,0x0000,0x0000,0x0000,0x0000,0x0000,0x0000,0x0000,0x0000,0x0000,0x0000,0x0000,0x0000,
    0x0000,0x0000,0x0000,0x0000,0x0000,0x0000,0x7a89,0x7a89,0xcc4b,0xcc4b,0x7a89,0x7a89,0xc4ae,0xc4ae,0xc593,0xc593,
    0xf6f8,0xf6f8,0xacf1,0xacf1,0x732c,0x732c,0x526a,0x526a,0x526a,0x526a,0x2a2a,0x2a2a,0x0000,0x0000,0x2967,0x2967,
    0x7185,0x7185,0x7185,0x7185,0x526a,0x526a,0x526a,0x526a,0x526a,0x526a,0x526a,0x526a,0x526a,0x526a,0x732c,0x732c,
    0x944f,0x944f,0xc593,0xc593,0xde55,0xde55,0xee75,0xee75,0xe5f3,0xe5f3,0xe590,0xe590,0xc4ae,0xc4ae,0xbc4c,0xbc4c,
    0xbbeb,0xbbeb,0xbbeb,0xbbeb,0xbbeb,0xbbeb,0xbbeb,0xbbeb,0x9b4a,0x9b4a,0x7a89,0x7a89,0x7a89,0x7a89,0x7a89,0x7a89,
    0x9b4a,0x9b4a,0x9bac,0x9bac,0xacf1,0xacf1,0xc510,0xc510,0xe5f3,0xe5f3,0xe52d,0xe52d,0xe346,0xe346,0xc286,0xc286,
    0xe346,0xe346,0xe346,0xe346,0xe346,0xe346,0xc286,0xc286,0xc286,0xc286,0xec49,0xec49,0xe4cb,0xe4cb,0xc368,0xc368,
    0xc286,0xc286,0xa1e6,0xa1e6,0x2967,0x2967,0x0000,0x0000,0x0000,0x0000,0x0000,0x0000,0x0000,0x0000,0x0000,0x0000,
    0x0000,0x0000,0x0000,0x0000,0x0000,0x0000,0x0000,0x0000,0x0000,0x0000,0x0000,0x0000,0x0000,0x0000,0x0000,0x0000,
    0xcc4b,0xcc4b,0x7a89,0x7a89,0xbbeb,0xbbeb,0xc510,0xc510,0xde55,0xde55,0xee75,0xee75,0xc593,0xc593,0x732c,0x732c,
    0x732c,0x732c,0x732c,0x732c,0x526a,0x526a,0x526a,0x526a,0x526a,0x526a,0x526a,0x526a,0x732c,0x732c,0x732c,0x732c,
    0x944f,0x944f,0xacf1,0xacf1,0xc593,0xc593,0xc593,0xc593,0xde55,0xde55,0xee75,0xee75,0xe5f3,0xe5f3,0xe590,0xe590,
    0xc4ae,0xc4ae,0xbc4c,0xbc4c,0xbbeb,0xbbeb,0xbbeb,0xbbeb,0xbbeb,0xbbeb,0xbbeb,0xbbeb,0x9b4a,0x9b4a,0x8b2b,0x8b2b,
    0x7a89,0x7a89,0x7a89,0x7a89,0x8b2b,0x8b2b,0x9bac,0x9bac,0x944f,0x944f,0xacf1,0xacf1,0xc593,0xc593,0xc593,0xc593,
    0xe590,0xe590,0xe4cb,0xe4cb,0xc286,0xc286,0xe346,0xe346,0xe346,0xe346,0xe346,0xe346,0xe346,0xe346,0xe346,0xe346,
    0xe346,0xe346,0xc286,0xc286,0xe346,0xe346,0xc368,0xc368,0xbbeb,0xbbeb,0xcc4b,0xcc4b,0x9b4a,0x9b4a,0x0000,0x0000,
    0x0000,0x0000,0x0000,0x0000,0x0000,0x0000,0x0000,0x0000,0x0000,0x0000,0x0000,0x0000,0x0000,0x0000,0x0000,0x0000,
    0x0000,0x0000,0x0000,0x0000,0x0000,0x0000,0x0000,0x0000,0x0000,0x0000,0xcc4b,0xcc4b,0x7a89,0x7a89,0xbbeb,0xbbeb,
    0xc510,0xc510,0xde55,0xde55,0xee75,0xee75,0xc593,0xc593,0x732c,0x732c,0x732c,0x732c,0x732c,0x732c,0x526a,0x526a,
    0x526a,0x526a,0x526a,0x526a,0x526a,0x526a,0x732c,0x732c,0x732c,0x732c,0x944f,0x944f,0xacf1,0xacf1,0xc593,0xc593,
    0xc593,0xc593,0xde55,0xde55,0xee75,0xee75,0xe5f3,0xe5f3,0xe590,0xe590,0xc4ae,0xc4ae,0xbc4c,0xbc4c,0xbbeb,0xbbeb,
    0xbbeb,0xbbeb,0xbbeb,0xbbeb,0xbbeb,0xbbeb,0x9b4a,0x9b4a,0x8b2b,0x8b2b,0x7a89,0x7a89,0x7a89,0x7a89,0x8b2b,0x8b2b,
    0x9bac,0x9bac,0x944f,0x944f,0xacf1,0xacf1,0xc593,0xc593,0xc593,0xc593,0xe590,0xe590,0xe4cb,0xe4cb,0xc286,0xc286,
    0xe346,0xe346,0xe346,0xe346,0xe346,0xe346,0xe346,0xe346,0xe346,0xe346,0xe346,0xe346,0xc286,0xc286,0xe346,0xe346,
    0xc368,0xc368,0xbbeb,0xbbeb,0xcc4b,0xcc4b,0x9b4a,0x9b4a,0x0000,0x0000,0x0000,0x0000,0x0000,0x0000,0x0000,0x0000,
    0x0000,0x0000,0x0000,0x0000,0x0000,0x0000,0x0000,0x0000,0x0000,0x0000,0x0000,0x0000,0x0000,0x0000,0x0000,0x0000,
    0x0000,0x0000,0x9b4a,0x9b4a,0xc368,0xc368,0x7a89,0x7a89,0xe52d,0xe52d,0xc510,0xc510,0xde55,0xde55,0xee75,0xee75,
    0xee75,0xee75,0xde55,0xde55,0xacf1,0xacf1,0xacf1,0xacf1,0xacf1,0xacf1,0xacf1,0xacf1,0xc593,0xc593,0xc593,0xc593,
    0xc593,0xc593,0xde55,0xde55,0xee75,0xee75,0xe5f3,0xe5f3,0xe5f3,0xe5f3,0xe5f3,0xe5f3,0xe590,0xe590,0xc4ae,0xc4ae,
    0xbc4c,0xbc4c,0xbbeb,0xbbeb,0xbbeb,0xbbeb,0xbbeb,0xbbeb,0xbbeb,0xbbeb,0x9b4a,0x9b4a,0x8b2b,0x8b2b,0x7a89,0x7a89,
    0x7a89,0x7a89,0x7a89,0x7a89,0x8b2b,0x8b2b,0x9bac,0x9bac,0x944f,0x944f,0x944f,0x944f,0xc510,0xc510,0xc510,0xc510,
    0xc4ae,0xc4ae,0xcc4b,0xcc4b,0xe52d,0xe52d,0xe346,0xe346,0xc286,0xc286,0xe346,0xe346,0xc286,0xc286,0xc286,0xc286,
    0xe346,0xe346,0xe346,0xe346,0xa1e6,0xa1e6,0xe346,0xe346,0xcc4b,0xcc4b,0xc510,0xc510,0xc593,0xc593,0xde55,0xde55,
    0x526a,0x526a,0x0000,0x0000,0x0000,0x0000,0x0000,0x0000,0x0000,0x0000,0x0000,0x0000,0x0000,0x0000,0x0000,0x0000,
    0x0000,0x0000,0x0000,0x0000,0x0000,0x0000,0x0000,0x0000,0x0000,0x0000,0x0000,0x0000,0x9b4a,0x9b4a,0xc368,0xc368,
    0x7a89,0x7a89,0xe52d,0xe52d,0xc510,0xc510,0xde55,0xde55,0xee75,0xee75,0xee75,0xee75,0xde55,0xde55,0xacf1,0xacf1,
    0xacf1,0xacf1,0xacf1,0xacf1,0xacf1,0xacf1,0xc593,0xc593,0xc593,0xc593,0xc593,0xc593,0xde55,0xde55,0xee75,0xee75,
    0xe5f3,0xe5f3,0xe5f3,0xe5f3,0xe5f3,0xe5f3,0xe590,0xe590,0xc4ae,0xc4ae,0xbc4c,0xbc4c,0xbbeb,0xbbeb,0xbbeb,0xbbeb,
    0xbbeb,0xbbeb,0xbbeb,0xbbeb,0x9b4a,0x9b4a,0x8b2b,0x8b2b,0x7a89,0x7a89,0x7a89,0x7a89,0x7a89,0x7a89,0x8b2b,0x8b2b,
    0x9bac,0x9bac,0x944f,0x944f,0x944f,0x944f,0xc510,0xc510,0xc510,0xc510,0xc4ae,0xc4ae,0xcc4b,0xcc4b,0xe52d,0xe52d,
    0xe346,0xe346,0xc286,0xc286,0xe346,0xe346,0xc286,0xc286,0xc286,0xc286,0xe346,0xe346,0xe346,0xe346,0xa1e6,0xa1e6,
    0xe346,0xe346,0xcc4b,0xcc4b,0xc510,0xc510,0xc593,0xc593,0xde55,0xde55,0x526a,0x526a,0x0000,0x0000,0x0000,0x0000,
    0x0000,0x0000,0x0000,0x0000,0x0000,0x0000,0x0000,0x0000,0x0000,0x0000,0x0000,0x0000,0x0000,0x0000,0x0000,0x0000,
    0x0000,0x0000,0x0000,0x0000,0x526a,0x526a,0xe4cb,0xe4cb,0x8b2b,0x8b2b,0x9b4a,0x9b4a,0xe52d,0xe52d,0xc4ae,0xc4ae,
    0xc510,0xc510,0xde55,0xde55,0xde55,0xde55,0xde55,0xde55,0xde55,0xde55,0xde55,0xde55,0xde55,0xde55,0xde55,0xde55,
    0xe5f3,0xe5f3,0xc593,0xc593,0xe5f3,0xe5f3,0xe590,0xe590,0xc510,0xc510,0xc4ae,0xc4ae,0xbc4c,0xbc4c,0xbbeb,0xbbeb,
    0xbbeb,0xbbeb,0xbbeb,0xbbeb,0xbbeb,0xbbeb,0xbbeb,0xbbeb,0x9b4a,0x9b4a,0x8b2b,0x8b2b,0x7a89,0x7a89,0x526a,0x526a,
    0x7a89,0x7a89,0x8b2b,0x8b2b,0x9bac,0x9bac,0x9bac,0x9bac,0x9bac,0x9bac,0x9bac,0x9bac,0x9bac,0x9bac,0xbc4c,0xbc4c,
    0xcc4b,0xcc4b,0xc368,0xc368,0xe346,0xe346,0xe52d,0xe52d,0xec49,0xec49,0xc286,0xc286,0xc286,0xc286,0xe346,0xe346,
    0xe346,0xe346,0xc286,0xc286,0xc286,0xc286,0xc286,0xc286,0xc368,0xc368,0xe590,0xe590,0xde55,0xde55,0xde55,0xde55,
    0xde55,0xde55,0x944f,0x944f,0x0000,0x0000,0x0000,0x0000,0x0000,0x0000,0x0000,0x0000,0x0000,0x0000,0x0000,0x0000,
    0x0000,0x0000,0x0000,0x0000,0x0000,0x0000,0x0000,0x0000,0x0000,0x0000,0x0000,0x0000,0x0000,0x0000,0x526a,0x526a,
    0xe4cb,0xe4cb,0x8b2b,0x8b2b,0x9b4a,0x9b4a,0xe52d,0xe52d,0xc4ae,0xc4ae,0xc510,0xc510,0xde55,0xde55,0xde55,0xde55,
    0xde55,0xde55,0xde55,0xde55,0xde55,0xde55,0xde55,0xde55,0xde55,0xde55,0xe5f3,0xe5f3,0xc593,0xc593,0xe5f3,0xe5f3,
    0xe590,0xe590,0xc510,0xc510,0xc4ae,0xc4ae,0xbc4c,0xbc4c,0xbbeb,0xbbeb,0xbbeb,0xbbeb,0xbbeb,0xbbeb,0xbbeb,0xbbeb,
    0xbbeb,0xbbeb,0x9b4a,0x9b4a,0x8b2b,0x8b2b,0x7a89,0x7a89,0x526a,0x526a,0x7a89,0x7a89,0x8b2b,0x8b2b,0x9bac,0x9bac,
    0x9bac,0x9bac,0x9bac,0x9bac,0x9bac,0x9bac,0x9bac,0x9bac,0xbc4c,0xbc4c,0xcc4b,0xcc4b,0xc368,0xc368,0xe346,0xe346,
    0xe52d,0xe52d,0xec49,0xec49,0xc286,0xc286,0xc286,0xc286,0xe346,0xe346,0xe346,0xe346,0xc286,0xc286,0xc286,0xc286,
    0xc286,0xc286,0xc368,0xc368,0xe590,0xe590,0xde55,0xde55,0xde55,0xde55,0xde55,0xde55,0x944f,0x944f,0x0000,0x0000,
    0x0000,0x0000,0x0000,0x0000,0x0000,0x0000,0x0000,0x0000,0x0000,0x0000,0x0000,0x0000,0x0000,0x0000,0x0000,0x0000,
    0x0000,0x0000,0x0000,0x0000,0x0000,0x0000,0x0000,0x0000,0x8b2b,0x8b2b,0xec49,0xec49,0x7a89,0x7a89,0x7a89,0x7a89,
    0xe52d,0xe52d,0xe590,0xe590,0xe52d,0xe52d,0xe52d,0xe52d,0xc510,0xc510,0xc510,0xc510,0xc510,0xc510,0xe590,0xe590,
    0xc510,0xc510,0xe52d,0xe52d,0xe52d,0xe52d,0xc4ae,0xc4ae,0xbc4c,0xbc4c,0xbbeb,0xbbeb,0x9b4a,0x9b4a,0xbbeb,0xbbeb,
    0xbbeb,0xbbeb,0xbbeb,0xbbeb,0xbbeb,0xbbeb,0x9b4a,0x9b4a,0x7a89,0x7a89,0x526a,0x526a,0x526a,0x526a,0x7a89,0x7a89,
    0x7a89,0x7a89,0x8b2b,0x8b2b,0x8b2b,0x8b2b,0x9b4a,0x9b4a,0x8b2b,0x8b2b,0x9b4a,0x9b4a,0xa1e6,0xa1e6,0xa1e6,0xa1e6,
    0xc368,0xc368,0xc368,0xc368,0xc286,0xc286,0xc286,0xc286,0xc286,0xc286,0xc368,0xc368,0xe4cb,0xe4cb,0xec49,0xec49,
    0xc286,0xc286,0xc286,0xc286,0xc286,0xc286,0xa1e6,0xa1e6,0xc286,0xc286,0xcc4b,0xcc4b,0xe5f3,0xe5f3,0xde55,0xde55,
    0xde55,0xde55,0xc593,0xc593,0xc593,0xc593,0x526a,0x526a,0x0000,0x0000,0x0000,0x0000,0x0000,0x0000,0x0000,0x0000,
    0x0000,0x0000,0x0000,0x0000,0x0000,0x0000,0x0000,0x0000,0x0000,0x0000,0x0000,0x0000,0x0000,0x0000,0x0000,0x0000,
    0x0000,0x0000,0x8b2b,0x8b2b,0xec49,0xec49,0x7a89,0x7a89,0x7a89,0x7a89,0xe52d,0xe52d,0xe590,0xe590,0xe52d,0xe52d,
    0xe52d,0xe52d,0xc510,0xc510,0xc510,0xc510,0xc510,0xc510,0xe590,0xe590,0xc510,0xc510,0xe52d,0xe52d,0xe52d,0xe52d,
    0xc4ae,0xc4ae,0xbc4c,0xbc4c,0xbbeb,0xbbeb,0x9b4a,0x9b4a,0xbbeb,0xbbeb,0xbbeb,0xbbeb,0xbbeb,0xbbeb,0xbbeb,0xbbeb,
    0x9b4a,0x9b4a,0x7a89,0x7a89,0x526a,0x526a,0x526a,0x526a,0x7a89,0x7a89,0x7a89,0x7a89,0x8b2b,0x8b2b,0x8b2b,0x8b2b,
    0x9b4a,0x9b4a,0x8b2b,0x8b2b,0x9b4a,0x9b4a,0xa1e6,0xa1e6,0xa1e6,0xa1e6,0xc368,0xc368,0xc368,0xc368,0xc286,0xc286,
    0xc286,0xc286,0xc286,0xc286,0xc368,0xc368,0xe4cb,0xe4cb,0xec49,0xec49,0xc286,0xc286,0xc286,0xc286,0xc286,0xc286,
    0xa1e6,0xa1e6,0xc286,0xc286,0xcc4b,0xcc4b,0xe5f3,0xe5f3,0xde55,0xde55,0xde55,0xde55,0xc593,0xc593,0xc593,0xc593,
    0x526a,0x526a,0x0000,0x0000,0x0000,0x0000,0x0000,0x0000,0x0000,0x0000,0x0000,0x0000,0x0000,0x0000,0x0000,0x0000,
    0x0000,0x0000,0x0000,0x0000,0x0000,0x0000,0x0000,0x0000,0x0000,0x0000,0x0000,0x0000,0x8b2b,0x8b2b,0xe4cb,0xe4cb,
    0xc368,0xc368,0x7a89,0x7a89,0x7a89,0x7a89,0x9bac,0x9bac,0xc4ae,0xc4ae,0xc4ae,0xc4ae,0xc4ae,0xc4ae,0xc4ae,0xc4ae,
    0xc4ae,0xc4ae,0xbc4c,0xbc4c,0xbc4c,0xbc4c,0xbbeb,0xbbeb,0x9b4a,0x9b4a,0xbbeb,0xbbeb,0xbbeb,0xbbeb,0xbbeb,0xbbeb,
    0xbbeb,0xbbeb,0x9b4a,0x9b4a,0x7a89,0x7a89,0x526a,0x526a,0x526a,0x526a,0x526a,0x526a,0x526a,0x526a,0x7a89,0x7a89,
    0x7a89,0x7a89,0x7a89,0x7a89,0x7a89,0x7a89,0x7a89,0x7a89,0xa1e6,0xa1e6,0xa1e6,0xa1e6,0xa1e6,0xa1e6,0xa1e6,0xa1e6,
    0xa1e6,0xa1e6,0xc286,0xc286,0xc286,0xc286,0xe346,0xe346,0xe346,0xe346,0xc286,0xc286,0xc286,0xc286,0xc368,0xc368,
    0xc286,0xc286,0xc368,0xc368,0xec49,0xec49,0xe4cb,0xe4cb,0xe52d,0xe52d,0xe52d,0xe52d,0xe5f3,0xe5f3,0xde55,0xde55,
    0xc636,0xc636,0xc593,0xc593,0xc593,0xc593,0xc593,0xc593,0x732c,0x732c,0x0000,0x0000,0x0000,0x0000,0x0000,0x0000,
    0x0000,0x0000,0x0000,0x0000,0x0000,0x0000,0x0000,0x0000,0x0000,0x0000,0x0000,0x0000,0x0000,0x0000,0x0000,0x0000,
    0x0000,0x0000,0x0000,0x0000,0x0000,0x0000,0x8b2b,0x8b2b,0xe4cb,0xe4cb,0xc368,0xc368,0x7a89,0x7a89,0x7a89,0x7a89,
    0x9bac,0x9bac,0xc4ae,0xc4ae,0xc4ae,0xc4ae,0xc4ae,0xc4ae,0xc4ae,0xc4ae,0xc4ae,0xc4ae,0xbc4c,0xbc4c,0xbc4c,0xbc4c,
    0xbbeb,0xbbeb,0x9b4a,0x9b4a,0xbbeb,0xbbeb,0xbbeb,0xbbeb,0xbbeb,0xbbeb,0xbbeb,0xbbeb,0x9b4a,0x9b4a,0x7a89,0x7a89,
    0x526a,0x526a,0x526a,0x526a,0x526a,0x526a,0x526a,0x526a,0x7a89,0x7a89,0x7a89,0x7a89,0x7a89,0x7a89,0x7a89,0x7a89,
    0x7a89,0x7a89,0xa1e6,0xa1e6,0xa1e6,0xa1e6,0xa1e6,0xa1e6,0xa1e6,0xa1e6,0xa1e6,0xa1e6,0xc286,0xc286,0xc286,0xc286,
    0xe346,0xe346,0xe346,0xe346,0xc286,0xc286,0xc286,0xc286,0xc368,0xc368,0xc286,0xc286,0xc368,0xc368,0xec49,0xec49,
    0xe4cb,0xe4cb,0xe52d,0xe52d,0xe52d,0xe52d,0xe5f3,0xe5f3,0xde55,0xde55,0xc636,0xc636,0xc593,0xc593,0xc593,0xc593,
    0xc593,0xc593,0x732c,0x732c,0x0000,0x0000,0x0000,0x0000,0x0000,0x0000,0x0000,0x0000,0x0000,0x0000,0x0000,0x0000,
    0x0000,0x0000,0x0000,0x0000,0x0000,0x0000,0x0000,0x0000,0x0000,0x0000,0x0000,0x0000,0x0000,0x0000,0x0000,0x0000,
    0x526a,0x526a,0xbbeb,0xbbeb,0xe4cb,0xe4cb,0xec49,0xec49,0xc368,0xc368,0x9b4a,0x9b4a,0x9b4a,0x9b4a,0x9b4a,0x9b4a,
    0x9b4a,0x9b4a,0x9b4a,0x9b4a,0xbbeb,0xbbeb,0xc368,0xc368,0xbbeb,0xbbeb,0xbbeb,0xbbeb,0xbbeb,0xbbeb,0x9b4a,0x9b4a,
    0x8b2b,0x8b2b,0x526a,0x526a,0x2967,0x2967,0x2967,0x2967,0x2967,0x2967,0x2967,0x2967,0x7185,0x7185,0x7185,0x7185,
    0x7185,0x7185,0x7185,0x7185,0x7185,0x7185,0x7185,0x7185,0x7185,0x7185,0xa1e6,0xa1e6,0xa1e6,0xa1e6,0xa1e6,0xa1e6,
    0xa1e6,0xa1e6,0xa1e6,0xa1e6,0xa1e6,0xa1e6,0xa1e6,0xa1e6,0xc286,0xc286,0xc368,0xc368,0xc368,0xc368,0xbbeb,0xbbeb,
    0xc510,0xc510,0xc593,0xc593,0xc593,0xc593,0xc593,0xc593,0xe5f3,0xe5f3,0xde55,0xde55,0xde55,0xde55,0xc636,0xc636,
    0xc593,0xc593,0xc593,0xc593,0xc510,0xc510,0xacf1,0xacf1,0xacf1,0xacf1,0x6bef,0x6bef,0x0000,0x0000,0x0000,0x0000,
    0x0000,0x0000,0x0000,0x0000,0x0000,0x0000,0x0000,0x0000,0x0000,0x0000,0x0000,0x0000,0x0000,0x0000,0x0000,0x0000,
    0x0000,0x0000,0x0000,0x0000,0x0000,0x0000,0x0000,0x0000,0x0000,0x0000,0x526a,0x526a,0xbbeb,0xbbeb,0xe4cb,0xe4cb,
    0xec49,0xec49,0xc368,0xc368,0x9b4a,0x9b4a,0x9b4a,0x9b4a,0x9b4a,0x9b4a,0x9b4a,0x9b4a,0x9b4a,0x9b4a,0xbbeb,0xbbeb,
    0xc368,0xc368,0xbbeb,0xbbeb,0xbbeb,0xbbeb,0xbbeb,0xbbeb,0x9b4a,0x9b4a,0x8b2b,0x8b2b,0x526a,0x526a,0x2967,0x2967,
    0x2967,0x2967,0x2967,0x2967,0x2967,0x2967,0x7185,0x7185,0x7185,0x7185,0x7185,0x7185,0x7185,0x7185,0x7185,0x7185,
    0x7185,0x7185,0x7185,0x7185,0xa1e6,0xa1e6,0xa1e6,0xa1e6,0xa1e6,0xa1e6,0xa1e6,0xa1e6,0xa1e6,0xa1e6,0xa1e6,0xa1e6,
    0xa1e6,0xa1e6,0xc286,0xc286,0xc368,0xc368,0xc368,0xc368,0xbbeb,0xbbeb,0xc510,0xc510,0xc593,0xc593,0xc593,0xc593,
    0xc593,0xc593,0xe5f3,0xe5f3,0xde55,0xde55,0xde55,0xde55,0xc636,0xc636,0xc593,0xc593,0xc593,0xc593,0xc510,0xc510,
    0xacf1,0xacf1,0xacf1,0xacf1,0x6bef,0x6bef,0x0000,0x0000,0x0000,0x0000,0x0000,0x0000,0x0000,0x0000,0x0000,0x0000,
    0x0000,0x0000,0x0000,0x0000,0x0000,0x0000,0x0000,0x0000,0x0000,0x0000,0x0000,0x0000,0x0000,0x0000,0x0000,0x0000,
    0x0000,0x0000,0x0000,0x0000,0x0000,0x0000,0x526a,0x526a,0x8b2b,0x8b2b,0x9bac,0x9bac,0xc4ae,0xc4ae,0xcc4b,0xcc4b,
    0xcc4b,0xcc4b,0xcc4b,0xcc4b,0xcc4b,0xcc4b,0xbbeb,0xbbeb,0x9b4a,0x9b4a,0x9b4a,0x9b4a,0x7a89,0x7a89,0x0000,0x0000,
    0x0000,0x0000,0x0000,0x0000,0x0000,0x0000,0x0000,0x0000,0x1862,0x1862,0x7185,0x7185,0x7185,0x7185,0x7185,0x7185,
    0x7185,0x7185,0x7185,0x7185,0x7185,0x7185,0x7185,0x7185,0x7185,0x7185,0x7185,0x7185,0x7185,0x7185,0x7185,0x7185,
    0x7185,0x7185,0x7185,0x7185,0x7185,0x7185,0x7a89,0x7a89,0x7a89,0x7a89,0x9bac,0x9bac,0xbc4c,0xbc4c,0xacf1,0xacf1,
    0xc510,0xc510,0xc593,0xc593,0xc593,0xc593,0xc593,0xc593,0xde55,0xde55,0xc593,0xc593,0xc593,0xc593,0xc593,0xc593,
    0xc593,0xc593,0xc510,0xc510,0xc4ae,0xc4ae,0xbc4c,0xbc4c,0xbc4c,0xbc4c,0x944f,0x944f,0x6bef,0x6bef,0x2a2a,0x2a2a,
    0x0000,0x0000,0x0000,0x0000,0x0000,0x0000,0x0000,0x0000,0x0000,0x0000,0x0000,0x0000,0x0000,0x0000,0x0000,0x0000,
    0x0000,0x0000,0x0000,0x0000,0x0000,0x0000,0x0000,0x0000,0x0000,0x0000,0x0000,0x0000,0x0000,0x0000,0x0000,0x0000,
    0x526a,0x526a,0x8b2b,0x8b2b,0x9bac,0x9bac,0xc4ae,0xc4ae,0xcc4b,0xcc4b,0xcc4b,0xcc4b,0xcc4b,0xcc4b,0xcc4b,0xcc4b,
    0xbbeb,0xbbeb,0x9b4a,0x9b4a,0x9b4a,0x9b4a,0x7a89,0x7a89,0x0000,0x0000,0x0000,0x0000,0x0000,0x0000,0x0000,0x0000,
    0x0000,0x0000,0x1862,0x1862,0x7185,0x7185,0x7185,0x7185,0x7185,0x7185,0x7185,0x7185,0x7185,0x7185,0x7185,0x7185,
    0x7185,0x7185,0x7185,0x7185,0x7185,0x7185,0x7185,0x7185,0x7185,0x7185,0x7185,0x7185,0x7185,0x7185,0x7185,0x7185,
    0x7a89,0x7a89,0x7a89,0x7a89,0x9bac,0x9bac,0xbc4c,0xbc4c,0xacf1,0xacf1,0xc510,0xc510,0xc593,0xc593,0xc593,0xc593,
    0xc593,0xc593,0xde55,0xde55,0xc593,0xc593,0xc593,0xc593,0xc593,0xc593,0xc593,0xc593,0xc510,0xc510,0xc4ae,0xc4ae,
    0xbc4c,0xbc4c,0xbc4c,0xbc4c,0x944f,0x944f,0x6bef,0x6bef,0x2a2a,0x2a2a,0x0000,0x0000,0x0000,0x0000,0x0000,0x0000,
    0x0000,0x0000,0x0000,0x0000,0x0000,0x0000,0x0000,0x0000,0x0000,0x0000,0x0000,0x0000,0x0000,0x0000,0x0000,0x0000,
    0x0000,0x0000,0x0000,0x0000,0x0000,0x0000,0x0000,0x0000,0x0000,0x0000,0x0000,0x0000,0x0000,0x0000,0x0000,0x0000,
    0x0000,0x0000,0x0000,0x0000,0x0000,0x0000,0x0000,0x0000,0x0000,0x0000,0x0000,0x0000,0x0000,0x0000,0x0000,0x0000,
    0x0000,0x0000,0x0000,0x0000,0x0000,0x0000,0x0000,0x0000,0x0000,0x0000,0x0000,0x0000,0x0000,0x0000,0x1862,0x1862,
    0x7185,0x7185,0x7185,0x7185,0x7185,0x7185,0x7185,0x7185,0x7185,0x7185,0x7185,0x7185,0x7185,0x7185,0x7185,0x7185,
    0x7185,0x7185,0x7185,0x7185,0x7a89,0x7a89,0x7a89,0x7a89,0x732c,0x732c,0x944f,0x944f,0xacf1,0xacf1,0xacf1,0xacf1,
    0xacf1,0xacf1,0xc593,0xc593,0xc593,0xc593,0xc593,0xc593,0xc593,0xc593,0xc593,0xc593,0xacf1,0xacf1,0xacf1,0xacf1,
    0xacf1,0xacf1,0xc510,0xc510,0xbc4c,0xbc4c,0xbc4c,0xbc4c,0x944f,0x944f,0x6bef,0x6bef,0x6bef,0x6bef,0x536e,0x536e,
    0x2967,0x2967,0x0000,0x0000,0x0000,0x0000,0x0000,0x0000,0x0000,0x0000,0x0000,0x0000,0x0000,0x0000,0x0000,0x0000,
    0x0000,0x0000,0x0000,0x0000,0x0000,0x0000,0x0000,0x0000,0x0000,0x0000,0x0000,0x0000,0x0000,0x0000,0x0000,0x0000,
    0x0000,0x0000,0x0000,0x0000,0x0000,0x0000,0x0000,0x0000,0x0000,0x0000,0x0000,0x0000,0x0000,0x0000,0x0000,0x0000,
    0x0000,0x0000,0x0000,0x0000,0x0000,0x0000,0x0000,0x0000,0x0000,0x0000,0x0000,0x0000,0x0000,0x0000,0x0000,0x0000,
    0x0000,0x0000,0x0000,0x0000,0x0000,0x0000,0x0000,0x0000,0x1862,0x1862,0x7185,0x7185,0x7185,0x7185,0x7185,0x7185,
    0x7185,0x7185,0x7185,0x7185,0x7185,0x7185,0x7185,0x7185,0x7185,0x7185,0x7185,0x7185,0x7185,0x7185,0x7a89,0x7a89,
    0x7a89,0x7a89,0x732c,0x732c,0x944f,0x944f,0xacf1,0xacf1,0xacf1,0xacf1,0xacf1,0xacf1,0xc593,0xc593,0xc593,0xc593,
    0xc593,0xc593,0xc593,0xc593,0xc593,0xc593,0xacf1,0xacf1,0xacf1,0xacf1,0xacf1,0xacf1,0xc510,0xc510,0xbc4c,0xbc4c,
    0xbc4c,0xbc4c,0x944f,0x944f,0x6bef,0x6bef,0x6bef,0x6bef,0x536e,0x536e,0x2967,0x2967,0x0000,0x0000,0x0000,0x0000,
    0x0000,0x0000,0x0000,0x0000,0x0000,0x0000,0x0000,0x0000,0x0000,0x0000,0x0000,0x0000,0x0000,0x0000,0x0000,0x0000,
    0x0000,0x0000,0x0000,0x0000,0x0000,0x0000,0x0000,0x0000,0x0000,0x0000,0x0000,0x0000,0x0000,0x0000,0x0000,0x0000,
    0x0000,0x0000,0x0000,0x0000,0x0000,0x0000,0x0000,0x0000,0x0000,0x0000,0x0000,0x0000,0x0000,0x0000,0x0000,0x0000,
    0x0000,0x0000,0x0000,0x0000,0x0000,0x0000,0x0000,0x0000,0x0000,0x0000,0x0000,0x0000,0x0000,0x0000,0x0000,0x0000,
    0x0000,0x0000,0x0000,0x0000,0x1862,0x1862,0x2967,0x2967,0x1862,0x1862,0x2967,0x2967,0x2967,0x2967,0x2967,0x2967,
    0x526a,0x526a,0x526a,0x526a,0x526a,0x526a,0x536e,0x536e,0x732c,0x732c,0x6bef,0x6bef,0x6bef,0x6bef,0x944f,0x944f,
    0x944f,0x944f,0x944f,0x944f,0x944f,0x944f,0x944f,0x944f,0x944f,0x944f,0x944f,0x944f,0xacf1,0xacf1,0xacf1,0xacf1,
    0x8d13,0x8d13,0x8d13,0x8d13,0x944f,0x944f,0x944f,0x944f,0x6bef,0x6bef,0x6bef,0x6bef,0x6bef,0x6bef,0x6bef,0x6bef,
    0x536e,0x536e,0x2a2a,0x2a2a,0x0000,0x0000,0x0000,0x0000,0x0000,0x0000,0x0000,0x0000,0x0000,0x0000,0x0000,0x0000,
    0x0000,0x0000,0x0000,0x0000,0x0000,0x0000,0x0000,0x0000,0x0000,0x0000,0x0000,0x0000,0x0000,0x0000,0x0000,0x0000,
    0x0000,0x0000,0x0000,0x0000,0x0000,0x0000,0x0000,0x0000,0x0000,0x0000,0x0000,0x0000,0x0000,0x0000,0x0000,0x0000,
    0x0000,0x0000,0x0000,0x0000,0x0000,0x0000,0x0000,0x0000,0x0000,0x0000,0x0000,0x0000,0x0000,0x0000,0x0000,0x0000,
    0x0000,0x0000,0x0000,0x0000,0x0000,0x0000,0x0000,0x0000,0x0000,0x0000,0x0000,0x0000,0x0000,0x0000,0x1862,0x1862,
    0x2967,0x2967,0x1862,0x1862,0x2967,0x2967,0x2967,0x2967,0x2967,0x2967,0x526a,0x526a,0x526a,0x526a,0x526a,0x526a,
    0x536e,0x536e,0x732c,0x732c,0x6bef,0x6bef,0x6bef,0x6bef,0x944f,0x944f,0x944f,0x944f,0x944f,0x944f,0x944f,0x944f,
    0x944f,0x944f,0x944f,0x944f,0x944f,0x944f,0xacf1,0xacf1,0xacf1,0xacf1,0x8d13,0x8d13,0x8d13,0x8d13,0x944f,0x944f,
    0x944f,0x944f,0x6bef,0x6bef,0x6bef,0x6bef,0x6bef,0x6bef,0x6bef,0x6bef,0x536e,0x536e,0x2a2a,0x2a2a,0x0000,0x0000,
    0x0000,0x0000,0x0000,0x0000,0x0000,0x0000,0x0000,0x0000,0x0000,0x0000,0x0000,0x0000,0x0000,0x0000,0x0000,0x0000,
    0x0000,0x0000,0x0000,0x0000,0x0000,0x0000,0x0000,0x0000,0x0000,0x0000,0x0000,0x0000,0x0000,0x0000,0x0000,0x0000,
    0x0000,0x0000,0x0000,0x0000,0x0000,0x0000,0x0000,0x0000,0x0000,0x0000,0x0000,0x0000,0x0000,0x0000,0x0000,0x0000,
    0x0000,0x0000,0x0000,0x0000,0x0000,0x0000,0x0000,0x0000,0x0000,0x0000,0x0000,0x0000,0x0000,0x0000,0x0000,0x0000,
    0x0000,0x0000,0x0000,0x0000,0x0000,0x0000,0x0000,0x0000,0x0000,0x0000,0x1862,0x1862,0x2967,0x2967,0x2a2a,0x2a2a,
    0x2a2a,0x2a2a,0x2a2a,0x2a2a,0x526a,0x526a,0x526a,0x526a,0x536e,0x536e,0x536e,0x536e,0x536e,0x536e,0x536e,0x536e,
    0x536e,0x536e,0x732c,0x732c,0x732c,0x732c,0x732c,0x732c,0x6bef,0x6bef,0x6bef,0x6bef,0x6bef,0x6bef,0x6bef,0x6bef,
    0x6bef,0x6bef,0x6bef,0x6bef,0x6bef,0x6bef,0x6bef,0x6bef,0x6bef,0x6bef,0x6bef,0x6bef,0x6bef,0x6bef,0x536e,0x536e,
    0x536e,0x536e,0x2a2a,0x2a2a,0x2967,0x2967,0x0000,0x0000,0x0000,0x0000,0x0000,0x0000,0x0000,0x0000,0x0000,0x0000,
    0x0000,0x0000,0x0000,0x0000,0x0000,0x0000,0x0000,0x0000,0x0000,0x0000,0x0000,0x0000,0x0000,0x0000,0x0000,0x0000,
    0x0000,0x0000,0x0000,0x0000,0x0000,0x0000,0x0000,0x0000,0x0000,0x0000,0x0000,0x0000,0x0000,0x0000,0x0000,0x0000,
    0x0000,0x0000,0x0000,0x0000,0x0000,0x0000,0x0000,0x0000,0x0000,0x0000,0x0000,0x0000,0x0000,0x0000,0x0000,0x0000,
    0x0000,0x0000,0x0000,0x0000,0x0000,0x0000,0x0000,0x0000,0x0000,0x0000,0x0000,0x0000,0x0000,0x0000,0x0000,0x0000,
    0x0000,0x0000,0x0000,0x0000,0x1862,0x1862,0x2967,0x2967,0x2a2a,0x2a2a,0x2a2a,0x2a2a,0x2a2a,0x2a2a,0x526a,0x526a,
    0x526a,0x526a,0x536e,0x536e,0x536e,0x536e,0x536e,0x536e,0x536e,0x536e,0x536e,0x536e,0x732c,0x732c,0x732c,0x732c,
    0x732c,0x732c,0x6bef,0x6bef,0x6bef,0x6bef,0x6bef,0x6bef,0x6bef,0x6bef,0x6bef,0x6bef,0x6bef,0x6bef,0x6bef,0x6bef,
    0x6bef,0x6bef,0x6bef,0x6bef,0x6bef,0x6bef,0x6bef,0x6bef,0x536e,0x536e,0x536e,0x536e,0x2a2a,0x2a2a,0x2967,0x2967,
    0x0000,0x0000,0x0000,0x0000,0x0000,0x0000,0x0000,0x0000,0x0000,0x0000,0x0000,0x0000,0x0000,0x0000,0x0000,0x0000,
    0x0000,0x0000,0x0000,0x0000,0x0000,0x0000,0x0000,0x0000,0x0000,0x0000,0x0000,0x0000,0x0000,0x0000,0x0000,0x0000,
    0x0000,0x0000,0x0000,0x0000,0x0000,0x0000,0x0000,0x0000,0x0000,0x0000,0x0000,0x0000,0x0000,0x0000,0x0000,0x0000,
    0x0000,0x0000,0x0000,0x0000,0x0000,0x0000,0x0000,0x0000,0x0000,0x0000,0x0000,0x0000,0x0000,0x0000,0x0000,0x0000,
    0x0000,0x0000,0x0000,0x0000,0x0000,0x0000,0x0000,0x0000,0x0000,0x0000,0x0000,0x0000,0x0000,0x0000,0x0000,0x0000,
    0x0126,0x0126,0x2967,0x2967,0x2a2a,0x2a2a,0x2a2a,0x2a2a,0x2a2a,0x2a2a,0x2a2a,0x2a2a,0x2a2a,0x2a2a,0x526a,0x526a,
    0x526a,0x526a,0x526a,0x526a,0x2a2a,0x2a2a,0x2a2a,0x2a2a,0x536e,0x536e,0x2a2a,0x2a2a,0x2a2a,0x2a2a,0x536e,0x536e,
    0x536e,0x536e,0x536e,0x536e,0x6bef,0x6bef,0x6bef,0x6bef,0x6bef,0x6bef,0x6bef,0x6bef,0x536e,0x536e,0x536e,0x536e,
    0x536e,0x536e,0x536e,0x536e,0x2a2a,0x2a2a,0x0000,0x0000,0x0000,0x0000,0x0000,0x0000,0x0000,0x0000,0x0000,0x0000,
    0x0000,0x0000,0x0000,0x0000,0x0000,0x0000,0x0000,0x0000,0x0000,0x0000,0x0000,0x0000,0x0000,0x0000,0x0000,0x0000,
    0x0000,0x0000,0x0000,0x0000,0x0000,0x0000,0x0000,0x0000,0x0000,0x0000,0x0000,0x0000,0x0000,0x0000,0x0000,0x0000,
    0x0000,0x0000,0x0000,0x0000,0x0000,0x0000,0x0000,0x0000,0x0000,0x0000,0x0000,0x0000,0x0000,0x0000,0x0000,0x0000,
    0x0000,0x0000,0x0000,0x0000,0x0000,0x0000,0x0000,0x0000,0x0000,0x0000,0x0000,0x0000,0x0000,0x0000,0x0000,0x0000,
    0x0000,0x0000,0x0000,0x0000,0x0000,0x0000,0x0000,0x0000,0x0000,0x0000,0x0126,0x0126,0x2967,0x2967,0x2a2a,0x2a2a,
    0x2a2a,0x2a2a,0x2a2a,0x2a2a,0x2a2a,0x2a2a,0x2a2a,0x2a2a,0x526a,0x526a,0x526a,0x526a,0x526a,0x526a,0x2a2a,0x2a2a,
    0x2a2a,0x2a2a,0x536e,0x536e,0x2a2a,0x2a2a,0x2a2a,0x2a2a,0x536e,0x536e,0x536e,0x536e,0x536e,0x536e,0x6bef,0x6bef,
    0x6bef,0x6bef,0x6bef,0x6bef,0x6bef,0x6bef,0x536e,0x536e,0x536e,0x536e,0x536e,0x536e,0x536e,0x536e,0x2a2a,0x2a2a,
    0x0000,0x0000,0x0000,0x0000,0x0000,0x0000,0x0000,0x0000,0x0000,0x0000,0x0000,0x0000,0x0000,0x0000,0x0000,0x0000,
    0x0000,0x0000,0x0000,0x0000,0x0000,0x0000,0x0000,0x0000,0x0000,0x0000,0x0000,0x0000,0x0000,0x0000,0x0000,0x0000,
    0x0000,0x0000,0x0000,0x0000,0x0000,0x0000,0x0000,0x0000,0x0000,0x0000,0x0000,0x0000,0x0000,0x0000,0x0000,0x0000,
    0x0000,0x0000,0x0000,0x0000,0x0000,0x0000,0x0000,0x0000,0x0000,0x0000,0x0000,0x0000,0x0000,0x0000,0x0000,0x0000,
    0x0000,0x0000,0x0000,0x0000,0x0000,0x0000,0x0000,0x0000,0x0000,0x0000,0x0000,0x0000,0x0000,0x0000,0x0000,0x0000,
    0x0000,0x0000,0x0000,0x0000,0x0000,0x0000,0x0000,0x0000,0x2967,0x2967,0x2967,0x2967,0x2a2a,0x2a2a,0x2a2a,0x2a2a,
    0x2a2a,0x2a2a,0x2a2a,0x2a2a,0x2a2a,0x2a2a,0x2a2a,0x2a2a,0x2a2a,0x2a2a,0x2a2a,0x2a2a,0x2a2a,0x2a2a,0x2a2a,0x2a2a,
    0x526a,0x526a,0x536e,0x536e,0x536e,0x536e,0x536e,0x536e,0x536e,0x536e,0x536e,0x536e,0x536e,0x536e,0x536e,0x536e,
    0x536e,0x536e,0x2a2a,0x2a2a,0x2a2a,0x2a2a,0x2967,0x2967,0x0000,0x0000,0x0000,0x0000,0x0000,0x0000,0x0000,0x0000,
    0x0000,0x0000,0x0000,0x0000,0x0000,0x0000,0x0000,0x0000,0x0000,0x0000,0x0000,0x0000,0x0000,0x0000,0x0000,0x0000,
    0x0000,0x0000,0x0000,0x0000,0x0000,0x0000,0x0000,0x0000,0x0000,0x0000,0x0000,0x0000,0x0000,0x0000,0x0000,0x0000,
    0x0000,0x0000,0x0000,0x0000,0x0000,0x0000,0x0000,0x0000,0x0000,0x0000,0x0000,0x0000,0x0000,0x0000,0x0000,0x0000,
    0x0000,0x0000,0x0000,0x0000,0x0000,0x0000,0x0000,0x0000,0x0000,0x0000,0x0000,0x0000,0x0000,0x0000,0x0000,0x0000,
    0x0000,0x0000,0x0000,0x0000,0x0000,0x0000,0x0000,0x0000,0x0000,0x0000,0x0000,0x0000,0x0000,0x0000,0x0000,0x0000,
    0x0000,0x0000,0x2967,0x2967,0x2967,0x2967,0x2a2a,0x2a2a,0x2a2a,0x2a2a,0x2a2a,0x2a2a,0x2a2a,0x2a2a,0x2a2a,0x2a2a,
    0x2a2a,0x2a2a,0x2a2a,0x2a2a,0x2a2a,0x2a2a,0x2a2a,0x2a2a,0x2a2a,0x2a2a,0x526a,0x526a,0x536e,0x536e,0x536e,0x536e,
    0x536e,0x536e,0x536e,0x536e,0x536e,0x536e,0x536e,0x536e,0x536e,0x536e,0x536e,0x536e,0x2a2a,0x2a2a,0x2a2a,0x2a2a,
    0x2967,0x2967,0x0000,0x0000,0x0000,0x0000,0x0000,0x0000,0x0000,0x0000,0x0000,0x0000,0x0000,0x0000,0x0000,0x0000,
    0x0000,0x0000,0x0000,0x0000,0x0000,0x0000,0x0000,0x0000,0x0000,0x0000,0x0000,0x0000,0x0000,0x0000,0x0000,0x0000,
    0x0000,0x0000,0x0000,0x0000,0x0000,0x0000,0x0000,0x0000,0x0000,0x0000,0x0000,0x0000,0x0000,0x0000,0x0000,0x0000,
    0x0000,0x0000,0x0000,0x0000,0x0000,0x0000,0x0000,0x0000,0x0000,0x0000,0x0000,0x0000,0x0000,0x0000,0x0000,0x0000,
    0x0000,0x0000,0x0000,0x0000,0x0000,0x0000,0x0000,0x0000,0x0000,0x0000,0x0000,0x0000,0x0000,0x0000,0x0000,0x0000,
    0x0000,0x0000,0x0000,0x0000,0x0000,0x0000,0x0000,0x0000,0x0000,0x0000,0x0000,0x0000,0x0000,0x0000,0x0126,0x0126,
    0x0126,0x0126,0x0126,0x0126,0x2967,0x2967,0x2967,0x2967,0x2a2a,0x2a2a,0x2a2a,0x2a2a,0x2a2a,0x2a2a,0x2a2a,0x2a2a,
    0x2a2a,0x2a2a,0x2a2a,0x2a2a,0x2a2a,0x2a2a,0x2a2a,0x2a2a,0x2a2a,0x2a2a,0x2a2a,0x2a2a,0x2a2a,0x2a2a,0x2a2a,0x2a2a,
    0x2a2a,0x2a2a,0x2a2a,0x2a2a,0x2a2a,0x2a2a,0x2967,0x2967,0x0000,0x0000,0x0000,0x0000,0x0000,0x0000,0x0000,0x0000,
    0x0000,0x0000,0x0000,0x0000,0x0000,0x0000,0x0000,0x0000,0x0000,0x0000,0x0000,0x0000,0x0000,0x0000,0x0000,0x0000,
    0x0000,0x0000,0x0000,0x0000,0x0000,0x0000,0x0000,0x0000,0x0000,0x0000,0x0000,0x0000,0x0000,0x0000,0x0000,0x0000,
    0x0000,0x0000,0x0000,0x0000,0x0000,0x0000,0x0000,0x0000,0x0000,0x0000,0x0000,0x0000,0x0000,0x0000,0x0000,0x0000,
    0x0000,0x0000,0x0000,0x0000,0x0000,0x0000,0x0000,0x0000,0x0000,0x0000,0x0000,0x0000,0x0000,0x0000,0x0000,0x0000,
    0x0000,0x0000,0x0000,0x0000,0x0000,0x0000,0x0000,0x0000,0x0000,0x0000,0x0000,0x0000,0x0000,0x0000,0x0000,0x0000,
    0x0000,0x0000,0x0000,0x0000,0x0000,0x0000,0x0000,0x0000,0x0126,0x0126,0x0126,0x0126,0x0126,0x0126,0x2967,0x2967,
    0x2967,0x2967,0x2a2a,0x2a2a,0x2a2a,0x2a2a,0x2a2a,0x2a2a,0x2a2a,0x2a2a,0x2a2a,0x2a2a,0x2a2a,0x2a2a,0x2a2a,0x2a2a,
    0x2a2a,0x2a2a,0x2a2a,0x2a2a,0x2a2a,0x2a2a,0x2a2a,0x2a2a,0x2a2a,0x2a2a,0x2a2a,0x2a2a,0x2a2a,0x2a2a,0x2a2a,0x2a2a,
    0x2967,0x2967,0x0000,0x0000,0x0000,0x0000,0x0000,0x0000,0x0000,0x0000,0x0000,0x0000,0x0000,0x0000,0x0000,0x0000,
    0x0000,0x0000,0x0000,0x0000,0x0000,0x0000,0x0000,0x0000,0x0000,0x0000,0x0000,0x0000,0x0000,0x0000,0x0000,0x0000,
    0x0000,0x0000,0x0000,0x0000,0x0000,0x0000,0x0000,0x0000,0x0000,0x0000,0x0000,0x0000,0x0000,0x0000,0x0000,0x0000,
    0x0000,0x0000,0x0000,0x0000,0x0000,0x0000,0x0000,0x0000,0x0000,0x0000,0x0000,0x0000,0x0000,0x0000,0x0000,0x0000,
    0x0000,0x0000,0x0000,0x0000,0x0000,0x0000,0x0000,0x0000,0x0000,0x0000,0x0000,0x0000,0x0000,0x0000,0x0000,0x0000,
    0x0000,0x0000,0x0000,0x0000,0x0000,0x0000,0x0000,0x0000,0x0000,0x0000,0x0000,0x0000,0x0000,0x0000,0x0000,0x0000,
    0x0000,0x0000,0x0000,0x0000,0x0000,0x0000,0x0000,0x0000,0x0126,0x0126,0x0126,0x0126,0x0126,0x0126,0x0126,0x0126,
    0x0126,0x0126,0x2967,0x2967,0x2967,0x2967,0x2967,0x2967,0x2967,0x2967,0x2967,0x2967,0x2a2a,0x2a2a,0x2967,0x2967,
    0x2967,0x2967,0x2967,0x2967,0x0126,0x0126,0x0126,0x0126,0x0000,0x0000,0x0000,0x0000,0x0000,0x0000,0x0000,0x0000,
    0x0000,0x0000,0x0000,0x0000,0x0000,0x0000,0x0000,0x0000,0x0000,0x0000,0x0000,0x0000,0x0000,0x0000,0x0000,0x0000,
    0x0000,0x0000,0x0000,0x0000,0x0000,0x0000,0x0000,0x0000,0x0000,0x0000,0x0000,0x0000,0x0000,0x0000,0x0000,0x0000,
    0x0000,0x0000,0x0000,0x0000,0x0000,0x0000,0x0000,0x0000,0x0000,0x0000,0x0000,0x0000,0x0000,0x0000,0x0000,0x0000,
    0x0000,0x0000,0x0000,0x0000,0x0000,0x0000,0x0000,0x0000,0x0000,0x0000,0x0000,0x0000,0x0000,0x0000,0x0000,0x0000,
    0x0000,0x0000,0x0000,0x0000,0x0000,0x0000,0x0000,0x0000,0x0000,0x0000,0x0000,0x0000,0x0000,0x0000,0x0000,0x0000,
    0x0000,0x0000,0x0000,0x0000,0x0000,0x0000,0x0000,0x0000,0x0000,0x0000,0x0000,0x0000,0x0000,0x0000,0x0000,0x0000,
    0x0000,0x0000,0x0126,0x0126,0x0126,0x0126,0x0126,0x0126,0x0126,0x0126,0x0126,0x0126,0x2967,0x2967,0x2967,0x2967,
    0x2967,0x2967,0x2967,0x2967,0x2967,0x2967,0x2a2a,0x2a2a,0x2967,0x2967,0x2967,0x2967,0x2967,0x2967,0x0126,0x0126,
    0x0126,0x0126,0x0000,0x0000,0x0000,0x0000,0x0000,0x0000,0x0000,0x0000,0x0000,0x0000,0x0000,0x0000,0x0000,0x0000,
    0x0000,0x0000,0x0000,0x0000,0x0000,0x0000,0x0000,0x0000,0x0000,0x0000,0x0000,0x0000,0x0000,0x0000,0x0000,0x0000,
    0x0000,0x0000,0x0000,0x0000,0x0000,0x0000,0x0000,0x0000,0x0000,0x0000,0x0000,0x0000,0x0000,0x0000,0x0000,0x0000,
    0x0000,0x0000,0x0000,0x0000,0x0000,0x0000,0x0000,0x0000,0x0000,0x0000,0x0000,0x0000,0x0000,0x0000,0x0000,0x0000,
    0x0000,0x0000,0x0000,0x0000,0x0000,0x0000,0x0000,0x0000,0x0000,0x0000,0x0000,0x0000,0x0000,0x0000,0x0000,0x0000,
    0x0000,0x0000,0x0000,0x0000,0x0000,0x0000,0x0000,0x0000,0x0000,0x0000,0x0000,0x0000,0x0000,0x0000,0x0000,0x0000,
    0x0000,0x0000,0x0000,0x0000,0x0000,0x0000,0x0000,0x0000,0x0000,0x0000,0x0000,0x0000,0x0000,0x0000,0x0000,0x0000,
    0x1862,0x1862,0x1862,0x1862,0x0126,0x0126,0x0126,0x0126,0x0126,0x0126,0x0126,0x0126,0x0126,0x0126,0x0126,0x0126,
    0x0126,0x0126,0x0126,0x0126,0x0126,0x0126,0x0000,0x0000,0x0000,0x0000,0x0000,0x0000,0x0000,0x0000,0x0000,0x0000,
    0x0000,0x0000,0x0000,0x0000,0x0000,0x0000,0x0000,0x0000,0x0000,0x0000,0x0000,0x0000,0x0000,0x0000,0x0000,0x0000,
    0x0000,0x0000,0x0000,0x0000,0x0000,0x0000,0x0000,0x0000,0x0000,0x0000,0x0000,0x0000,0x0000,0x0000,0x0000,0x0000,
    0x0000,0x0000,0x0000,0x0000,0x0000,0x0000,0x0000,0x0000,0x0000,0x0000,0x0000,0x0000,0x0000,0x0000,0x0000,0x0000,
    0x0000,0x0000,0x0000,0x0000,0x0000,0x0000,0x0000,0x0000,0x0000,0x0000,0x0000,0x0000,0x0000,0x0000,0x0000,0x0000,
    0x0000,0x0000,0x0000,0x0000,0x0000,0x0000,0x0000,0x0000,0x0000,0x0000,0x0000,0x0000,0x0000,0x0000,0x0000,0x0000,
    0x0000,0x0000,0x0000,0x0000,0x0000,0x0000,0x0000,0x0000,0x0000,0x0000,0x0000,0x0000,0x0000,0x0000,0x0000,0x0000,
    0x0000,0x0000,0x0000,0x0000,0x0000,0x0000,0x0000,0x0000,0x0000,0x0000,0x1862,0x1862,0x1862,0x1862,0x0126,0x0126,
    0x0126,0x0126,0x0126,0x0126,0x0126,0x0126,0x0126,0x0126,0x0126,0x0126,0x0126,0x0126,0x0126,0x0126,0x0126,0x0126,
    0x0000,0x0000,0x0000,0x0000,0x0000,0x0000,0x0000,0x0000,0x0000,0x0000,0x0000,0x0000,0x0000,0x0000,0x0000,0x0000,
    0x0000,0x0000,0x0000,0x0000,0x0000,0x0000,0x0000,0x0000,0x0000,0x0000,0x0000,0x0000,0x0000,0x0000,0x0000,0x0000,
    0x0000,0x0000,0x0000,0x0000,0x0000,0x0000,0x0000,0x0000,0x0000,0x0000,0x0000,0x0000,0x0000,0x0000,0x0000,0x0000,
    0x0000,0x0000,0x0000,0x0000,0x0000,0x0000,0x0000,0x0000,
};
const wayfarer_sprite_t wayfarer_planet = {138, 92, pixels_planet};
static const uint16_t pixels_moon[2128] = {
    0x9b6b,0x9b6b,0x9b6b,0x9b6b,0x0000,0x0000,0x0000,0x0000,0x0000,0x0000,0x0000,0x0000,0x0000,0x0000,0x0000,0x0000,
    0x0000,0x0000,0x0000,0x0000,0x0000,0x0000,0x0000,0x0000,0x0000,0x0000,0x0000,0x0000,0x0000,0x0000,0x0000,0x0000,
    0x0000,0x0000,0x0000,0x0000,0x0000,0x0000,0x0000,0x0000,0x0000,0x0000,0x0000,0x0000,0x0000,0x0000,0x0000,0x0000,
    0x0000,0x0000,0x0000,0x0000,0x0000,0x0000,0x0000,0x0000,0x9b6b,0x9b6b,0x9b6b,0x9b6b,0x0000,0x0000,0x0000,0x0000,
    0x0000,0x0000,0x0000,0x0000,0x0000,0x0000,0x0000,0x0000,0x0000,0x0000,0x0000,0x0000,0x0000,0x0000,0x0000,0x0000,
    0x0000,0x0000,0x0000,0x0000,0x0000,0x0000,0x0000,0x0000,0x0000,0x0000,0x0000,0x0000,0x0000,0x0000,0x0000,0x0000,
    0x0000,0x0000,0x0000,0x0000,0x0000,0x0000,0x0000,0x0000,0x0000,0x0000,0x0000,0x0000,0x0000,0x0000,0x0000,0x0000,
    0xb36b,0xb36b,0x9b6b,0x9b6b,0xb36b,0xb36b,0x0000,0x0000,0x0000,0x0000,0x0000,0x0000,0x0000,0x0000,0x0000,0x0000,
    0x0000,0x0000,0x0000,0x0000,0x0000,0x0000,0x0000,0x0000,0x0000,0x0000,0x0000,0x0000,0x0000,0x0000,0x0000,0x0000,
    0x0000,0x0000,0x0000,0x0000,0x0000,0x0000,0x0000,0x0000,0x0000,0x0000,0x0000,0x0000,0x0000,0x0000,0x0000,0x0000,
    0x0000,0x0000,0x0000,0x0000,0x0000,0x0000,0x0000,0x0000,0xb36b,0xb36b,0x9b6b,0x9b6b,0xb36b,0xb36b,0x0000,0x0000,
    0x0000,0x0000,0x0000,0x0000,0x0000,0x0000,0x0000,0x0000,0x0000,0x0000,0x0000,0x0000,0x0000,0x0000,0x0000,0x0000,
    0x0000,0x0000,0x0000,0x0000,0x0000,0x0000,0x0000,0x0000,0x0000,0x0000,0x0000,0x0000,0x0000,0x0000,0x0000,0x0000,
    0x0000,0x0000,0x0000,0x0000,0x0000,0x0000,0x0000,0x0000,0x0000,0x0000,0x0000,0x0000,0x0000,0x0000,0x0000,0x0000,
    0xc5f3,0xc5f3,0x9b6b,0x9b6b,0xb36b,0xb36b,0x0000,0x0000,0x0000,0x0000,0x0000,0x0000,0x0000,0x0000,0x0000,0x0000,
    0x0000,0x0000,0x0000,0x0000,0x0000,0x0000,0x0000,0x0000,0x0000,0x0000,0x0000,0x0000,0x0000,0x0000,0x0000,0x0000,
    0x0000,0x0000,0x0000,0x0000,0x0000,0x0000,0x0000,0x0000,0x0000,0x0000,0x0000,0x0000,0x0000,0x0000,0x0000,0x0000,
    0x0000,0x0000,0x0000,0x0000,0x0000,0x0000,0x0000,0x0000,0xc5f3,0xc5f3,0x9b6b,0x9b6b,0xb36b,0xb36b,0x0000,0x0000,
    0x0000,0x0000,0x0000,0x0000,0x0000,0x0000,0x0000,0x0000,0x0000,0x0000,0x0000,0x0000,0x0000,0x0000,0x0000,0x0000,
    0x0000,0x0000,0x0000,0x0000,0x0000,0x0000,0x0000,0x0000,0x0000,0x0000,0x0000,0x0000,0x0000,0x0000,0x0000,0x0000,
    0x0000,0x0000,0x0000,0x0000,0x0000,0x0000,0x0000,0x0000,0x0000,0x0000,0x0000,0x0000,0x0000,0x0000,0x0000,0x0000,
    0xb36b,0xb36b,0xb36b,0xb36b,0x0000,0x0000,0x0000,0x0000,0x0000,0x0000,0x0000,0x0000,0x0000,0x0000,0x0000,0x0000,
    0x0000,0x0000,0x0000,0x0000,0x0000,0x0000,0x0000,0x0000,0x0000,0x0000,0x0000,0x0000,0x0000,0x0000,0x0000,0x0000,
    0xacf2,0xacf2,0xcdf5,0xcdf5,0xe6d8,0xe6d8,0xe6d8,0xe6d8,0xde97,0xde97,0xbd94,0xbd94,0xa4b1,0xa4b1,0x6b2c,0x6b2c,
    0x0000,0x0000,0x0000,0x0000,0x0000,0x0000,0x0000,0x0000,0xb36b,0xb36b,0xb36b,0xb36b,0x0000,0x0000,0x0000,0x0000,
    0x0000,0x0000,0x0000,0x0000,0x0000,0x0000,0x0000,0x0000,0x0000,0x0000,0x0000,0x0000,0x0000,0x0000,0x0000,0x0000,
    0x0000,0x0000,0x0000,0x0000,0x0000,0x0000,0x0000,0x0000,0xacf2,0xacf2,0xcdf5,0xcdf5,0xe6d8,0xe6d8,0xe6d8,0xe6d8,
    0xde97,0xde97,0xbd94,0xbd94,0xa4b1,0xa4b1,0x6b2c,0x6b2c,0x0000,0x0000,0x0000,0x0000,0x0000,0x0000,0x0000,0x0000,
    0xb36b,0xb36b,0x0000,0x0000,0x0000,0x0000,0x0000,0x0000,0x0000,0x0000,0x0000,0x0000,0x0000,0x0000,0x0000,0x0000,
    0x0000,0x0000,0x0000,0x0000,0x0000,0x0000,0x0000,0x0000,0x0000,0x0000,0x0000,0x0000,0x0000,0x0000,0xce16,0xce16,
    0xde97,0xde97,0xff7b,0xff7b,0xff7b,0xff7b,0xff7b,0xff7b,0xde97,0xde97,0xd636,0xd636,0xcdf5,0xcdf5,0xa4b1,0xa4b1,
    0x738e,0x738e,0x0000,0x0000,0x0000,0x0000,0x0000,0x0000,0xb36b,0xb36b,0x0000,0x0000,0x0000,0x0000,0x0000,0x0000,
    0x0000,0x0000,0x0000,0x0000,0x0000,0x0000,0x0000,0x0000,0x0000,0x0000,0x0000,0x0000,0x0000,0x0000,0x0000,0x0000,
    0x0000,0x0000,0x0000,0x0000,0x0000,0x0000,0xce16,0xce16,0xde97,0xde97,0xff7b,0xff7b,0xff7b,0xff7b,0xff7b,0xff7b,
    0xde97,0xde97,0xd636,0xd636,0xcdf5,0xcdf5,0xa4b1,0xa4b1,0x738e,0x738e,0x0000,0x0000,0x0000,0x0000,0x0000,0x0000,
    0x0000,0x0000,0x0000,0x0000,0x0000,0x0000,0x0000,0x0000,0x0000,0x0000,0x0000,0x0000,0x0000,0x0000,0x0000,0x0000,
    0x0000,0x0000,0x0000,0x0000,0x0000,0x0000,0x0000,0x0000,0x0000,0x0000,0x0000,0x0000,0xe6d8,0xe6d8,0xe6d8,0xe6d8,
    0xd636,0xd636,0xe6d8,0xe6d8,0xe6d8,0xe6d8,0xe6d8,0xe6d8,0xb533,0xb533,0xcdf5,0xcdf5,0x5acb,0x5acb,0x528a,0x528a,
    0xacf2,0xacf2,0x6b2c,0x6b2c,0x0000,0x0000,0x0000,0x0000,0x0000,0x0000,0x0000,0x0000,0x0000,0x0000,0x0000,0x0000,
    0x0000,0x0000,0x0000,0x0000,0x0000,0x0000,0x0000,0x0000,0x0000,0x0000,0x0000,0x0000,0x0000,0x0000,0x0000,0x0000,
    0x0000,0x0000,0x0000,0x0000,0xe6d8,0xe6d8,0xe6d8,0xe6d8,0xd636,0xd636,0xe6d8,0xe6d8,0xe6d8,0xe6d8,0xe6d8,0xe6d8,
    0xb533,0xb533,0xcdf5,0xcdf5,0x5acb,0x5acb,0x528a,0x528a,0xacf2,0xacf2,0x6b2c,0x6b2c,0x0000,0x0000,0x0000,0x0000,
    0x0000,0x0000,0x0000,0x0000,0x0000,0x0000,0x0000,0x0000,0x0000,0x0000,0x0000,0x0000,0x0000,0x0000,0x0000,0x0000,
    0x0000,0x0000,0x0000,0x0000,0x0000,0x0000,0x0000,0x0000,0x0000,0x0000,0xd636,0xd636,0xff7b,0xff7b,0xe6d8,0xe6d8,
    0xde97,0xde97,0xe6d8,0xe6d8,0xde97,0xde97,0xc5b4,0xc5b4,0xc5b4,0xc5b4,0xce16,0xce16,0x83ce,0x83ce,0x738e,0x738e,
    0xb533,0xb533,0x83ce,0x83ce,0x41e8,0x41e8,0x0000,0x0000,0x0000,0x0000,0x0000,0x0000,0x0000,0x0000,0x0000,0x0000,
    0x0000,0x0000,0x0000,0x0000,0x0000,0x0000,0x0000,0x0000,0x0000,0x0000,0x0000,0x0000,0x0000,0x0000,0x0000,0x0000,
    0x0000,0x0000,0xd636,0xd636,0xff7b,0xff7b,0xe6d8,0xe6d8,0xde97,0xde97,0xe6d8,0xe6d8,0xde97,0xde97,0xc5b4,0xc5b4,
    0xc5b4,0xc5b4,0xce16,0xce16,0x83ce,0x83ce,0x738e,0x738e,0xb533,0xb533,0x83ce,0x83ce,0x41e8,0x41e8,0x0000,0x0000,
    0x0000,0x0000,0x0000,0x0000,0x0000,0x0000,0x0000,0x0000,0x0000,0x0000,0x0000,0x0000,0x0000,0x0000,0x0000,0x0000,
    0x0000,0x0000,0x0000,0x0000,0x0000,0x0000,0x0000,0x0000,0xacf2,0xacf2,0xe6d8,0xe6d8,0xe6d8,0xe6d8,0xff7b,0xff7b,
    0xde97,0xde97,0xe6d8,0xe6d8,0xb533,0xb533,0xb533,0xb533,0xd636,0xd636,0xbd94,0xbd94,0xbd94,0xbd94,0xb533,0xb533,
    0x9450,0x9450,0x83ce,0x83ce,0x5acb,0x5acb,0x0000,0x0000,0x0000,0x0000,0x0000,0x0000,0x0000,0x0000,0x0000,0x0000,
    0x0000,0x0000,0x0000,0x0000,0x0000,0x0000,0x0000,0x0000,0x0000,0x0000,0x0000,0x0000,0x0000,0x0000,0x0000,0x0000,
    0xacf2,0xacf2,0xe6d8,0xe6d8,0xe6d8,0xe6d8,0xff7b,0xff7b,0xde97,0xde97,0xe6d8,0xe6d8,0xb533,0xb533,0xb533,0xb533,
    0xd636,0xd636,0xbd94,0xbd94,0xbd94,0xbd94,0xb533,0xb533,0x9450,0x9450,0x83ce,0x83ce,0x5acb,0x5acb,0x0000,0x0000,
    0x0000,0x0000,0x0000,0x0000,0x0000,0x0000,0x0000,0x0000,0x0000,0x0000,0x0000,0x0000,0x0000,0x0000,0x0000,0x0000,
    0x0000,0x0000,0x0000,0x0000,0x0000,0x0000,0x0000,0x0000,0xce16,0xce16,0xff7b,0xff7b,0xc5b4,0xc5b4,0xbd94,0xbd94,
    0xff7b,0xff7b,0xe6d8,0xe6d8,0xd636,0xd636,0xcdf5,0xcdf5,0xc5b4,0xc5b4,0xcdf5,0xcdf5,0xbd94,0xbd94,0xa4b1,0xa4b1,
    0x83ef,0x83ef,0x738e,0x738e,0x630c,0x630c,0x31a6,0x31a6,0x0000,0x0000,0x0000,0x0000,0x0000,0x0000,0x0000,0x0000,
    0x0000,0x0000,0x0000,0x0000,0x0000,0x0000,0x0000,0x0000,0x0000,0x0000,0x0000,0x0000,0x0000,0x0000,0x0000,0x0000,
    0xce16,0xce16,0xff7b,0xff7b,0xc5b4,0xc5b4,0xbd94,0xbd94,0xff7b,0xff7b,0xe6d8,0xe6d8,0xd636,0xd636,0xcdf5,0xcdf5,
    0xc5b4,0xc5b4,0xcdf5,0xcdf5,0xbd94,0xbd94,0xa4b1,0xa4b1,0x83ef,0x83ef,0x738e,0x738e,0x630c,0x630c,0x31a6,0x31a6,
    0x0000,0x0000,0x0000,0x0000,0x0000,0x0000,0x0000,0x0000,0x0000,0x0000,0x0000,0x0000,0x0000,0x0000,0x0000,0x0000,
    0x0000,0x0000,0x0000,0x0000,0x0000,0x0000,0x0000,0x0000,0xe6d8,0xe6d8,0xde97,0xde97,0x738e,0x738e,0x83ef,0x83ef,
    0xce16,0xce16,0xd636,0xd636,0xce16,0xce16,0xce16,0xce16,0xcdf5,0xcdf5,0xc5b4,0xc5b4,0xacf2,0xacf2,0x83ef,0x83ef,
    0x83ce,0x83ce,0x738e,0x738e,0x5acb,0x5acb,0x39c8,0x39c8,0x0000,0x0000,0x0000,0x0000,0x0000,0x0000,0x0000,0x0000,
    0x0000,0x0000,0x0000,0x0000,0x0000,0x0000,0x0000,0x0000,0x0000,0x0000,0x0000,0x0000,0x0000,0x0000,0x0000,0x0000,
    0xe6d8,0xe6d8,0xde97,0xde97,0x738e,0x738e,0x83ef,0x83ef,0xce16,0xce16,0xd636,0xd636,0xce16,0xce16,0xce16,0xce16,
    0xcdf5,0xcdf5,0xc5b4,0xc5b4,0xacf2,0xacf2,0x83ef,0x83ef,0x83ce,0x83ce,0x738e,0x738e,0x5acb,0x5acb,0x39c8,0x39c8,
    0x0000,0x0000,0x0000,0x0000,0x0000,0x0000,0x0000,0x0000,0x0000,0x0000,0x0000,0x0000,0x0000,0x0000,0x0000,0x0000,
    0x0000,0x0000,0x0000,0x0000,0x0000,0x0000,0x83ce,0x83ce,0xff7b,0xff7b,0xd636,0xd636,0x83ce,0x83ce,0x83ef,0x83ef,
    0xacf2,0xacf2,0xcdf5,0xcdf5,0xc5b4,0xc5b4,0xb533,0xb533,0xc5b4,0xc5b4,0xb533,0xb533,0xa4b1,0xa4b1,0x83ef,0x83ef,
    0x738e,0x738e,0x6b2c,0x6b2c,0x4a49,0x4a49,0x39c8,0x39c8,0x0000,0x0000,0x0000,0x0000,0x0000,0x0000,0x0000,0x0000,
    0x0000,0x0000,0x0000,0x0000,0x0000,0x0000,0x0000,0x0000,0x0000,0x0000,0x0000,0x0000,0x0000,0x0000,0x83ce,0x83ce,
    0xff7b,0xff7b,0xd636,0xd636,0x83ce,0x83ce,0x83ef,0x83ef,0xacf2,0xacf2,0xcdf5,0xcdf5,0xc5b4,0xc5b4,0xb533,0xb533,
    0xc5b4,0xc5b4,0xb533,0xb533,0xa4b1,0xa4b1,0x83ef,0x83ef,0x738e,0x738e,0x6b2c,0x6b2c,0x4a49,0x4a49,0x39c8,0x39c8,
    0x0000,0x0000,0x0000,0x0000,0x0000,0x0000,0x0000,0x0000,0x0000,0x0000,0x0000,0x0000,0x0000,0x0000,0x0000,0x0000,
    0x0000,0x0000,0x0000,0x0000,0x0000,0x0000,0x738e,0x738e,0xe6d8,0xe6d8,0xd636,0xd636,0x9450,0x9450,0x9450,0x9450,
    0xcdf5,0xcdf5,0xd636,0xd636,0xbd94,0xbd94,0xa4b1,0xa4b1,0xcdf5,0xcdf5,0xb533,0xb533,0x83ef,0x83ef,0x6b2c,0x6b2c,
    0x738e,0x738e,0x528a,0x528a,0x39c8,0x39c8,0x39c8,0x39c8,0x0000,0x0000,0x0000,0x0000,0x0000,0x0000,0x0000,0x0000,
    0x0000,0x0000,0x0000,0x0000,0x0000,0x0000,0x0000,0x0000,0x0000,0x0000,0x0000,0x0000,0x0000,0x0000,0x738e,0x738e,
    0xe6d8,0xe6d8,0xd636,0xd636,0x9450,0x9450,0x9450,0x9450,0xcdf5,0xcdf5,0xd636,0xd636,0xbd94,0xbd94,0xa4b1,0xa4b1,
    0xcdf5,0xcdf5,0xb533,0xb533,0x83ef,0x83ef,0x6b2c,0x6b2c,0x738e,0x738e,0x528a,0x528a,0x39c8,0x39c8,0x39c8,0x39c8,
    0x0000,0x0000,0x0000,0x0000,0x0000,0x0000,0x0000,0x0000,0x0000,0x0000,0x0000,0x0000,0x0000,0x0000,0x0000,0x0000,
    0x0000,0x0000,0x0000,0x0000,0x0000,0x0000,0x0000,0x0000,0xde97,0xde97,0xe6d8,0xe6d8,0xc5b4,0xc5b4,0xce16,0xce16,
    0xce16,0xce16,0xc5b4,0xc5b4,0xcdf5,0xcdf5,0xc5b4,0xc5b4,0xacf2,0xacf2,0x528a,0x528a,0x528a,0x528a,0x738e,0x738e,
    0x630c,0x630c,0x528a,0x528a,0x528a,0x528a,0x2125,0x2125,0x0000,0x0000,0x0000,0x0000,0x0000,0x0000,0x0000,0x0000,
    0x0000,0x0000,0x0000,0x0000,0x0000,0x0000,0x0000,0x0000,0x0000,0x0000,0x0000,0x0000,0x0000,0x0000,0x0000,0x0000,
    0xde97,0xde97,0xe6d8,0xe6d8,0xc5b4,0xc5b4,0xce16,0xce16,0xce16,0xce16,0xc5b4,0xc5b4,0xcdf5,0xcdf5,0xc5b4,0xc5b4,
    0xacf2,0xacf2,0x528a,0x528a,0x528a,0x528a,0x738e,0x738e,0x630c,0x630c,0x528a,0x528a,0x528a,0x528a,0x2125,0x2125,
    0x0000,0x0000,0x0000,0x0000,0x0000,0x0000,0x0000,0x0000,0x0000,0x0000,0x0000,0x0000,0x0000,0x0000,0x0000,0x0000,
    0x0000,0x0000,0x0000,0x0000,0x0000,0x0000,0x0000,0x0000,0xbd94,0xbd94,0xbd94,0xbd94,0xbd94,0xbd94,0xce16,0xce16,
    0xb533,0xb533,0xb533,0xb533,0xb533,0xb533,0xb533,0xb533,0x528a,0x528a,0x2125,0x2125,0x31a6,0x31a6,0x738e,0x738e,
    0x5acb,0x5acb,0x4a49,0x4a49,0x41e8,0x41e8,0x10c4,0x10c4,0x0000,0x0000,0x0000,0x0000,0x0000,0x0000,0x0000,0x0000,
    0x0000,0x0000,0x0000,0x0000,0x0000,0x0000,0x0000,0x0000,0x0000,0x0000,0x0000,0x0000,0x0000,0x0000,0x0000,0x0000,
    0xbd94,0xbd94,0xbd94,0xbd94,0xbd94,0xbd94,0xce16,0xce16,0xb533,0xb533,0xb533,0xb533,0xb533,0xb533,0xb533,0xb533,
    0x528a,0x528a,0x2125,0x2125,0x31a6,0x31a6,0x738e,0x738e,0x5acb,0x5acb,0x4a49,0x4a49,0x41e8,0x41e8,0x10c4,0x10c4,
    0x0000,0x0000,0x0000,0x0000,0x0000,0x0000,0x0000,0x0000,0x0000,0x0000,0x0000,0x0000,0x0000,0x0000,0x0000,0x0000,
    0x0000,0x0000,0x0000,0x0000,0x0000,0x0000,0x0000,0x0000,0x83ce,0x83ce,0xb533,0xb533,0xcdf5,0xcdf5,0xc5b4,0xc5b4,
    0xbd94,0xbd94,0xbd94,0xbd94,0xb533,0xb533,0xa4b1,0xa4b1,0x528a,0x528a,0x39c8,0x39c8,0x5acb,0x5acb,0x83ef,0x83ef,
    0x4a49,0x4a49,0x4a49,0x4a49,0x31a6,0x31a6,0x0000,0x0000,0x0000,0x0000,0x0000,0x0000,0x0000,0x0000,0x0000,0x0000,
    0x0000,0x0000,0x0000,0x0000,0x0000,0x0000,0x0000,0x0000,0x0000,0x0000,0x0000,0x0000,0x0000,0x0000,0x0000,0x0000,
    0x83ce,0x83ce,0xb533,0xb533,0xcdf5,0xcdf5,0xc5b4,0xc5b4,0xbd94,0xbd94,0xbd94,0xbd94,0xb533,0xb533,0xa4b1,0xa4b1,
    0x528a,0x528a,0x39c8,0x39c8,0x5acb,0x5acb,0x83ef,0x83ef,0x4a49,0x4a49,0x4a49,0x4a49,0x31a6,0x31a6,0x0000,0x0000,
    0x0000,0x0000,0x0000,0x0000,0x0000,0x0000,0x0000,0x0000,0x0000,0x0000,0x0000,0x0000,0x0000,0x0000,0x0000,0x0000,
    0x0000,0x0000,0x0000,0x0000,0x0000,0x0000,0x0000,0x0000,0x0000,0x0000,0xacf2,0xacf2,0xcdf5,0xcdf5,0xacf2,0xacf2,
    0x83ef,0x83ef,0xacf2,0xacf2,0x83ef,0x83ef,0x83ce,0x83ce,0x738e,0x738e,0x630c,0x630c,0x83ce,0x83ce,0x5acb,0x5acb,
    0x41e8,0x41e8,0x41e8,0x41e8,0x10c4,0x10c4,0x0000,0x0000,0x0000,0x0000,0x0000,0x0000,0x0000,0x0000,0x0000,0x0000,
    0x0000,0x0000,0x0000,0x0000,0x0000,0x0000,0x0000,0x0000,0x0000,0x0000,0x0000,0x0000,0x0000,0x0000,0x0000,0x0000,
    0x0000,0x0000,0xacf2,0xacf2,0xcdf5,0xcdf5,0xacf2,0xacf2,0x83ef,0x83ef,0xacf2,0xacf2,0x83ef,0x83ef,0x83ce,0x83ce,
    0x738e,0x738e,0x630c,0x630c,0x83ce,0x83ce,0x5acb,0x5acb,0x41e8,0x41e8,0x41e8,0x41e8,0x10c4,0x10c4,0x0000,0x0000,
    0x0000,0x0000,0x0000,0x0000,0x0000,0x0000,0x0000,0x0000,0x0000,0x0000,0x0000,0x0000,0x0000,0x0000,0x0000,0x0000,
    0x0000,0x0000,0x0000,0x0000,0x0000,0x0000,0x0000,0x0000,0x0000,0x0000,0x0000,0x0000,0x9450,0x9450,0xa4b1,0xa4b1,
    0x83ef,0x83ef,0x9450,0x9450,0x83ce,0x83ce,0x6b2c,0x6b2c,0x630c,0x630c,0x528a,0x528a,0x4a49,0x4a49,0x41e8,0x41e8,
    0x39c8,0x39c8,0x10c4,0x10c4,0x0000,0x0000,0x0000,0x0000,0x0000,0x0000,0x0000,0x0000,0x0000,0x0000,0x0000,0x0000,
    0x0000,0x0000,0x0000,0x0000,0x0000,0x0000,0x0000,0x0000,0x0000,0x0000,0x0000,0x0000,0x0000,0x0000,0x0000,0x0000,
    0x0000,0x0000,0x0000,0x0000,0x9450,0x9450,0xa4b1,0xa4b1,0x83ef,0x83ef,0x9450,0x9450,0x83ce,0x83ce,0x6b2c,0x6b2c,
    0x630c,0x630c,0x528a,0x528a,0x4a49,0x4a49,0x41e8,0x41e8,0x39c8,0x39c8,0x10c4,0x10c4,0x0000,0x0000,0x0000,0x0000,
    0x0000,0x0000,0x0000,0x0000,0x0000,0x0000,0x0000,0x0000,0x0000,0x0000,0x0000,0x0000,0x0000,0x0000,0x0000,0x0000,
    0x0000,0x0000,0x0000,0x0000,0x0000,0x0000,0x0000,0x0000,0x0000,0x0000,0x0000,0x0000,0x0000,0x0000,0x5acb,0x5acb,
    0x738e,0x738e,0x738e,0x738e,0x6b2c,0x6b2c,0x5acb,0x5acb,0x528a,0x528a,0x4a49,0x4a49,0x39c8,0x39c8,0x2125,0x2125,
    0x10c4,0x10c4,0x0000,0x0000,0x0000,0x0000,0x0000,0x0000,0x0000,0x0000,0x0000,0x0000,0x0000,0x0000,0x0000,0x0000,
    0x0000,0x0000,0x0000,0x0000,0x0000,0x0000,0x0000,0x0000,0x0000,0x0000,0x0000,0x0000,0x0000,0x0000,0x0000,0x0000,
    0x0000,0x0000,0x0000,0x0000,0x0000,0x0000,0x5acb,0x5acb,0x738e,0x738e,0x738e,0x738e,0x6b2c,0x6b2c,0x5acb,0x5acb,
    0x528a,0x528a,0x4a49,0x4a49,0x39c8,0x39c8,0x2125,0x2125,0x10c4,0x10c4,0x0000,0x0000,0x0000,0x0000,0x0000,0x0000,
    0x0000,0x0000,0x0000,0x0000,0x0000,0x0000,0x0000,0x0000,0x0000,0x0000,0x0000,0x0000,0x0000,0x0000,0x0000,0x0000,
    0x0000,0x0000,0x0000,0x0000,0x0000,0x0000,0x0000,0x0000,0x0000,0x0000,0x0000,0x0000,0x0000,0x0000,0x0000,0x0000,
    0x0000,0x0000,0x39c8,0x39c8,0x41e8,0x41e8,0x39c8,0x39c8,0x31a6,0x31a6,0x2125,0x2125,0x10c4,0x10c4,0x0000,0x0000,
    0x0000,0x0000,0x0000,0x0000,0x0000,0x0000,0x0000,0x0000,0x0000,0x0000,0x0000,0x0000,0x0000,0x0000,0x0000,0x0000,
    0x0000,0x0000,0x0000,0x0000,0x0000,0x0000,0x0000,0x0000,0x0000,0x0000,0x0000,0x0000,0x0000,0x0000,0x0000,0x0000,
    0x0000,0x0000,0x0000,0x0000,0x0000,0x0000,0x0000,0x0000,0x0000,0x0000,0x39c8,0x39c8,0x41e8,0x41e8,0x39c8,0x39c8,
    0x31a6,0x31a6,0x2125,0x2125,0x10c4,0x10c4,0x0000,0x0000,0x0000,0x0000,0x0000,0x0000,0x0000,0x0000,0x0000,0x0000,
};
const wayfarer_sprite_t wayfarer_moon = {56, 38, pixels_moon};
static const uint16_t pixels_asteroid[840] = {
    0x0000,0x0000,0x0000,0x0000,0x0000,0x0000,0x0000,0x0000,0x0000,0x0000,0x0000,0x0000,0x0000,0x0000,0x0000,0x0000,
    0x528a,0x528a,0x9450,0x9450,0x526a,0x526a,0x0000,0x0000,0x0000,0x0000,0x0000,0x0000,0x0000,0x0000,0x0000,0x0000,
    0x0000,0x0000,0x0000,0x0000,0x0000,0x0000,0x0000,0x0000,0x0000,0x0000,0x0000,0x0000,0x0000,0x0000,0x528a,0x528a,
    0x9450,0x9450,0x526a,0x526a,0x0000,0x0000,0x0000,0x0000,0x0000,0x0000,0x0000,0x0000,0x0000,0x0000,0x0000,0x0000,
    0x0000,0x0000,0x0000,0x0000,0x0000,0x0000,0x0000,0x0000,0x62eb,0x62eb,0x7bae,0x7bae,0x9c91,0x9c91,0x9450,0x9450,
    0x31a7,0x31a7,0x0000,0x0000,0x0000,0x0000,0x0000,0x0000,0x0000,0x0000,0x0000,0x0000,0x0000,0x0000,0x0000,0x0000,
    0x0000,0x0000,0x0000,0x0000,0x0000,0x0000,0x62eb,0x62eb,0x7bae,0x7bae,0x9c91,0x9c91,0x9450,0x9450,0x31a7,0x31a7,
    0x0000,0x0000,0x0000,0x0000,0x0000,0x0000,0x0000,0x0000,0x0000,0x0000,0x0000,0x0000,0x0000,0x0000,0x0000,0x0000,
    0x0000,0x0000,0x7b8e,0x7b8e,0x9450,0x9450,0x7b8e,0x7b8e,0xc5f6,0xc5f6,0x528a,0x528a,0x2945,0x2945,0x0000,0x0000,
    0x0000,0x0000,0x0000,0x0000,0x0000,0x0000,0x0000,0x0000,0x0000,0x0000,0x0000,0x0000,0x0000,0x0000,0x0000,0x0000,
    0x7b8e,0x7b8e,0x9450,0x9450,0x7b8e,0x7b8e,0xc5f6,0xc5f6,0x528a,0x528a,0x2945,0x2945,0x0000,0x0000,0x0000,0x0000,
    0x0000,0x0000,0x0000,0x0000,0x0000,0x0000,0x0000,0x0000,0x0000,0x0000,0x736d,0x736d,0x7bae,0x7bae,0x8c0f,0x8c0f,
    0xacf2,0xacf2,0x9450,0x9450,0x9c91,0x9c91,0x3186,0x3186,0x39c7,0x39c7,0x736d,0x736d,0x528a,0x528a,0x3186,0x3186,
    0x0000,0x0000,0x0000,0x0000,0x0000,0x0000,0x0000,0x0000,0x736d,0x736d,0x7bae,0x7bae,0x8c0f,0x8c0f,0xacf2,0xacf2,
    0x9450,0x9450,0x9c91,0x9c91,0x3186,0x3186,0x39c7,0x39c7,0x736d,0x736d,0x528a,0x528a,0x3186,0x3186,0x0000,0x0000,
    0x0000,0x0000,0x62eb,0x62eb,0x6b4d,0x6b4d,0xacf2,0xacf2,0x736d,0x736d,0x7bae,0x7bae,0xacf2,0xacf2,0x9c91,0x9c91,
    0x4a49,0x4a49,0x6b0c,0x6b0c,0x5acb,0x5acb,0x62eb,0x62eb,0x4208,0x4208,0x39c7,0x39c7,0x0000,0x0000,0x0000,0x0000,
    0x62eb,0x62eb,0x6b4d,0x6b4d,0xacf2,0xacf2,0x736d,0x736d,0x7bae,0x7bae,0xacf2,0xacf2,0x9c91,0x9c91,0x4a49,0x4a49,
    0x6b0c,0x6b0c,0x5acb,0x5acb,0x62eb,0x62eb,0x4208,0x4208,0x39c7,0x39c7,0x0000,0x0000,0x736d,0x736d,0x8c0f,0x8c0f,
    0x39e7,0x39e7,0x8c0f,0x8c0f,0xc5f6,0xc5f6,0xacf2,0xacf2,0x9c91,0x9c91,0x83ef,0x83ef,0x7b8e,0x7b8e,0x5aaa,0x5aaa,
    0x39e7,0x39e7,0x5aaa,0x5aaa,0x3186,0x3186,0x39c7,0x39c7,0x2125,0x2125,0x736d,0x736d,0x8c0f,0x8c0f,0x39e7,0x39e7,
    0x8c0f,0x8c0f,0xc5f6,0xc5f6,0xacf2,0xacf2,0x9c91,0x9c91,0x83ef,0x83ef,0x7b8e,0x7b8e,0x5aaa,0x5aaa,0x39e7,0x39e7,
    0x5aaa,0x5aaa,0x3186,0x3186,0x39c7,0x39c7,0x2125,0x2125,0x4a49,0x4a49,0x4a49,0x4a49,0x39c7,0x39c7,0x528a,0x528a,
    0x9450,0x9450,0x83ef,0x83ef,0x5acb,0x5acb,0x4208,0x4208,0x7b8e,0x7b8e,0x5acb,0x5acb,0x4208,0x4208,0x4a49,0x4a49,
    0x3186,0x3186,0x18e4,0x18e4,0x1082,0x1082,0x4a49,0x4a49,0x4a49,0x4a49,0x39c7,0x39c7,0x528a,0x528a,0x9450,0x9450,
    0x83ef,0x83ef,0x5acb,0x5acb,0x4208,0x4208,0x7b8e,0x7b8e,0x5acb,0x5acb,0x4208,0x4208,0x4a49,0x4a49,0x3186,0x3186,
    0x18e4,0x18e4,0x1082,0x1082,0x1082,0x1082,0x2945,0x2945,0x4a49,0x4a49,0x2945,0x2945,0x736d,0x736d,0x6b0c,0x6b0c,
    0x736d,0x736d,0x6b0c,0x6b0c,0x6b2c,0x6b2c,0x6b2c,0x6b2c,0x6b0c,0x6b0c,0x2945,0x2945,0x18e4,0x18e4,0x0862,0x0862,
    0x0000,0x0000,0x1082,0x1082,0x2945,0x2945,0x4a49,0x4a49,0x2945,0x2945,0x736d,0x736d,0x6b0c,0x6b0c,0x736d,0x736d,
    0x6b0c,0x6b0c,0x6b2c,0x6b2c,0x6b2c,0x6b2c,0x6b0c,0x6b0c,0x2945,0x2945,0x18e4,0x18e4,0x0862,0x0862,0x0000,0x0000,
    0x0000,0x0000,0x0000,0x0000,0x2104,0x2104,0x39e7,0x39e7,0x7bae,0x7bae,0x736d,0x736d,0x83ef,0x83ef,0x6b4d,0x6b4d,
    0x4208,0x4208,0x0862,0x0862,0x2104,0x2104,0x2104,0x2104,0x1082,0x1082,0x0000,0x0000,0x0000,0x0000,0x0000,0x0000,
    0x0000,0x0000,0x2104,0x2104,0x39e7,0x39e7,0x7bae,0x7bae,0x736d,0x736d,0x83ef,0x83ef,0x6b4d,0x6b4d,0x4208,0x4208,
    0x0862,0x0862,0x2104,0x2104,0x2104,0x2104,0x1082,0x1082,0x0000,0x0000,0x0000,0x0000,0x0000,0x0000,0x0000,0x0000,
    0x2945,0x2945,0x6b4d,0x6b4d,0x6b0c,0x6b0c,0x62eb,0x62eb,0x528a,0x528a,0x39c7,0x39c7,0x0862,0x0862,0x18e4,0x18e4,
    0x10c3,0x10c3,0x2125,0x2125,0x10c3,0x10c3,0x0000,0x0000,0x0000,0x0000,0x0000,0x0000,0x0000,0x0000,0x2945,0x2945,
    0x6b4d,0x6b4d,0x6b0c,0x6b0c,0x62eb,0x62eb,0x528a,0x528a,0x39c7,0x39c7,0x0862,0x0862,0x18e4,0x18e4,0x10c3,0x10c3,
    0x2125,0x2125,0x10c3,0x10c3,0x0000,0x0000,0x0000,0x0000,0x0000,0x0000,0x0000,0x0000,0x528a,0x528a,0x83ef,0x83ef,
    0x6b4d,0x6b4d,0x4208,0x4208,0x0862,0x0862,0x18e4,0x18e4,0x2125,0x2125,0x2104,0x2104,0x2104,0x2104,0x1082,0x1082,
    0x0000,0x0000,0x0000,0x0000,0x0000,0x0000,0x0000,0x0000,0x0000,0x0000,0x528a,0x528a,0x83ef,0x83ef,0x6b4d,0x6b4d,
    0x4208,0x4208,0x0862,0x0862,0x18e4,0x18e4,0x2125,0x2125,0x2104,0x2104,0x2104,0x2104,0x1082,0x1082,0x0000,0x0000,
    0x0000,0x0000,0x0000,0x0000,0x0000,0x0000,0x0000,0x0000,0x0000,0x0000,0x4208,0x4208,0x4208,0x4208,0x1082,0x1082,
    0x18e4,0x18e4,0x2125,0x2125,0x2104,0x2104,0x2104,0x2104,0x0862,0x0862,0x0000,0x0000,0x0000,0x0000,0x0000,0x0000,
    0x0000,0x0000,0x0000,0x0000,0x0000,0x0000,0x0000,0x0000,0x4208,0x4208,0x4208,0x4208,0x1082,0x1082,0x18e4,0x18e4,
    0x2125,0x2125,0x2104,0x2104,0x2104,0x2104,0x0862,0x0862,0x0000,0x0000,0x0000,0x0000,0x0000,0x0000,0x0000,0x0000,
    0x0000,0x0000,0x0000,0x0000,0x0000,0x0000,0x0000,0x0000,0x0862,0x0862,0x0862,0x0862,0x1082,0x1082,0x18e4,0x18e4,
    0x18e4,0x18e4,0x0000,0x0000,0x0000,0x0000,0x0000,0x0000,0x0000,0x0000,0x0000,0x0000,0x0000,0x0000,0x0000,0x0000,
    0x0000,0x0000,0x0000,0x0000,0x0000,0x0000,0x0862,0x0862,0x0862,0x0862,0x1082,0x1082,0x18e4,0x18e4,0x18e4,0x18e4,
    0x0000,0x0000,0x0000,0x0000,0x0000,0x0000,0x0000,0x0000,0x0000,0x0000,0x0000,0x0000,0x0000,0x0000,0x0000,0x0000,
    0x0000,0x0000,0x0000,0x0000,0x0000,0x0000,0x0000,0x0000,0x1082,0x1082,0x0000,0x0000,0x0000,0x0000,0x0000,0x0000,
    0x0000,0x0000,0x0000,0x0000,0x0000,0x0000,0x0000,0x0000,0x0000,0x0000,0x0000,0x0000,0x0000,0x0000,0x0000,0x0000,
    0x0000,0x0000,0x0000,0x0000,0x0000,0x0000,0x1082,0x1082,0x0000,0x0000,0x0000,0x0000,0x0000,0x0000,0x0000,0x0000,
    0x0000,0x0000,0x0000,0x0000,0x0000,0x0000,0x0000,0x0000,
};
const wayfarer_sprite_t wayfarer_asteroid = {30, 28, pixels_asteroid};
const uint8_t wayfarer_sky[65536] = {
    0x28,0x28,0x23,0x23,0x23,0x23,0x2a,0x2a,0x2b,0x2b,0x23,0x23,0x25,0x25,0x28,0x28,
    0x23,0x23,0x23,0x23,0x28,0x28,0x23,0x23,0x2c,0x2c,0x18,0x18,0x11,0x11,0x1a,0x1a,
    0x05,0x05,0x05,0x05,0x00,0x00,0x00,0x00,0x02,0x02,0x0a,0x0a,0x09,0x09,0x09,0x09,
    0x09,0x09,0x05,0x05,0x11,0x11,0x1a,0x1a,0x18,0x18,0x2b,0x2b,0x2c,0x2c,0x2c,0x2c,
    0x2b,0x2b,0x2c,0x2c,0x2b,0x2b,0x2b,0x2b,0x28,0x28,0x2b,0x2b,0x2b,0x2b,0x25,0x25,
    0x28,0x28,0x2c,0x2c,0x1d,0x1d,0x1c,0x1c,0x15,0x15,0x10,0x10,0x13,0x13,0x11,0x11,
    0x1c,0x1c,0x18,0x18,0x0d,0x0d,0x09,0x09,0x04,0x04,0x02,0x02,0x02,0x02,0x04,0x04,
    0x01,0x01,0x01,0x01,0x01,0x01,0x01,0x01,0x04,0x04,0x04,0x04,0x04,0x04,0x02,0x02,
    0x02,0x02,0x0b,0x0b,0x04,0x04,0x02,0x02,0x02,0x02,0x01,0x01,0x01,0x01,0x01,0x01,
    0x01,0x01,0x01,0x01,0x03,0x03,0x01,0x01,0x03,0x03,0x06,0x06,0x06,0x06,0x03,0x03,
    0x06,0x06,0x06,0x06,0x06,0x06,0x06,0x06,0x0c,0x0c,0x0e,0x0e,0x0e,0x0e,0x0e,0x0e,
    0x06,0x06,0x06,0x06,0x01,0x01,0x01,0x01,0x03,0x03,0x03,0x03,0x11,0x11,0x1a,0x1a,
    0x17,0x17,0x16,0x16,0x29,0x29,0x2e,0x2e,0x1f,0x1f,0x17,0x17,0x2f,0x2f,0x2b,0x2b,
    0x25,0x25,0x28,0x28,0x27,0x27,0x28,0x28,0x27,0x27,0x25,0x25,0x2b,0x2b,0x28,0x28,
    0x28,0x28,0x18,0x18,0x1d,0x1d,0x23,0x23,0x23,0x23,0x23,0x23,0x23,0x23,0x25,0x25,
    0x23,0x23,0x1a,0x1a,0x19,0x19,0x15,0x15,0x19,0x19,0x13,0x13,0x0a,0x0a,0x09,0x09,
    0x0d,0x0d,0x13,0x13,0x16,0x16,0x28,0x28,0x15,0x15,0x0d,0x0d,0x05,0x05,0x0a,0x0a,
    0x09,0x09,0x0a,0x0a,0x02,0x02,0x00,0x00,0x00,0x00,0x00,0x00,0x09,0x09,0x08,0x08,
    0x13,0x13,0x11,0x11,0x0a,0x0a,0x18,0x18,0x2f,0x2f,0x1e,0x1e,0x19,0x19,0x2e,0x2e,
    0x2c,0x2c,0x2b,0x2b,0x25,0x25,0x28,0x28,0x23,0x23,0x23,0x23,0x23,0x23,0x23,0x23,
    0x2c,0x2c,0x23,0x23,0x28,0x28,0x27,0x27,0x2b,0x2b,0x23,0x23,0x23,0x23,0x23,0x23,
    0x23,0x23,0x2f,0x2f,0x18,0x18,0x10,0x10,0x1f,0x1f,0x1b,0x1b,0x22,0x22,0x2c,0x2c,
    0x23,0x23,0x28,0x28,0x23,0x23,0x25,0x25,0x12,0x12,0x18,0x18,0x2c,0x2c,0x23,0x23,
    0x2b,0x2b,0x28,0x28,0x23,0x23,0x25,0x25,0x2b,0x2b,0x23,0x23,0x28,0x28,0x25,0x25,
    0x2b,0x2b,0x23,0x23,0x25,0x25,0x1b,0x1b,0x1f,0x1f,0x25,0x25,0x23,0x23,0x2c,0x2c,
    0x1e,0x1e,0x1a,0x1a,0x2e,0x2e,0x17,0x17,0x1b,0x1b,0x1a,0x1a,0x2f,0x2f,0x18,0x18,
    0x1f,0x1f,0x1c,0x1c,0x14,0x14,0x17,0x17,0x1f,0x1f,0x24,0x24,0x2c,0x2c,0x2c,0x2c,
    0x2f,0x2f,0x14,0x14,0x0e,0x0e,0x08,0x08,0x0c,0x0c,0x02,0x02,0x02,0x02,0x04,0x04,
    0x04,0x04,0x07,0x07,0x08,0x08,0x0c,0x0c,0x0e,0x0e,0x0c,0x0c,0x0c,0x0c,0x0e,0x0e,
    0x0c,0x0c,0x05,0x05,0x08,0x08,0x02,0x02,0x00,0x00,0x00,0x00,0x00,0x00,0x05,0x05,
    0x02,0x02,0x05,0x05,0x05,0x05,0x0a,0x0a,0x0e,0x0e,0x09,0x09,0x0d,0x0d,0x0e,0x0e,
    0x0a,0x0a,0x18,0x18,0x14,0x14,0x17,0x17,0x1a,0x1a,0x1a,0x1a,0x2b,0x2b,0x23,0x23,
    0x28,0x28,0x23,0x23,0x23,0x23,0x2a,0x2a,0x2b,0x2b,0x23,0x23,0x25,0x25,0x28,0x28,
    0x23,0x23,0x23,0x23,0x28,0x28,0x23,0x23,0x2c,0x2c,0x18,0x18,0x11,0x11,0x1a,0x1a,
    0x05,0x05,0x05,0x05,0x00,0x00,0x00,0x00,0x02,0x02,0x0a,0x0a,0x09,0x09,0x09,0x09,
    0x09,0x09,0x05,0x05,0x11,0x11,0x1a,0x1a,0x18,0x18,0x2b,0x2b,0x2c,0x2c,0x2c,0x2c,
    0x2b,0x2b,0x2c,0x2c,0x2b,0x2b,0x2b,0x2b,0x28,0x28,0x2b,0x2b,0x2b,0x2b,0x25,0x25,
    0x28,0x28,0x2c,0x2c,0x1d,0x1d,0x1c,0x1c,0x15,0x15,0x10,0x10,0x13,0x13,0x11,0x11,
    0x1c,0x1c,0x18,0x18,0x0d,0x0d,0x09,0x09,0x04,0x04,0x02,0x02,0x02,0x02,0x04,0x04,
    0x01,0x01,0x01,0x01,0x01,0x01,0x01,0x01,0x04,0x04,0x04,0x04,0x04,0x04,0x02,0x02,
    0x02,0x02,0x0b,0x0b,0x04,0x04,0x02,0x02,0x02,0x02,0x01,0x01,0x01,0x01,0x01,0x01,
    0x01,0x01,0x01,0x01,0x03,0x03,0x01,0x01,0x03,0x03,0x06,0x06,0x06,0x06,0x03,0x03,
    0x06,0x06,0x06,0x06,0x06,0x06,0x06,0x06,0x0c,0x0c,0x0e,0x0e,0x0e,0x0e,0x0e,0x0e,
    0x06,0x06,0x06,0x06,0x01,0x01,0x01,0x01,0x03,0x03,0x03,0x03,0x11,0x11,0x1a,0x1a,
    0x17,0x17,0x16,0x16,0x29,0x29,0x2e,0x2e,0x1f,0x1f,0x17,0x17,0x2f,0x2f,0x2b,0x2b,
    0x25,0x25,0x28,0x28,0x27,0x27,0x28,0x28,0x27,0x27,0x25,0x25,0x2b,0x2b,0x28,0x28,
    0x28,0x28,0x18,0x18,0x1d,0x1d,0x23,0x23,0x23,0x23,0x23,0x23,0x23,0x23,0x25,0x25,
    0x23,0x23,0x1a,0x1a,0x19,0x19,0x15,0x15,0x19,0x19,0x13,0x13,0x0a,0x0a,0x09,0x09,
    0x0d,0x0d,0x13,0x13,0x16,0x16,0x28,0x28,0x15,0x15,0x0d,0x0d,0x05,0x05,0x0a,0x0a,
    0x09,0x09,0x0a,0x0a,0x02,0x02,0x00,0x00,0x00,0x00,0x00,0x00,0x09,0x09,0x08,0x08,
    0x13,0x13,0x11,0x11,0x0a,0x0a,0x18,0x18,0x2f,0x2f,0x1e,0x1e,0x19,0x19,0x2e,0x2e,
    0x2c,0x2c,0x2b,0x2b,0x25,0x25,0x28,0x28,0x23,0x23,0x23,0x23,0x23,0x23,0x23,0x23,
    0x2c,0x2c,0x23,0x23,0x28,0x28,0x27,0x27,0x2b,0x2b,0x23,0x23,0x23,0x23,0x23,0x23,
    0x23,0x23,0x2f,0x2f,0x18,0x18,0x10,0x10,0x1f,0x1f,0x1b,0x1b,0x22,0x22,0x2c,0x2c,
    0x23,0x23,0x28,0x28,0x23,0x23,0x25,0x25,0x12,0x12,0x18,0x18,0x2c,0x2c,0x23,0x23,
    0x2b,0x2b,0x28,0x28,0x23,0x23,0x25,0x25,0x2b,0x2b,0x23,0x23,0x28,0x28,0x25,0x25,
    0x2b,0x2b,0x23,0x23,0x25,0x25,0x1b,0x1b,0x1f,0x1f,0x25,0x25,0x23,0x23,0x2c,0x2c,
    0x1e,0x1e,0x1a,0x1a,0x2e,0x2e,0x17,0x17,0x1b,0x1b,0x1a,0x1a,0x2f,0x2f,0x18,0x18,
    0x1f,0x1f,0x1c,0x1c,0x14,0x14,0x17,0x17,0x1f,0x1f,0x24,0x24,0x2c,0x2c,0x2c,0x2c,
    0x2f,0x2f,0x14,0x14,0x0e,0x0e,0x08,0x08,0x0c,0x0c,0x02,0x02,0x02,0x02,0x04,0x04,
    0x04,0x04,0x07,0x07,0x08,0x08,0x0c,0x0c,0x0e,0x0e,0x0c,0x0c,0x0c,0x0c,0x0e,0x0e,
    0x0c,0x0c,0x05,0x05,0x08,0x08,0x02,0x02,0x00,0x00,0x00,0x00,0x00,0x00,0x05,0x05,
    0x02,0x02,0x05,0x05,0x05,0x05,0x0a,0x0a,0x0e,0x0e,0x09,0x09,0x0d,0x0d,0x0e,0x0e,
    0x0a,0x0a,0x18,0x18,0x14,0x14,0x17,0x17,0x1a,0x1a,0x1a,0x1a,0x2b,0x2b,0x23,0x23,
    0x28,0x28,0x25,0x25,0x28,0x28,0x2b,0x2b,0x23,0x23,0x25,0x25,0x23,0x23,0x25,0x25,
    0x23,0x23,0x23,0x23,0x23,0x23,0x25,0x25,0x2c,0x2c,0x1b,0x1b,0x1b,0x1b,0x19,0x19,
    0x10,0x10,0x1b,0x1b,0x05,0x05,0x00,0x00,0x00,0x00,0x00,0x00,0x02,0x02,0x0a,0x0a,
    0x05,0x05,0x0a,0x0a,0x16,0x16,0x15,0x15,0x1c,0x1c,0x15,0x15,0x1a,0x1a,0x19,0x19,
    0x2c,0x2c,0x20,0x20,0x2c,0x2c,0x28,0x28,0x2b,0x2b,0x28,0x28,0x28,0x28,0x28,0x28,
    0x2b,0x2b,0x22,0x22,0x15,0x15,0x19,0x19,0x11,0x11,0x0a,0x0a,0x11,0x11,0x12,0x12,
    0x17,0x17,0x10,0x10,0x09,0x09,0x13,0x13,0x05,0x05,0x08,0x08,0x08,0x08,0x0d,0x0d,
    0x08,0x08,0x02,0x02,0x01,0x01,0x01,0x01,0x01,0x01,0x04,0x04,0x02,0x02,0x01,0x01,
    0x08,0x08,0x0b,0x0b,0x07,0x07,0x04,0x04,0x06,0x06,0x03,0x03,0x03,0x03,0x03,0x03,
    0x01,0x01,0x01,0x01,0x01,0x01,0x01,0x01,0x03,0x03,0x03,0x03,0x03,0x03,0x03,0x03,
    0x03,0x03,0x06,0x06,0x06,0x06,0x0b,0x0b,0x0e,0x0e,0x0e,0x0e,0x0e,0x0e,0x0e,0x0e,
    0x0b,0x0b,0x03,0x03,0x01,0x01,0x01,0x01,0x03,0x03,0x03,0x03,0x0b,0x0b,0x0f,0x0f,
    0x0c,0x0c,0x0c,0x0c,0x1b,0x1b,0x17,0x17,0x0f,0x0f,0x1a,0x1a,0x17,0x17,0x1b,0x1b,
    0x2c,0x2c,0x23,0x23,0x28,0x28,0x1f,0x1f,0x23,0x23,0x25,0x25,0x25,0x25,0x23,0x23,
    0x28,0x28,0x1d,0x1d,0x1f,0x1f,0x23,0x23,0x23,0x23,0x23,0x23,0x23,0x23,0x25,0x25,
    0x27,0x27,0x2f,0x2f,0x1b,0x1b,0x2e,0x2e,0x19,0x19,0x0a,0x0a,0x09,0x09,0x19,0x19,
    0x15,0x15,0x13,0x13,0x19,0x19,0x2d,0x2d,0x1e,0x1e,0x0a,0x0a,0x09,0x09,0x09,0x09,
    0x15,0x15,0x20,0x20,0x10,0x10,0x05,0x05,0x00,0x00,0x00,0x00,0x05,0x05,0x09,0x09,
    0x10,0x10,0x10,0x10,0x0a,0x0a,0x11,0x11,0x1a,0x1a,0x10,0x10,0x13,0x13,0x19,0x19,
    0x13,0x13,0x22,0x22,0x2b,0x2b,0x23,0x23,0x23,0x23,0x22,0x22,0x25,0x25,0x20,0x20,
    0x16,0x16,0x22,0x22,0x23,0x23,0x23,0x23,0x25,0x25,0x2c,0x2c,0x2b,0x2b,0x25,0x25,
    0x1c,0x1c,0x18,0x18,0x10,0x10,0x0d,0x0d,0x13,0x13,0x18,0x18,0x13,0x13,0x1a,0x1a,
    0x2c,0x2c,0x23,0x23,0x28,0x28,0x23,0x23,0x1c,0x1c,0x25,0x25,0x2b,0x2b,0x28,0x28,
    0x25,0x25,0x23,0x23,0x23,0x23,0x23,0x23,0x2a,0x2a,0x2b,0x2b,0x25,0x25,0x28,0x28,
    0x27,0x27,0x25,0x25,0x23,0x23,0x28,0x28,0x23,0x23,0x2b,0x2b,0x2b,0x2b,0x23,0x23,
    0x25,0x25,0x2b,0x2b,0x23,0x23,0x19,0x19,0x22,0x22,0x1b,0x1b,0x12,0x12,0x14,0x14,
    0x23,0x23,0x2f,0x2f,0x1c,0x1c,0x16,0x16,0x20,0x20,0x2e,0x2e,0x1a,0x1a,0x1f,0x1f,
    0x19,0x19,0x0e,0x0e,0x08,0x08,0x04,0x04,0x07,0x07,0x01,0x01,0x04,0x04,0x04,0x04,
    0x0b,0x0b,0x0f,0x0f,0x0b,0x0b,0x08,0x08,0x09,0x09,0x0d,0x0d,0x0a,0x0a,0x0d,0x0d,
    0x05,0x05,0x01,0x01,0x00,0x00,0x00,0x00,0x00,0x00,0x02,0x02,0x05,0x05,0x05,0x05,
    0x05,0x05,0x05,0x05,0x05,0x05,0x05,0x05,0x05,0x05,0x05,0x05,0x0a,0x0a,0x0e,0x0e,
    0x0c,0x0c,0x15,0x15,0x16,0x16,0x17,0x17,0x1c,0x1c,0x2c,0x2c,0x23,0x23,0x22,0x22,
    0x28,0x28,0x25,0x25,0x28,0x28,0x2b,0x2b,0x23,0x23,0x25,0x25,0x23,0x23,0x25,0x25,
    0x23,0x23,0x23,0x23,0x23,0x23,0x25,0x25,0x2c,0x2c,0x1b,0x1b,0x1b,0x1b,0x19,0x19,
    0x10,0x10,0x1b,0x1b,0x05,0x05,0x00,0x00,0x00,0x00,0x00,0x00,0x02,0x02,0x0a,0x0a,
    0x05,0x05,0x0a,0x0a,0x16,0x16,0x15,0x15,0x1c,0x1c,0x15,0x15,0x1a,0x1a,0x19,0x19,
    0x2c,0x2c,0x20,0x20,0x2c,0x2c,0x28,0x28,0x2b,0x2b,0x28,0x28,0x28,0x28,0x28,0x28,
    0x2b,0x2b,0x22,0x22,0x15,0x15,0x19,0x19,0x11,0x11,0x0a,0x0a,0x11,0x11,0x12,0x12,
    0x17,0x17,0x10,0x10,0x09,0x09,0x13,0x13,0x05,0x05,0x08,0x08,0x08,0x08,0x0d,0x0d,
    0x08,0x08,0x02,0x02,0x01,0x01,0x01,0x01,0x01,0x01,0x04,0x04,0x02,0x02,0x01,0x01,
    0x08,0x08,0x0b,0x0b,0x07,0x07,0x04,0x04,0x06,0x06,0x03,0x03,0x03,0x03,0x03,0x03,
    0x01,0x01,0x01,0x01,0x01,0x01,0x01,0x01,0x03,0x03,0x03,0x03,0x03,0x03,0x03,0x03,
    0x03,0x03,0x06,0x06,0x06,0x06,0x0b,0x0b,0x0e,0x0e,0x0e,0x0e,0x0e,0x0e,0x0e,0x0e,
    0x0b,0x0b,0x03,0x03,0x01,0x01,0x01,0x01,0x03,0x03,0x03,0x03,0x0b,0x0b,0x0f,0x0f,
    0x0c,0x0c,0x0c,0x0c,0x1b,0x1b,0x17,0x17,0x0f,0x0f,0x1a,0x1a,0x17,0x17,0x1b,0x1b,
    0x2c,0x2c,0x23,0x23,0x28,0x28,0x1f,0x1f,0x23,0x23,0x25,0x25,0x25,0x25,0x23,0x23,
    0x28,0x28,0x1d,0x1d,0x1f,0x1f,0x23,0x23,0x23,0x23,0x23,0x23,0x23,0x23,0x25,0x25,
    0x27,0x27,0x2f,0x2f,0x1b,0x1b,0x2e,0x2e,0x19,0x19,0x0a,0x0a,0x09,0x09,0x19,0x19,
    0x15,0x15,0x13,0x13,0x19,0x19,0x2d,0x2d,0x1e,0x1e,0x0a,0x0a,0x09,0x09,0x09,0x09,
    0x15,0x15,0x20,0x20,0x10,0x10,0x05,0x05,0x00,0x00,0x00,0x00,0x05,0x05,0x09,0x09,
    0x10,0x10,0x10,0x10,0x0a,0x0a,0x11,0x11,0x1a,0x1a,0x10,0x10,0x13,0x13,0x19,0x19,
    0x13,0x13,0x22,0x22,0x2b,0x2b,0x23,0x23,0x23,0x23,0x22,0x22,0x25,0x25,0x20,0x20,
    0x16,0x16,0x22,0x22,0x23,0x23,0x23,0x23,0x25,0x25,0x2c,0x2c,0x2b,0x2b,0x25,0x25,
    0x1c,0x1c,0x18,0x18,0x10,0x10,0x0d,0x0d,0x13,0x13,0x18,0x18,0x13,0x13,0x1a,0x1a,
    0x2c,0x2c,0x23,0x23,0x28,0x28,0x23,0x23,0x1c,0x1c,0x25,0x25,0x2b,0x2b,0x28,0x28,
    0x25,0x25,0x23,0x23,0x23,0x23,0x23,0x23,0x2a,0x2a,0x2b,0x2b,0x25,0x25,0x28,0x28,
    0x27,0x27,0x25,0x25,0x23,0x23,0x28,0x28,0x23,0x23,0x2b,0x2b,0x2b,0x2b,0x23,0x23,
    0x25,0x25,0x2b,0x2b,0x23,0x23,0x19,0x19,0x22,0x22,0x1b,0x1b,0x12,0x12,0x14,0x14,
    0x23,0x23,0x2f,0x2f,0x1c,0x1c,0x16,0x16,0x20,0x20,0x2e,0x2e,0x1a,0x1a,0x1f,0x1f,
    0x19,0x19,0x0e,0x0e,0x08,0x08,0x04,0x04,0x07,0x07,0x01,0x01,0x04,0x04,0x04,0x04,
    0x0b,0x0b,0x0f,0x0f,0x0b,0x0b,0x08,0x08,0x09,0x09,0x0d,0x0d,0x0a,0x0a,0x0d,0x0d,
    0x05,0x05,0x01,0x01,0x00,0x00,0x00,0x00,0x00,0x00,0x02,0x02,0x05,0x05,0x05,0x05,
    0x05,0x05,0x05,0x05,0x05,0x05,0x05,0x05,0x05,0x05,0x05,0x05,0x0a,0x0a,0x0e,0x0e,
    0x0c,0x0c,0x15,0x15,0x16,0x16,0x17,0x17,0x1c,0x1c,0x2c,0x2c,0x23,0x23,0x22,0x22,
    0x28,0x28,0x23,0x23,0x28,0x28,0x1e,0x1e,0x1a,0x1a,0x21,0x21,0x25,0x25,0x23,0x23,
    0x23,0x23,0x23,0x23,0x23,0x23,0x1f,0x1f,0x1c,0x1c,0x2e,0x2e,0x2e,0x2e,0x27,0x27,
    0x20,0x20,0x2f,0x2f,0x1c,0x1c,0x05,0x05,0x00,0x00,0x00,0x00,0x05,0x05,0x0a,0x0a,
    0x11,0x11,0x10,0x10,0x15,0x15,0x1f,0x1f,0x13,0x13,0x15,0x15,0x13,0x13,0x15,0x15,
    0x1f,0x1f,0x1a,0x1a,0x2c,0x2c,0x25,0x25,0x2b,0x2b,0x28,0x28,0x28,0x28,0x2b,0x2b,
    0x2b,0x2b,0x22,0x22,0x1f,0x1f,0x1a,0x1a,0x09,0x09,0x0d,0x0d,0x10,0x10,0x09,0x09,
    0x0d,0x0d,0x0d,0x0d,0x18,0x18,0x17,0x17,0x0d,0x0d,0x17,0x17,0x0f,0x0f,0x08,0x08,
    0x13,0x13,0x05,0x05,0x02,0x02,0x01,0x01,0x01,0x01,0x01,0x01,0x01,0x01,0x02,0x02,
    0x0b,0x0b,0x0c,0x0c,0x04,0x04,0x07,0x07,0x07,0x07,0x04,0x04,0x06,0x06,0x03,0x03,
    0x03,0x03,0x01,0x01,0x01,0x01,0x01,0x01,0x01,0x01,0x01,0x01,0x01,0x01,0x03,0x03,
    0x03,0x03,0x0b,0x0b,0x06,0x06,0x0c,0x0c,0x0f,0x0f,0x0e,0x0e,0x0f,0x0f,0x0b,0x0b,
    0x06,0x06,0x06,0x06,0x01,0x01,0x03,0x03,0x03,0x03,0x03,0x03,0x06,0x06,0x06,0x06,
    0x07,0x07,0x14,0x14,0x14,0x14,0x16,0x16,0x0b,0x0b,0x0f,0x0f,0x17,0x17,0x25,0x25,
    0x2c,0x2c,0x23,0x23,0x1c,0x1c,0x17,0x17,0x1f,0x1f,0x2b,0x2b,0x23,0x23,0x28,0x28,
    0x23,0x23,0x2b,0x2b,0x25,0x25,0x23,0x23,0x23,0x23,0x25,0x25,0x23,0x23,0x23,0x23,
    0x25,0x25,0x20,0x20,0x20,0x20,0x13,0x13,0x20,0x20,0x15,0x15,0x09,0x09,0x15,0x15,
    0x1e,0x1e,0x11,0x11,0x23,0x23,0x12,0x12,0x13,0x13,0x1b,0x1b,0x11,0x11,0x15,0x15,
    0x15,0x15,0x2e,0x2e,0x1a,0x1a,0x0a,0x0a,0x05,0x05,0x02,0x02,0x00,0x00,0x09,0x09,
    0x09,0x09,0x05,0x05,0x0a,0x0a,0x11,0x11,0x12,0x12,0x15,0x15,0x09,0x09,0x13,0x13,
    0x1c,0x1c,0x20,0x20,0x2b,0x2b,0x25,0x25,0x22,0x22,0x2e,0x2e,0x1c,0x1c,0x1a,0x1a,
    0x1a,0x1a,0x1a,0x1a,0x20,0x20,0x20,0x20,0x25,0x25,0x1e,0x1e,0x18,0x18,0x1a,0x1a,
    0x20,0x20,0x18,0x18,0x10,0x10,0x0d,0x0d,0x10,0x10,0x12,0x12,0x17,0x17,0x20,0x20,
    0x2c,0x2c,0x25,0x25,0x23,0x23,0x23,0x23,0x25,0x25,0x23,0x23,0x28,0x28,0x2a,0x2a,
    0x2b,0x2b,0x25,0x25,0x23,0x23,0x2c,0x2c,0x25,0x25,0x2b,0x2b,0x2b,0x2b,0x28,0x28,
    0x23,0x23,0x25,0x25,0x23,0x23,0x23,0x23,0x28,0x28,0x23,0x23,0x23,0x23,0x28,0x28,
    0x23,0x23,0x23,0x23,0x23,0x23,0x2f,0x2f,0x20,0x20,0x18,0x18,0x12,0x12,0x14,0x14,
    0x20,0x20,0x2b,0x2b,0x2e,0x2e,0x2c,0x2c,0x23,0x23,0x2c,0x2c,0x17,0x17,0x18,0x18,
    0x20,0x20,0x12,0x12,0x08,0x08,0x05,0x05,0x02,0x02,0x02,0x02,0x07,0x07,0x0b,0x0b,
    0x0f,0x0f,0x0e,0x0e,0x0f,0x0f,0x07,0x07,0x0b,0x0b,0x0e,0x0e,0x0a,0x0a,0x09,0x09,
    0x05,0x05,0x01,0x01,0x00,0x00,0x00,0x00,0x05,0x05,0x0a,0x0a,0x09,0x09,0x09,0x09,
    0x09,0x09,0x05,0x05,0x05,0x05,0x02,0x02,0x05,0x05,0x08,0x08,0x0a,0x0a,0x0f,0x0f,
    0x16,0x16,0x16,0x16,0x1f,0x1f,0x20,0x20,0x2e,0x2e,0x1d,0x1d,0x1d,0x1d,0x23,0x23,
    0x28,0x28,0x23,0x23,0x28,0x28,0x1e,0x1e,0x1a,0x1a,0x21,0x21,0x25,0x25,0x23,0x23,
    0x23,0x23,0x23,0x23,0x23,0x23,0x1f,0x1f,0x1c,0x1c,0x2e,0x2e,0x2e,0x2e,0x27,0x27,
    0x20,0x20,0x2f,0x2f,0x1c,0x1c,0x05,0x05,0x00,0x00,0x00,0x00,0x05,0x05,0x0a,0x0a,
    0x11,0x11,0x10,0x10,0x15,0x15,0x1f,0x1f,0x13,0x13,0x15,0x15,0x13,0x13,0x15,0x15,
    0x1f,0x1f,0x1a,0x1a,0x2c,0x2c,0x25,0x25,0x2b,0x2b,0x28,0x28,0x28,0x28,0x2b,0x2b,
    0x2b,0x2b,0x22,0x22,0x1f,0x1f,0x1a,0x1a,0x09,0x09,0x0d,0x0d,0x10,0x10,0x09,0x09,
    0x0d,0x0d,0x0d,0x0d,0x18,0x18,0x17,0x17,0x0d,0x0d,0x17,0x17,0x0f,0x0f,0x08,0x08,
    0x13,0x13,0x05,0x05,0x02,0x02,0x01,0x01,0x01,0x01,0x01,0x01,0x01,0x01,0x02,0x02,
    0x0b,0x0b,0x0c,0x0c,0x04,0x04,0x07,0x07,0x07,0x07,0x04,0x04,0x06,0x06,0x03,0x03,
    0x03,0x03,0x01,0x01,0x01,0x01,0x01,0x01,0x01,0x01,0x01,0x01,0x01,0x01,0x03,0x03,
    0x03,0x03,0x0b,0x0b,0x06,0x06,0x0c,0x0c,0x0f,0x0f,0x0e,0x0e,0x0f,0x0f,0x0b,0x0b,
    0x06,0x06,0x06,0x06,0x01,0x01,0x03,0x03,0x03,0x03,0x03,0x03,0x06,0x06,0x06,0x06,
    0x07,0x07,0x14,0x14,0x14,0x14,0x16,0x16,0x0b,0x0b,0x0f,0x0f,0x17,0x17,0x25,0x25,
    0x2c,0x2c,0x23,0x23,0x1c,0x1c,0x17,0x17,0x1f,0x1f,0x2b,0x2b,0x23,0x23,0x28,0x28,
    0x23,0x23,0x2b,0x2b,0x25,0x25,0x23,0x23,0x23,0x23,0x25,0x25,0x23,0x23,0x23,0x23,
    0x25,0x25,0x20,0x20,0x20,0x20,0x13,0x13,0x20,0x20,0x15,0x15,0x09,0x09,0x15,0x15,
    0x1e,0x1e,0x11,0x11,0x23,0x23,0x12,0x12,0x13,0x13,0x1b,0x1b,0x11,0x11,0x15,0x15,
    0x15,0x15,0x2e,0x2e,0x1a,0x1a,0x0a,0x0a,0x05,0x05,0x02,0x02,0x00,0x00,0x09,0x09,
    0x09,0x09,0x05,0x05,0x0a,0x0a,0x11,0x11,0x12,0x12,0x15,0x15,0x09,0x09,0x13,0x13,
    0x1c,0x1c,0x20,0x20,0x2b,0x2b,0x25,0x25,0x22,0x22,0x2e,0x2e,0x1c,0x1c,0x1a,0x1a,
    0x1a,0x1a,0x1a,0x1a,0x20,0x20,0x20,0x20,0x25,0x25,0x1e,0x1e,0x18,0x18,0x1a,0x1a,
    0x20,0x20,0x18,0x18,0x10,0x10,0x0d,0x0d,0x10,0x10,0x12,0x12,0x17,0x17,0x20,0x20,
    0x2c,0x2c,0x25,0x25,0x23,0x23,0x23,0x23,0x25,0x25,0x23,0x23,0x28,0x28,0x2a,0x2a,
    0x2b,0x2b,0x25,0x25,0x23,0x23,0x2c,0x2c,0x25,0x25,0x2b,0x2b,0x2b,0x2b,0x28,0x28,
    0x23,0x23,0x25,0x25,0x23,0x23,0x23,0x23,0x28,0x28,0x23,0x23,0x23,0x23,0x28,0x28,
    0x23,0x23,0x23,0x23,0x23,0x23,0x2f,0x2f,0x20,0x20,0x18,0x18,0x12,0x12,0x14,0x14,
    0x20,0x20,0x2b,0x2b,0x2e,0x2e,0x2c,0x2c,0x23,0x23,0x2c,0x2c,0x17,0x17,0x18,0x18,
    0x20,0x20,0x12,0x12,0x08,0x08,0x05,0x05,0x02,0x02,0x02,0x02,0x07,0x07,0x0b,0x0b,
    0x0f,0x0f,0x0e,0x0e,0x0f,0x0f,0x07,0x07,0x0b,0x0b,0x0e,0x0e,0x0a,0x0a,0x09,0x09,
    0x05,0x05,0x01,0x01,0x00,0x00,0x00,0x00,0x05,0x05,0x0a,0x0a,0x09,0x09,0x09,0x09,
    0x09,0x09,0x05,0x05,0x05,0x05,0x02,0x02,0x05,0x05,0x08,0x08,0x0a,0x0a,0x0f,0x0f,
    0x16,0x16,0x16,0x16,0x1f,0x1f,0x20,0x20,0x2e,0x2e,0x1d,0x1d,0x1d,0x1d,0x23,0x23,
    0x2c,0x2c,0x2b,0x2b,0x25,0x25,0x1b,0x1b,0x16,0x16,0x18,0x18,0x1c,0x1c,0x25,0x25,
    0x1f,0x1f,0x25,0x25,0x23,0x23,0x18,0x18,0x19,0x19,0x25,0x25,0x23,0x23,0x2f,0x2f,
    0x1c,0x1c,0x13,0x13,0x11,0x11,0x00,0x00,0x00,0x00,0x00,0x00,0x02,0x02,0x09,0x09,
    0x10,0x10,0x10,0x10,0x13,0x13,0x13,0x13,0x09,0x09,0x0a,0x0a,0x13,0x13,0x19,0x19,
    0x1d,0x1d,0x2f,0x2f,0x23,0x23,0x28,0x28,0x28,0x28,0x25,0x25,0x25,0x25,0x23,0x23,
    0x2b,0x2b,0x2b,0x2b,0x20,0x20,0x1e,0x1e,0x13,0x13,0x18,0x18,0x15,0x15,0x0d,0x0d,
    0x11,0x11,0x18,0x18,0x25,0x25,0x16,0x16,0x23,0x23,0x16,0x16,0x0d,0x0d,0x08,0x08,
    0x0d,0x0d,0x11,0x11,0x04,0x04,0x04,0x04,0x02,0x02,0x01,0x01,0x04,0x04,0x0a,0x0a,
    0x0b,0x0b,0x0e,0x0e,0x0d,0x0d,0x0f,0x0f,0x07,0x07,0x06,0x06,0x04,0x04,0x03,0x03,
    0x03,0x03,0x03,0x03,0x03,0x03,0x01,0x01,0x01,0x01,0x01,0x01,0x01,0x01,0x03,0x03,
    0x06,0x06,0x0c,0x0c,0x0b,0x0b,0x0e,0x0e,0x0e,0x0e,0x0e,0x0e,0x0c,0x0c,0x06,0x06,
    0x03,0x03,0x0b,0x0b,0x0b,0x0b,0x0f,0x0f,0x06,0x06,0x06,0x06,0x03,0x03,0x06,0x06,
    0x0e,0x0e,0x0e,0x0e,0x0c,0x0c,0x12,0x12,0x0c,0x0c,0x0f,0x0f,0x1a,0x1a,0x1a,0x1a,
    0x1b,0x1b,0x2d,0x2d,0x14,0x14,0x16,0x16,0x23,0x23,0x28,0x28,0x25,0x25,0x23,0x23,
    0x28,0x28,0x23,0x23,0x23,0x23,0x23,0x23,0x21,0x21,0x1a,0x1a,0x20,0x20,0x22,0x22,
    0x2b,0x2b,0x1c,0x1c,0x13,0x13,0x0d,0x0d,0x1c,0x1c,0x2f,0x2f,0x16,0x16,0x1a,0x1a,
    0x20,0x20,0x25,0x25,0x23,0x23,0x13,0x13,0x15,0x15,0x20,0x20,0x19,0x19,0x1a,0x1a,
    0x25,0x25,0x19,0x19,0x1b,0x1b,0x11,0x11,0x09,0x09,0x00,0x00,0x00,0x00,0x00,0x00,
    0x00,0x00,0x05,0x05,0x09,0x09,0x10,0x10,0x10,0x10,0x0d,0x0d,0x09,0x09,0x09,0x09,
    0x15,0x15,0x2f,0x2f,0x23,0x23,0x23,0x23,0x2e,0x2e,0x1b,0x1b,0x19,0x19,0x11,0x11,
    0x11,0x11,0x1c,0x1c,0x1c,0x1c,0x1b,0x1b,0x2c,0x2c,0x17,0x17,0x16,0x16,0x15,0x15,
    0x16,0x16,0x11,0x11,0x12,0x12,0x10,0x10,0x0e,0x0e,0x15,0x15,0x12,0x12,0x1c,0x1c,
    0x18,0x18,0x1e,0x1e,0x2c,0x2c,0x23,0x23,0x23,0x23,0x23,0x23,0x23,0x23,0x25,0x25,
    0x28,0x28,0x2b,0x2b,0x2c,0x2c,0x18,0x18,0x1f,0x1f,0x23,0x23,0x2b,0x2b,0x2c,0x2c,
    0x2b,0x2b,0x28,0x28,0x28,0x28,0x23,0x23,0x23,0x23,0x27,0x27,0x27,0x27,0x2b,0x2b,
    0x27,0x27,0x23,0x23,0x23,0x23,0x22,0x22,0x2c,0x2c,0x1c,0x1c,0x1e,0x1e,0x1d,0x1d,
    0x1c,0x1c,0x2c,0x2c,0x28,0x28,0x2b,0x2b,0x2b,0x2b,0x25,0x25,0x2e,0x2e,0x11,0x11,
    0x14,0x14,0x0e,0x0e,0x0e,0x0e,0x05,0x05,0x04,0x04,0x07,0x07,0x0b,0x0b,0x07,0x07,
    0x08,0x08,0x0e,0x0e,0x0e,0x0e,0x0e,0x0e,0x0c,0x0c,0x0f,0x0f,0x14,0x14,0x0d,0x0d,
    0x10,0x10,0x08,0x08,0x05,0x05,0x00,0x00,0x02,0x02,0x05,0x05,0x09,0x09,0x10,0x10,
    0x0a,0x0a,0x0a,0x0a,0x04,0x04,0x02,0x02,0x08,0x08,0x0c,0x0c,0x14,0x14,0x17,0x17,
    0x17,0x17,0x2f,0x2f,0x2c,0x2c,0x2f,0x2f,0x1c,0x1c,0x15,0x15,0x1c,0x1c,0x20,0x20,
    0x2c,0x2c,0x2b,0x2b,0x25,0x25,0x1b,0x1b,0x16,0x16,0x18,0x18,0x1c,0x1c,0x25,0x25,
    0x1f,0x1f,0x25,0x25,0x23,0x23,0x18,0x18,0x19,0x19,0x25,0x25,0x23,0x23,0x2f,0x2f,
    0x1c,0x1c,0x13,0x13,0x11,0x11,0x00,0x00,0x00,0x00,0x00,0x00,0x02,0x02,0x09,0x09,
    0x10,0x10,0x10,0x10,0x13,0x13,0x13,0x13,0x09,0x09,0x0a,0x0a,0x13,0x13,0x19,0x19,
    0x1d,0x1d,0x2f,0x2f,0x23,0x23,0x28,0x28,0x28,0x28,0x25,0x25,0x25,0x25,0x23,0x23,
    0x2b,0x2b,0x2b,0x2b,0x20,0x20,0x1e,0x1e,0x13,0x13,0x18,0x18,0x15,0x15,0x0d,0x0d,
    0x11,0x11,0x18,0x18,0x25,0x25,0x16,0x16,0x23,0x23,0x16,0x16,0x0d,0x0d,0x08,0x08,
    0x0d,0x0d,0x11,0x11,0x04,0x04,0x04,0x04,0x02,0x02,0x01,0x01,0x04,0x04,0x0a,0x0a,
    0x0b,0x0b,0x0e,0x0e,0x0d,0x0d,0x0f,0x0f,0x07,0x07,0x06,0x06,0x04,0x04,0x03,0x03,
    0x03,0x03,0x03,0x03,0x03,0x03,0x01,0x01,0x01,0x01,0x01,0x01,0x01,0x01,0x03,0x03,
    0x06,0x06,0x0c,0x0c,0x0b,0x0b,0x0e,0x0e,0x0e,0x0e,0x0e,0x0e,0x0c,0x0c,0x06,0x06,
    0x03,0x03,0x0b,0x0b,0x0b,0x0b,0x0f,0x0f,0x06,0x06,0x06,0x06,0x03,0x03,0x06,0x06,
    0x0e,0x0e,0x0e,0x0e,0x0c,0x0c,0x12,0x12,0x0c,0x0c,0x0f,0x0f,0x1a,0x1a,0x1a,0x1a,
    0x1b,0x1b,0x2d,0x2d,0x14,0x14,0x16,0x16,0x23,0x23,0x28,0x28,0x25,0x25,0x23,0x23,
    0x28,0x28,0x23,0x23,0x23,0x23,0x23,0x23,0x21,0x21,0x1a,0x1a,0x20,0x20,0x22,0x22,
    0x2b,0x2b,0x1c,0x1c,0x13,0x13,0x0d,0x0d,0x1c,0x1c,0x2f,0x2f,0x16,0x16,0x1a,0x1a,
    0x20,0x20,0x25,0x25,0x23,0x23,0x13,0x13,0x15,0x15,0x20,0x20,0x19,0x19,0x1a,0x1a,
    0x25,0x25,0x19,0x19,0x1b,0x1b,0x11,0x11,0x09,0x09,0x00,0x00,0x00,0x00,0x00,0x00,
    0x00,0x00,0x05,0x05,0x09,0x09,0x10,0x10,0x10,0x10,0x0d,0x0d,0x09,0x09,0x09,0x09,
    0x15,0x15,0x2f,0x2f,0x23,0x23,0x23,0x23,0x2e,0x2e,0x1b,0x1b,0x19,0x19,0x11,0x11,
    0x11,0x11,0x1c,0x1c,0x1c,0x1c,0x1b,0x1b,0x2c,0x2c,0x17,0x17,0x16,0x16,0x15,0x15,
    0x16,0x16,0x11,0x11,0x12,0x12,0x10,0x10,0x0e,0x0e,0x15,0x15,0x12,0x12,0x1c,0x1c,
    0x18,0x18,0x1e,0x1e,0x2c,0x2c,0x23,0x23,0x23,0x23,0x23,0x23,0x23,0x23,0x25,0x25,
    0x28,0x28,0x2b,0x2b,0x2c,0x2c,0x18,0x18,0x1f,0x1f,0x23,0x23,0x2b,0x2b,0x2c,0x2c,
    0x2b,0x2b,0x28,0x28,0x28,0x28,0x23,0x23,0x23,0x23,0x27,0x27,0x27,0x27,0x2b,0x2b,
    0x27,0x27,0x23,0x23,0x23,0x23,0x22,0x22,0x2c,0x2c,0x1c,0x1c,0x1e,0x1e,0x1d,0x1d,
    0x1c,0x1c,0x2c,0x2c,0x28,0x28,0x2b,0x2b,0x2b,0x2b,0x25,0x25,0x2e,0x2e,0x11,0x11,
    0x14,0x14,0x0e,0x0e,0x0e,0x0e,0x05,0x05,0x04,0x04,0x07,0x07,0x0b,0x0b,0x07,0x07,
    0x08,0x08,0x0e,0x0e,0x0e,0x0e,0x0e,0x0e,0x0c,0x0c,0x0f,0x0f,0x14,0x14,0x0d,0x0d,
    0x10,0x10,0x08,0x08,0x05,0x05,0x00,0x00,0x02,0x02,0x05,0x05,0x09,0x09,0x10,0x10,
    0x0a,0x0a,0x0a,0x0a,0x04,0x04,0x02,0x02,0x08,0x08,0x0c,0x0c,0x14,0x14,0x17,0x17,
    0x17,0x17,0x2f,0x2f,0x2c,0x2c,0x2f,0x2f,0x1c,0x1c,0x15,0x15,0x1c,0x1c,0x20,0x20,
    0x14,0x14,0x17,0x17,0x2e,0x2e,0x23,0x23,0x18,0x18,0x16,0x16,0x1f,0x1f,0x2c,0x2c,
    0x2c,0x2c,0x17,0x17,0x1a,0x1a,0x1d,0x1d,0x25,0x25,0x23,0x23,0x23,0x23,0x20,0x20,
    0x10,0x10,0x15,0x15,0x11,0x11,0x00,0x00,0x00,0x00,0x10,0x10,0x05,0x05,0x00,0x00,
    0x09,0x09,0x11,0x11,0x10,0x10,0x09,0x09,0x09,0x09,0x0d,0x0d,0x1e,0x1e,0x19,0x19,
    0x10,0x10,0x1e,0x1e,0x2e,0x2e,0x29,0x29,0x2c,0x2c,0x23,0x23,0x2b,0x2b,0x2e,0x2e,
    0x1d,0x1d,0x2b,0x2b,0x2b,0x2b,0x18,0x18,0x1a,0x1a,0x2c,0x2c,0x15,0x15,0x0a,0x0a,
    0x08,0x08,0x18,0x18,0x15,0x15,0x1c,0x1c,0x2f,0x2f,0x23,0x23,0x0e,0x0e,0x08,0x08,
    0x0d,0x0d,0x1c,0x1c,0x0d,0x0d,0x10,0x10,0x05,0x05,0x0d,0x0d,0x07,0x07,0x07,0x07,
    0x0c,0x0c,0x0c,0x0c,0x0e,0x0e,0x07,0x07,0x04,0x04,0x03,0x03,0x07,0x07,0x06,0x06,
    0x03,0x03,0x03,0x03,0x03,0x03,0x01,0x01,0x03,0x03,0x01,0x01,0x01,0x01,0x03,0x03,
    0x03,0x03,0x06,0x06,0x0e,0x0e,0x0e,0x0e,0x07,0x07,0x0b,0x0b,0x0b,0x0b,0x0b,0x0b,
    0x0b,0x0b,0x0e,0x0e,0x0e,0x0e,0x0e,0x0e,0x0f,0x0f,0x0b,0x0b,0x06,0x06,0x0b,0x0b,
    0x07,0x07,0x0b,0x0b,0x0c,0x0c,0x0b,0x0b,0x13,0x13,0x0f,0x0f,0x0c,0x0c,0x0e,0x0e,
    0x1c,0x1c,0x2c,0x2c,0x1c,0x1c,0x17,0x17,0x23,0x23,0x23,0x23,0x25,0x25,0x25,0x25,
    0x27,0x27,0x23,0x23,0x23,0x23,0x23,0x23,0x23,0x23,0x1e,0x1e,0x23,0x23,0x23,0x23,
    0x22,0x22,0x2b,0x2b,0x1b,0x1b,0x18,0x18,0x1b,0x1b,0x12,0x12,0x1b,0x1b,0x2e,0x2e,
    0x15,0x15,0x1e,0x1e,0x2b,0x2b,0x27,0x27,0x1c,0x1c,0x2e,0x2e,0x2f,0x2f,0x20,0x20,
    0x18,0x18,0x1a,0x1a,0x15,0x15,0x05,0x05,0x00,0x00,0x00,0x00,0x02,0x02,0x00,0x00,
    0x00,0x00,0x05,0x05,0x09,0x09,0x05,0x05,0x08,0x08,0x09,0x09,0x05,0x05,0x09,0x09,
    0x10,0x10,0x13,0x13,0x2f,0x2f,0x1a,0x1a,0x13,0x13,0x19,0x19,0x15,0x15,0x16,0x16,
    0x0a,0x0a,0x11,0x11,0x13,0x13,0x15,0x15,0x1a,0x1a,0x15,0x15,0x1e,0x1e,0x1b,0x1b,
    0x12,0x12,0x0d,0x0d,0x0d,0x0d,0x15,0x15,0x1c,0x1c,0x10,0x10,0x12,0x12,0x20,0x20,
    0x1e,0x1e,0x23,0x23,0x28,0x28,0x25,0x25,0x23,0x23,0x23,0x23,0x27,0x27,0x23,0x23,
    0x2e,0x2e,0x1a,0x1a,0x18,0x18,0x1a,0x1a,0x1a,0x1a,0x2c,0x2c,0x2c,0x2c,0x1e,0x1e,
    0x20,0x20,0x25,0x25,0x23,0x23,0x28,0x28,0x23,0x23,0x27,0x27,0x28,0x28,0x23,0x23,
    0x23,0x23,0x23,0x23,0x23,0x23,0x23,0x23,0x23,0x23,0x25,0x25,0x25,0x25,0x25,0x25,
    0x2c,0x2c,0x23,0x23,0x2b,0x2b,0x28,0x28,0x25,0x25,0x23,0x23,0x15,0x15,0x0e,0x0e,
    0x0e,0x0e,0x0e,0x0e,0x08,0x08,0x08,0x08,0x0b,0x0b,0x05,0x05,0x05,0x05,0x08,0x08,
    0x0b,0x0b,0x08,0x08,0x0c,0x0c,0x0e,0x0e,0x0e,0x0e,0x15,0x15,0x2e,0x2e,0x0e,0x0e,
    0x0a,0x0a,0x09,0x09,0x0a,0x0a,0x05,0x05,0x02,0x02,0x05,0x05,0x10,0x10,0x1a,0x1a,
    0x18,0x18,0x10,0x10,0x04,0x04,0x08,0x08,0x0b,0x0b,0x08,0x08,0x0e,0x0e,0x0f,0x0f,
    0x14,0x14,0x16,0x16,0x1b,0x1b,0x16,0x16,0x1b,0x1b,0x0f,0x0f,0x17,0x17,0x17,0x17,
    0x14,0x14,0x17,0x17,0x2e,0x2e,0x23,0x23,0x18,0x18,0x16,0x16,0x1f,0x1f,0x2c,0x2c,
    0x2c,0x2c,0x17,0x17,0x1a,0x1a,0x1d,0x1d,0x25,0x25,0x23,0x23,0x23,0x23,0x20,0x20,
    0x10,0x10,0x15,0x15,0x11,0x11,0x00,0x00,0x00,0x00,0x10,0x10,0x05,0x05,0x00,0x00,
    0x09,0x09,0x11,0x11,0x10,0x10,0x09,0x09,0x09,0x09,0x0d,0x0d,0x1e,0x1e,0x19,0x19,
    0x10,0x10,0x1e,0x1e,0x2e,0x2e,0x29,0x29,0x2c,0x2c,0x23,0x23,0x2b,0x2b,0x2e,0x2e,
    0x1d,0x1d,0x2b,0x2b,0x2b,0x2b,0x18,0x18,0x1a,0x1a,0x2c,0x2c,0x15,0x15,0x0a,0x0a,
    0x08,0x08,0x18,0x18,0x15,0x15,0x1c,0x1c,0x2f,0x2f,0x23,0x23,0x0e,0x0e,0x08,0x08,
    0x0d,0x0d,0x1c,0x1c,0x0d,0x0d,0x10,0x10,0x05,0x05,0x0d,0x0d,0x07,0x07,0x07,0x07,
    0x0c,0x0c,0x0c,0x0c,0x0e,0x0e,0x07,0x07,0x04,0x04,0x03,0x03,0x07,0x07,0x06,0x06,
    0x03,0x03,0x03,0x03,0x03,0x03,0x01,0x01,0x03,0x03,0x01,0x01,0x01,0x01,0x03,0x03,
    0x03,0x03,0x06,0x06,0x0e,0x0e,0x0e,0x0e,0x07,0x07,0x0b,0x0b,0x0b,0x0b,0x0b,0x0b,
    0x0b,0x0b,0x0e,0x0e,0x0e,0x0e,0x0e,0x0e,0x0f,0x0f,0x0b,0x0b,0x06,0x06,0x0b,0x0b,
    0x07,0x07,0x0b,0x0b,0x0c,0x0c,0x0b,0x0b,0x13,0x13,0x0f,0x0f,0x0c,0x0c,0x0e,0x0e,
    0x1c,0x1c,0x2c,0x2c,0x1c,0x1c,0x17,0x17,0x23,0x23,0x23,0x23,0x25,0x25,0x25,0x25,
    0x27,0x27,0x23,0x23,0x23,0x23,0x23,0x23,0x23,0x23,0x1e,0x1e,0x23,0x23,0x23,0x23,
    0x22,0x22,0x2b,0x2b,0x1b,0x1b,0x18,0x18,0x1b,0x1b,0x12,0x12,0x1b,0x1b,0x2e,0x2e,
    0x15,0x15,0x1e,0x1e,0x2b,0x2b,0x27,0x27,0x1c,0x1c,0x2e,0x2e,0x2f,0x2f,0x20,0x20,
    0x18,0x18,0x1a,0x1a,0x15,0x15,0x05,0x05,0x00,0x00,0x00,0x00,0x02,0x02,0x00,0x00,
    0x00,0x00,0x05,0x05,0x09,0x09,0x05,0x05,0x08,0x08,0x09,0x09,0x05,0x05,0x09,0x09,
    0x10,0x10,0x13,0x13,0x2f,0x2f,0x1a,0x1a,0x13,0x13,0x19,0x19,0x15,0x15,0x16,0x16,
    0x0a,0x0a,0x11,0x11,0x13,0x13,0x15,0x15,0x1a,0x1a,0x15,0x15,0x1e,0x1e,0x1b,0x1b,
    0x12,0x12,0x0d,0x0d,0x0d,0x0d,0x15,0x15,0x1c,0x1c,0x10,0x10,0x12,0x12,0x20,0x20,
    0x1e,0x1e,0x23,0x23,0x28,0x28,0x25,0x25,0x23,0x23,0x23,0x23,0x27,0x27,0x23,0x23,
    0x2e,0x2e,0x1a,0x1a,0x18,0x18,0x1a,0x1a,0x1a,0x1a,0x2c,0x2c,0x2c,0x2c,0x1e,0x1e,
    0x20,0x20,0x25,0x25,0x23,0x23,0x28,0x28,0x23,0x23,0x27,0x27,0x28,0x28,0x23,0x23,
    0x23,0x23,0x23,0x23,0x23,0x23,0x23,0x23,0x23,0x23,0x25,0x25,0x25,0x25,0x25,0x25,
    0x2c,0x2c,0x23,0x23,0x2b,0x2b,0x28,0x28,0x25,0x25,0x23,0x23,0x15,0x15,0x0e,0x0e,
    0x0e,0x0e,0x0e,0x0e,0x08,0x08,0x08,0x08,0x0b,0x0b,0x05,0x05,0x05,0x05,0x08,0x08,
    0x0b,0x0b,0x08,0x08,0x0c,0x0c,0x0e,0x0e,0x0e,0x0e,0x15,0x15,0x2e,0x2e,0x0e,0x0e,
    0x0a,0x0a,0x09,0x09,0x0a,0x0a,0x05,0x05,0x02,0x02,0x05,0x05,0x10,0x10,0x1a,0x1a,
    0x18,0x18,0x10,0x10,0x04,0x04,0x08,0x08,0x0b,0x0b,0x08,0x08,0x0e,0x0e,0x0f,0x0f,
    0x14,0x14,0x16,0x16,0x1b,0x1b,0x16,0x16,0x1b,0x1b,0x0f,0x0f,0x17,0x17,0x17,0x17,
    0x14,0x14,0x17,0x17,0x1d,0x1d,0x2e,0x2e,0x18,0x18,0x1b,0x1b,0x1b,0x1b,0x1b,0x1b,
    0x1b,0x1b,0x16,0x16,0x0f,0x0f,0x1a,0x1a,0x16,0x16,0x1f,0x1f,0x25,0x25,0x1e,0x1e,
    0x13,0x13,0x15,0x15,0x2f,0x2f,0x05,0x05,0x05,0x05,0x22,0x22,0x05,0x05,0x00,0x00,
    0x00,0x00,0x0a,0x0a,0x11,0x11,0x10,0x10,0x09,0x09,0x1a,0x1a,0x18,0x18,0x0a,0x0a,
    0x0a,0x0a,0x16,0x16,0x1c,0x1c,0x20,0x20,0x1e,0x1e,0x2f,0x2f,0x1f,0x1f,0x1c,0x1c,
    0x19,0x19,0x15,0x15,0x1c,0x1c,0x1f,0x1f,0x1c,0x1c,0x1a,0x1a,0x12,0x12,0x0d,0x0d,
    0x0a,0x0a,0x0d,0x0d,0x11,0x11,0x14,0x14,0x1f,0x1f,0x1e,0x1e,0x16,0x16,0x0a,0x0a,
    0x0d,0x0d,0x16,0x16,0x1a,0x1a,0x0d,0x0d,0x0a,0x0a,0x09,0x09,0x04,0x04,0x05,0x05,
    0x0e,0x0e,0x0f,0x0f,0x0c,0x0c,0x0b,0x0b,0x0b,0x0b,0x06,0x06,0x06,0x06,0x06,0x06,
    0x03,0x03,0x03,0x03,0x03,0x03,0x03,0x03,0x03,0x03,0x03,0x03,0x03,0x03,0x01,0x01,
    0x03,0x03,0x03,0x03,0x07,0x07,0x0c,0x0c,0x0b,0x0b,0x06,0x06,0x06,0x06,0x0c,0x0c,
    0x0e,0x0e,0x0e,0x0e,0x0e,0x0e,0x0e,0x0e,0x0e,0x0e,0x0e,0x0e,0x0e,0x0e,0x0f,0x0f,
    0x06,0x06,0x0b,0x0b,0x07,0x07,0x0c,0x0c,0x0f,0x0f,0x0e,0x0e,0x0f,0x0f,0x0f,0x0f,
    0x14,0x14,0x2f,0x2f,0x25,0x25,0x2c,0x2c,0x28,0x28,0x25,0x25,0x25,0x25,0x23,0x23,
    0x23,0x23,0x23,0x23,0x23,0x23,0x28,0x28,0x25,0x25,0x25,0x25,0x23,0x23,0x23,0x23,
    0x23,0x23,0x22,0x22,0x25,0x25,0x2c,0x2c,0x16,0x16,0x11,0x11,0x19,0x19,0x22,0x22,
    0x1e,0x1e,0x1e,0x1e,0x25,0x25,0x23,0x23,0x2e,0x2e,0x20,0x20,0x1a,0x1a,0x1e,0x1e,
    0x0a,0x0a,0x1c,0x1c,0x16,0x16,0x09,0x09,0x02,0x02,0x00,0x00,0x05,0x05,0x05,0x05,
    0x05,0x05,0x05,0x05,0x02,0x02,0x05,0x05,0x09,0x09,0x05,0x05,0x02,0x02,0x09,0x09,
    0x10,0x10,0x09,0x09,0x19,0x19,0x1c,0x1c,0x10,0x10,0x09,0x09,0x11,0x11,0x10,0x10,
    0x0a,0x0a,0x10,0x10,0x11,0x11,0x19,0x19,0x19,0x19,0x10,0x10,0x10,0x10,0x18,0x18,
    0x10,0x10,0x11,0x11,0x12,0x12,0x12,0x12,0x1b,0x1b,0x11,0x11,0x16,0x16,0x15,0x15,
    0x1c,0x1c,0x2e,0x2e,0x25,0x25,0x27,0x27,0x25,0x25,0x23,0x23,0x25,0x25,0x22,0x22,
    0x1c,0x1c,0x1d,0x1d,0x15,0x15,0x19,0x19,0x1c,0x1c,0x1b,0x1b,0x1f,0x1f,0x16,0x16,
    0x16,0x16,0x1d,0x1d,0x26,0x26,0x25,0x25,0x2b,0x2b,0x23,0x23,0x23,0x23,0x28,0x28,
    0x23,0x23,0x22,0x22,0x23,0x23,0x23,0x23,0x23,0x23,0x23,0x23,0x23,0x23,0x23,0x23,
    0x23,0x23,0x27,0x27,0x25,0x25,0x23,0x23,0x2c,0x2c,0x18,0x18,0x1a,0x1a,0x14,0x14,
    0x0e,0x0e,0x07,0x07,0x0c,0x0c,0x0d,0x0d,0x0f,0x0f,0x08,0x08,0x08,0x08,0x0e,0x0e,
    0x0f,0x0f,0x0d,0x0d,0x0c,0x0c,0x0e,0x0e,0x14,0x14,0x20,0x20,0x17,0x17,0x12,0x12,
    0x0e,0x0e,0x11,0x11,0x10,0x10,0x09,0x09,0x05,0x05,0x09,0x09,0x15,0x15,0x13,0x13,
    0x17,0x17,0x0a,0x0a,0x09,0x09,0x0f,0x0f,0x0c,0x0c,0x07,0x07,0x07,0x07,0x0e,0x0e,
    0x0f,0x0f,0x0f,0x0f,0x1b,0x1b,0x14,0x14,0x1b,0x1b,0x14,0x14,0x0c,0x0c,0x17,0x17,
    0x14,0x14,0x17,0x17,0x1d,0x1d,0x2e,0x2e,0x18,0x18,0x1b,0x1b,0x1b,0x1b,0x1b,0x1b,
    0x1b,0x1b,0x16,0x16,0x0f,0x0f,0x1a,0x1a,0x16,0x16,0x1f,0x1f,0x25,0x25,0x1e,0x1e,
    0x13,0x13,0x15,0x15,0x2f,0x2f,0x05,0x05,0x05,0x05,0x22,0x22,0x05,0x05,0x00,0x00,
    0x00,0x00,0x0a,0x0a,0x11,0x11,0x10,0x10,0x09,0x09,0x1a,0x1a,0x18,0x18,0x0a,0x0a,
    0x0a,0x0a,0x16,0x16,0x1c,0x1c,0x20,0x20,0x1e,0x1e,0x2f,0x2f,0x1f,0x1f,0x1c,0x1c,
    0x19,0x19,0x15,0x15,0x1c,0x1c,0x1f,0x1f,0x1c,0x1c,0x1a,0x1a,0x12,0x12,0x0d,0x0d,
    0x0a,0x0a,0x0d,0x0d,0x11,0x11,0x14,0x14,0x1f,0x1f,0x1e,0x1e,0x16,0x16,0x0a,0x0a,
    0x0d,0x0d,0x16,0x16,0x1a,0x1a,0x0d,0x0d,0x0a,0x0a,0x09,0x09,0x04,0x04,0x05,0x05,
    0x0e,0x0e,0x0f,0x0f,0x0c,0x0c,0x0b,0x0b,0x0b,0x0b,0x06,0x06,0x06,0x06,0x06,0x06,
    0x03,0x03,0x03,0x03,0x03,0x03,0x03,0x03,0x03,0x03,0x03,0x03,0x03,0x03,0x01,0x01,
    0x03,0x03,0x03,0x03,0x07,0x07,0x0c,0x0c,0x0b,0x0b,0x06,0x06,0x06,0x06,0x0c,0x0c,
    0x0e,0x0e,0x0e,0x0e,0x0e,0x0e,0x0e,0x0e,0x0e,0x0e,0x0e,0x0e,0x0e,0x0e,0x0f,0x0f,
    0x06,0x06,0x0b,0x0b,0x07,0x07,0x0c,0x0c,0x0f,0x0f,0x0e,0x0e,0x0f,0x0f,0x0f,0x0f,
    0x14,0x14,0x2f,0x2f,0x25,0x25,0x2c,0x2c,0x28,0x28,0x25,0x25,0x25,0x25,0x23,0x23,
    0x23,0x23,0x23,0x23,0x23,0x23,0x28,0x28,0x25,0x25,0x25,0x25,0x23,0x23,0x23,0x23,
    0x23,0x23,0x22,0x22,0x25,0x25,0x2c,0x2c,0x16,0x16,0x11,0x11,0x19,0x19,0x22,0x22,
    0x1e,0x1e,0x1e,0x1e,0x25,0x25,0x23,0x23,0x2e,0x2e,0x20,0x20,0x1a,0x1a,0x1e,0x1e,
    0x0a,0x0a,0x1c,0x1c,0x16,0x16,0x09,0x09,0x02,0x02,0x00,0x00,0x05,0x05,0x05,0x05,
    0x05,0x05,0x05,0x05,0x02,0x02,0x05,0x05,0x09,0x09,0x05,0x05,0x02,0x02,0x09,0x09,
    0x10,0x10,0x09,0x09,0x19,0x19,0x1c,0x1c,0x10,0x10,0x09,0x09,0x11,0x11,0x10,0x10,
    0x0a,0x0a,0x10,0x10,0x11,0x11,0x19,0x19,0x19,0x19,0x10,0x10,0x10,0x10,0x18,0x18,
    0x10,0x10,0x11,0x11,0x12,0x12,0x12,0x12,0x1b,0x1b,0x11,0x11,0x16,0x16,0x15,0x15,
    0x1c,0x1c,0x2e,0x2e,0x25,0x25,0x27,0x27,0x25,0x25,0x23,0x23,0x25,0x25,0x22,0x22,
    0x1c,0x1c,0x1d,0x1d,0x15,0x15,0x19,0x19,0x1c,0x1c,0x1b,0x1b,0x1f,0x1f,0x16,0x16,
    0x16,0x16,0x1d,0x1d,0x26,0x26,0x25,0x25,0x2b,0x2b,0x23,0x23,0x23,0x23,0x28,0x28,
    0x23,0x23,0x22,0x22,0x23,0x23,0x23,0x23,0x23,0x23,0x23,0x23,0x23,0x23,0x23,0x23,
    0x23,0x23,0x27,0x27,0x25,0x25,0x23,0x23,0x2c,0x2c,0x18,0x18,0x1a,0x1a,0x14,0x14,
    0x0e,0x0e,0x07,0x07,0x0c,0x0c,0x0d,0x0d,0x0f,0x0f,0x08,0x08,0x08,0x08,0x0e,0x0e,
    0x0f,0x0f,0x0d,0x0d,0x0c,0x0c,0x0e,0x0e,0x14,0x14,0x20,0x20,0x17,0x17,0x12,0x12,
    0x0e,0x0e,0x11,0x11,0x10,0x10,0x09,0x09,0x05,0x05,0x09,0x09,0x15,0x15,0x13,0x13,
    0x17,0x17,0x0a,0x0a,0x09,0x09,0x0f,0x0f,0x0c,0x0c,0x07,0x07,0x07,0x07,0x0e,0x0e,
    0x0f,0x0f,0x0f,0x0f,0x1b,0x1b,0x14,0x14,0x1b,0x1b,0x14,0x14,0x0c,0x0c,0x17,0x17,
    0x0f,0x0f,0x15,0x15,0x1a,0x1a,0x1a,0x1a,0x14,0x14,0x12,0x12,0x17,0x17,0x1b,0x1b,
    0x17,0x17,0x12,0x12,0x14,0x14,0x18,0x18,0x1d,0x1d,0x1f,0x1f,0x25,0x25,0x2b,0x2b,
    0x2f,0x2f,0x20,0x20,0x25,0x25,0x19,0x19,0x19,0x19,0x19,0x19,0x15,0x15,0x02,0x02,
    0x02,0x02,0x0a,0x0a,0x0a,0x0a,0x13,0x13,0x11,0x11,0x10,0x10,0x10,0x10,0x12,0x12,
    0x11,0x11,0x12,0x12,0x10,0x10,0x16,0x16,0x11,0x11,0x1e,0x1e,0x15,0x15,0x15,0x15,
    0x19,0x19,0x13,0x13,0x13,0x13,0x11,0x11,0x15,0x15,0x13,0x13,0x09,0x09,0x14,0x14,
    0x13,0x13,0x0d,0x0d,0x0d,0x0d,0x11,0x11,0x15,0x15,0x19,0x19,0x21,0x21,0x12,0x12,
    0x17,0x17,0x0e,0x0e,0x0e,0x0e,0x08,0x08,0x0e,0x0e,0x0c,0x0c,0x0e,0x0e,0x0e,0x0e,
    0x16,0x16,0x18,0x18,0x0e,0x0e,0x0f,0x0f,0x0b,0x0b,0x07,0x07,0x03,0x03,0x03,0x03,
    0x06,0x06,0x06,0x06,0x06,0x06,0x07,0x07,0x06,0x06,0x0c,0x0c,0x06,0x06,0x03,0x03,
    0x03,0x03,0x03,0x03,0x03,0x03,0x03,0x03,0x06,0x06,0x0e,0x0e,0x06,0x06,0x06,0x06,
    0x0e,0x0e,0x0e,0x0e,0x0e,0x0e,0x0e,0x0e,0x0e,0x0e,0x0e,0x0e,0x0e,0x0e,0x0f,0x0f,
    0x0b,0x0b,0x0e,0x0e,0x0d,0x0d,0x0c,0x0c,0x0c,0x0c,0x0c,0x0c,0x16,0x16,0x18,0x18,
    0x1a,0x1a,0x2c,0x2c,0x2b,0x2b,0x25,0x25,0x2b,0x2b,0x25,0x25,0x23,0x23,0x28,0x28,
    0x23,0x23,0x23,0x23,0x23,0x23,0x23,0x23,0x23,0x23,0x23,0x23,0x23,0x23,0x23,0x23,
    0x23,0x23,0x23,0x23,0x23,0x23,0x23,0x23,0x2f,0x2f,0x19,0x19,0x15,0x15,0x1d,0x1d,
    0x2c,0x2c,0x25,0x25,0x23,0x23,0x22,0x22,0x2a,0x2a,0x19,0x19,0x10,0x10,0x13,0x13,
    0x09,0x09,0x12,0x12,0x10,0x10,0x05,0x05,0x05,0x05,0x05,0x05,0x09,0x09,0x08,0x08,
    0x05,0x05,0x09,0x09,0x05,0x05,0x02,0x02,0x05,0x05,0x00,0x00,0x02,0x02,0x02,0x02,
    0x05,0x05,0x05,0x05,0x10,0x10,0x09,0x09,0x05,0x05,0x09,0x09,0x02,0x02,0x05,0x05,
    0x0a,0x0a,0x12,0x12,0x15,0x15,0x1a,0x1a,0x15,0x15,0x10,0x10,0x0d,0x0d,0x0d,0x0d,
    0x11,0x11,0x14,0x14,0x1c,0x1c,0x11,0x11,0x13,0x13,0x22,0x22,0x23,0x23,0x18,0x18,
    0x20,0x20,0x2c,0x2c,0x23,0x23,0x27,0x27,0x23,0x23,0x23,0x23,0x2c,0x2c,0x1d,0x1d,
    0x17,0x17,0x17,0x17,0x1b,0x1b,0x16,0x16,0x12,0x12,0x18,0x18,0x12,0x12,0x17,0x17,
    0x2a,0x2a,0x1e,0x1e,0x2b,0x2b,0x25,0x25,0x2b,0x2b,0x2a,0x2a,0x23,0x23,0x23,0x23,
    0x25,0x25,0x2b,0x2b,0x20,0x20,0x23,0x23,0x23,0x23,0x23,0x23,0x23,0x23,0x23,0x23,
    0x27,0x27,0x27,0x27,0x23,0x23,0x27,0x27,0x25,0x25,0x2e,0x2e,0x16,0x16,0x13,0x13,
    0x0d,0x0d,0x0c,0x0c,0x12,0x12,0x18,0x18,0x1b,0x1b,0x0e,0x0e,0x0e,0x0e,0x0e,0x0e,
    0x18,0x18,0x0f,0x0f,0x0e,0x0e,0x10,0x10,0x0f,0x0f,0x14,0x14,0x0f,0x0f,0x19,0x19,
    0x1b,0x1b,0x11,0x11,0x12,0x12,0x1b,0x1b,0x0d,0x0d,0x15,0x15,0x28,0x28,0x2a,0x2a,
    0x2c,0x2c,0x22,0x22,0x18,0x18,0x0f,0x0f,0x1b,0x1b,0x0b,0x0b,0x04,0x04,0x04,0x04,
    0x0b,0x0b,0x0e,0x0e,0x0e,0x0e,0x0c,0x0c,0x0f,0x0f,0x16,0x16,0x0f,0x0f,0x0c,0x0c,
    0x0f,0x0f,0x15,0x15,0x1a,0x1a,0x1a,0x1a,0x14,0x14,0x12,0x12,0x17,0x17,0x1b,0x1b,
    0x17,0x17,0x12,0x12,0x14,0x14,0x18,0x18,0x1d,0x1d,0x1f,0x1f,0x25,0x25,0x2b,0x2b,
    0x2f,0x2f,0x20,0x20,0x25,0x25,0x19,0x19,0x19,0x19,0x19,0x19,0x15,0x15,0x02,0x02,
    0x02,0x02,0x0a,0x0a,0x0a,0x0a,0x13,0x13,0x11,0x11,0x10,0x10,0x10,0x10,0x12,0x12,
    0x11,0x11,0x12,0x12,0x10,0x10,0x16,0x16,0x11,0x11,0x1e,0x1e,0x15,0x15,0x15,0x15,
    0x19,0x19,0x13,0x13,0x13,0x13,0x11,0x11,0x15,0x15,0x13,0x13,0x09,0x09,0x14,0x14,
    0x13,0x13,0x0d,0x0d,0x0d,0x0d,0x11,0x11,0x15,0x15,0x19,0x19,0x21,0x21,0x12,0x12,
    0x17,0x17,0x0e,0x0e,0x0e,0x0e,0x08,0x08,0x0e,0x0e,0x0c,0x0c,0x0e,0x0e,0x0e,0x0e,
    0x16,0x16,0x18,0x18,0x0e,0x0e,0x0f,0x0f,0x0b,0x0b,0x07,0x07,0x03,0x03,0x03,0x03,
    0x06,0x06,0x06,0x06,0x06,0x06,0x07,0x07,0x06,0x06,0x0c,0x0c,0x06,0x06,0x03,0x03,
    0x03,0x03,0x03,0x03,0x03,0x03,0x03,0x03,0x06,0x06,0x0e,0x0e,0x06,0x06,0x06,0x06,
    0x0e,0x0e,0x0e,0x0e,0x0e,0x0e,0x0e,0x0e,0x0e,0x0e,0x0e,0x0e,0x0e,0x0e,0x0f,0x0f,
    0x0b,0x0b,0x0e,0x0e,0x0d,0x0d,0x0c,0x0c,0x0c,0x0c,0x0c,0x0c,0x16,0x16,0x18,0x18,
    0x1a,0x1a,0x2c,0x2c,0x2b,0x2b,0x25,0x25,0x2b,0x2b,0x25,0x25,0x23,0x23,0x28,0x28,
    0x23,0x23,0x23,0x23,0x23,0x23,0x23,0x23,0x23,0x23,0x23,0x23,0x23,0x23,0x23,0x23,
    0x23,0x23,0x23,0x23,0x23,0x23,0x23,0x23,0x2f,0x2f,0x19,0x19,0x15,0x15,0x1d,0x1d,
    0x2c,0x2c,0x25,0x25,0x23,0x23,0x22,0x22,0x2a,0x2a,0x19,0x19,0x10,0x10,0x13,0x13,
    0x09,0x09,0x12,0x12,0x10,0x10,0x05,0x05,0x05,0x05,0x05,0x05,0x09,0x09,0x08,0x08,
    0x05,0x05,0x09,0x09,0x05,0x05,0x02,0x02,0x05,0x05,0x00,0x00,0x02,0x02,0x02,0x02,
    0x05,0x05,0x05,0x05,0x10,0x10,0x09,0x09,0x05,0x05,0x09,0x09,0x02,0x02,0x05,0x05,
    0x0a,0x0a,0x12,0x12,0x15,0x15,0x1a,0x1a,0x15,0x15,0x10,0x10,0x0d,0x0d,0x0d,0x0d,
    0x11,0x11,0x14,0x14,0x1c,0x1c,0x11,0x11,0x13,0x13,0x22,0x22,0x23,0x23,0x18,0x18,
    0x20,0x20,0x2c,0x2c,0x23,0x23,0x27,0x27,0x23,0x23,0x23,0x23,0x2c,0x2c,0x1d,0x1d,
    0x17,0x17,0x17,0x17,0x1b,0x1b,0x16,0x16,0x12,0x12,0x18,0x18,0x12,0x12,0x17,0x17,
    0x2a,0x2a,0x1e,0x1e,0x2b,0x2b,0x25,0x25,0x2b,0x2b,0x2a,0x2a,0x23,0x23,0x23,0x23,
    0x25,0x25,0x2b,0x2b,0x20,0x20,0x23,0x23,0x23,0x23,0x23,0x23,0x23,0x23,0x23,0x23,
    0x27,0x27,0x27,0x27,0x23,0x23,0x27,0x27,0x25,0x25,0x2e,0x2e,0x16,0x16,0x13,0x13,
    0x0d,0x0d,0x0c,0x0c,0x12,0x12,0x18,0x18,0x1b,0x1b,0x0e,0x0e,0x0e,0x0e,0x0e,0x0e,
    0x18,0x18,0x0f,0x0f,0x0e,0x0e,0x10,0x10,0x0f,0x0f,0x14,0x14,0x0f,0x0f,0x19,0x19,
    0x1b,0x1b,0x11,0x11,0x12,0x12,0x1b,0x1b,0x0d,0x0d,0x15,0x15,0x28,0x28,0x2a,0x2a,
    0x2c,0x2c,0x22,0x22,0x18,0x18,0x0f,0x0f,0x1b,0x1b,0x0b,0x0b,0x04,0x04,0x04,0x04,
    0x0b,0x0b,0x0e,0x0e,0x0e,0x0e,0x0c,0x0c,0x0f,0x0f,0x16,0x16,0x0f,0x0f,0x0c,0x0c,
    0x0f,0x0f,0x18,0x18,0x14,0x14,0x14,0x14,0x12,0x12,0x0c,0x0c,0x16,0x16,0x17,0x17,
    0x2e,0x2e,0x18,0x18,0x18,0x18,0x2c,0x2c,0x25,0x25,0x25,0x25,0x23,0x23,0x28,0x28,
    0x25,0x25,0x2c,0x2c,0x25,0x25,0x2f,0x2f,0x1a,0x1a,0x10,0x10,0x18,0x18,0x05,0x05,
    0x05,0x05,0x00,0x00,0x05,0x05,0x10,0x10,0x0d,0x0d,0x09,0x09,0x12,0x12,0x10,0x10,
    0x05,0x05,0x09,0x09,0x0a,0x0a,0x0a,0x0a,0x13,0x13,0x1a,0x1a,0x10,0x10,0x15,0x15,
    0x0a,0x0a,0x0a,0x0a,0x11,0x11,0x0a,0x0a,0x10,0x10,0x10,0x10,0x0a,0x0a,0x1a,0x1a,
    0x1a,0x1a,0x0a,0x0a,0x12,0x12,0x1b,0x1b,0x1e,0x1e,0x2f,0x2f,0x1b,0x1b,0x1c,0x1c,
    0x12,0x12,0x0d,0x0d,0x14,0x14,0x0e,0x0e,0x0d,0x0d,0x0e,0x0e,0x0e,0x0e,0x12,0x12,
    0x1c,0x1c,0x12,0x12,0x14,0x14,0x0e,0x0e,0x0c,0x0c,0x0b,0x0b,0x0c,0x0c,0x0b,0x0b,
    0x03,0x03,0x06,0x06,0x07,0x07,0x07,0x07,0x0e,0x0e,0x0e,0x0e,0x06,0x06,0x06,0x06,
    0x03,0x03,0x03,0x03,0x01,0x01,0x03,0x03,0x06,0x06,0x07,0x07,0x07,0x07,0x0c,0x0c,
    0x0e,0x0e,0x0e,0x0e,0x0e,0x0e,0x0e,0x0e,0x0c,0x0c,0x0e,0x0e,0x12,0x12,0x0e,0x0e,
    0x0f,0x0f,0x0e,0x0e,0x0e,0x0e,0x0c,0x0c,0x14,0x14,0x0c,0x0c,0x0f,0x0f,0x1b,0x1b,
    0x1b,0x1b,0x2b,0x2b,0x2b,0x2b,0x28,0x28,0x28,0x28,0x25,0x25,0x28,0x28,0x28,0x28,
    0x23,0x23,0x27,0x27,0x23,0x23,0x23,0x23,0x23,0x23,0x23,0x23,0x23,0x23,0x23,0x23,
    0x23,0x23,0x23,0x23,0x23,0x23,0x23,0x23,0x20,0x20,0x2e,0x2e,0x1a,0x1a,0x1f,0x1f,
    0x25,0x25,0x23,0x23,0x2e,0x2e,0x23,0x23,0x1e,0x1e,0x20,0x20,0x20,0x20,0x0d,0x0d,
    0x0a,0x0a,0x0a,0x0a,0x0d,0x0d,0x09,0x09,0x05,0x05,0x0a,0x0a,0x0d,0x0d,0x09,0x09,
    0x09,0x09,0x09,0x09,0x05,0x05,0x08,0x08,0x05,0x05,0x02,0x02,0x00,0x00,0x00,0x00,
    0x09,0x09,0x05,0x05,0x10,0x10,0x05,0x05,0x05,0x05,0x05,0x05,0x05,0x05,0x09,0x09,
    0x09,0x09,0x0d,0x0d,0x1a,0x1a,0x11,0x11,0x11,0x11,0x1c,0x1c,0x12,0x12,0x18,0x18,
    0x1c,0x1c,0x17,0x17,0x18,0x18,0x0d,0x0d,0x11,0x11,0x15,0x15,0x1c,0x1c,0x2f,0x2f,
    0x20,0x20,0x1e,0x1e,0x2e,0x2e,0x20,0x20,0x2b,0x2b,0x1c,0x1c,0x1c,0x1c,0x25,0x25,
    0x1e,0x1e,0x18,0x18,0x1a,0x1a,0x11,0x11,0x0f,0x0f,0x16,0x16,0x14,0x14,0x15,0x15,
    0x17,0x17,0x25,0x25,0x23,0x23,0x2c,0x2c,0x2b,0x2b,0x23,0x23,0x23,0x23,0x25,0x25,
    0x1d,0x1d,0x18,0x18,0x25,0x25,0x23,0x23,0x23,0x23,0x23,0x23,0x23,0x23,0x23,0x23,
    0x23,0x23,0x23,0x23,0x27,0x27,0x2b,0x2b,0x1d,0x1d,0x1b,0x1b,0x1d,0x1d,0x0e,0x0e,
    0x14,0x14,0x0e,0x0e,0x0c,0x0c,0x17,0x17,0x20,0x20,0x16,0x16,0x12,0x12,0x0f,0x0f,
    0x14,0x14,0x0f,0x0f,0x0f,0x0f,0x0d,0x0d,0x0e,0x0e,0x0d,0x0d,0x0e,0x0e,0x1b,0x1b,
    0x23,0x23,0x1c,0x1c,0x15,0x15,0x15,0x15,0x1c,0x1c,0x27,0x27,0x1c,0x1c,0x28,0x28,
    0x23,0x23,0x2f,0x2f,0x1c,0x1c,0x14,0x14,0x16,0x16,0x0f,0x0f,0x06,0x06,0x04,0x04,
    0x06,0x06,0x07,0x07,0x0b,0x0b,0x0b,0x0b,0x0c,0x0c,0x0c,0x0c,0x0f,0x0f,0x0e,0x0e,
    0x0f,0x0f,0x18,0x18,0x14,0x14,0x14,0x14,0x12,0x12,0x0c,0x0c,0x16,0x16,0x17,0x17,
    0x2e,0x2e,0x18,0x18,0x18,0x18,0x2c,0x2c,0x25,0x25,0x25,0x25,0x23,0x23,0x28,0x28,
    0x25,0x25,0x2c,0x2c,0x25,0x25,0x2f,0x2f,0x1a,0x1a,0x10,0x10,0x18,0x18,0x05,0x05,
    0x05,0x05,0x00,0x00,0x05,0x05,0x10,0x10,0x0d,0x0d,0x09,0x09,0x12,0x12,0x10,0x10,
    0x05,0x05,0x09,0x09,0x0a,0x0a,0x0a,0x0a,0x13,0x13,0x1a,0x1a,0x10,0x10,0x15,0x15,
    0x0a,0x0a,0x0a,0x0a,0x11,0x11,0x0a,0x0a,0x10,0x10,0x10,0x10,0x0a,0x0a,0x1a,0x1a,
    0x1a,0x1a,0x0a,0x0a,0x12,0x12,0x1b,0x1b,0x1e,0x1e,0x2f,0x2f,0x1b,0x1b,0x1c,0x1c,
    0x12,0x12,0x0d,0x0d,0x14,0x14,0x0e,0x0e,0x0d,0x0d,0x0e,0x0e,0x0e,0x0e,0x12,0x12,
    0x1c,0x1c,0x12,0x12,0x14,0x14,0x0e,0x0e,0x0c,0x0c,0x0b,0x0b,0x0c,0x0c,0x0b,0x0b,
    0x03,0x03,0x06,0x06,0x07,0x07,0x07,0x07,0x0e,0x0e,0x0e,0x0e,0x06,0x06,0x06,0x06,
    0x03,0x03,0x03,0x03,0x01,0x01,0x03,0x03,0x06,0x06,0x07,0x07,0x07,0x07,0x0c,0x0c,
    0x0e,0x0e,0x0e,0x0e,0x0e,0x0e,0x0e,0x0e,0x0c,0x0c,0x0e,0x0e,0x12,0x12,0x0e,0x0e,
    0x0f,0x0f,0x0e,0x0e,0x0e,0x0e,0x0c,0x0c,0x14,0x14,0x0c,0x0c,0x0f,0x0f,0x1b,0x1b,
    0x1b,0x1b,0x2b,0x2b,0x2b,0x2b,0x28,0x28,0x28,0x28,0x25,0x25,0x28,0x28,0x28,0x28,
    0x23,0x23,0x27,0x27,0x23,0x23,0x23,0x23,0x23,0x23,0x23,0x23,0x23,0x23,0x23,0x23,
    0x23,0x23,0x23,0x23,0x23,0x23,0x23,0x23,0x20,0x20,0x2e,0x2e,0x1a,0x1a,0x1f,0x1f,
    0x25,0x25,0x23,0x23,0x2e,0x2e,0x23,0x23,0x1e,0x1e,0x20,0x20,0x20,0x20,0x0d,0x0d,
    0x0a,0x0a,0x0a,0x0a,0x0d,0x0d,0x09,0x09,0x05,0x05,0x0a,0x0a,0x0d,0x0d,0x09,0x09,
    0x09,0x09,0x09,0x09,0x05,0x05,0x08,0x08,0x05,0x05,0x02,0x02,0x00,0x00,0x00,0x00,
    0x09,0x09,0x05,0x05,0x10,0x10,0x05,0x05,0x05,0x05,0x05,0x05,0x05,0x05,0x09,0x09,
    0x09,0x09,0x0d,0x0d,0x1a,0x1a,0x11,0x11,0x11,0x11,0x1c,0x1c,0x12,0x12,0x18,0x18,
    0x1c,0x1c,0x17,0x17,0x18,0x18,0x0d,0x0d,0x11,0x11,0x15,0x15,0x1c,0x1c,0x2f,0x2f,
    0x20,0x20,0x1e,0x1e,0x2e,0x2e,0x20,0x20,0x2b,0x2b,0x1c,0x1c,0x1c,0x1c,0x25,0x25,
    0x1e,0x1e,0x18,0x18,0x1a,0x1a,0x11,0x11,0x0f,0x0f,0x16,0x16,0x14,0x14,0x15,0x15,
    0x17,0x17,0x25,0x25,0x23,0x23,0x2c,0x2c,0x2b,0x2b,0x23,0x23,0x23,0x23,0x25,0x25,
    0x1d,0x1d,0x18,0x18,0x25,0x25,0x23,0x23,0x23,0x23,0x23,0x23,0x23,0x23,0x23,0x23,
    0x23,0x23,0x23,0x23,0x27,0x27,0x2b,0x2b,0x1d,0x1d,0x1b,0x1b,0x1d,0x1d,0x0e,0x0e,
    0x14,0x14,0x0e,0x0e,0x0c,0x0c,0x17,0x17,0x20,0x20,0x16,0x16,0x12,0x12,0x0f,0x0f,
    0x14,0x14,0x0f,0x0f,0x0f,0x0f,0x0d,0x0d,0x0e,0x0e,0x0d,0x0d,0x0e,0x0e,0x1b,0x1b,
    0x23,0x23,0x1c,0x1c,0x15,0x15,0x15,0x15,0x1c,0x1c,0x27,0x27,0x1c,0x1c,0x28,0x28,
    0x23,0x23,0x2f,0x2f,0x1c,0x1c,0x14,0x14,0x16,0x16,0x0f,0x0f,0x06,0x06,0x04,0x04,
    0x06,0x06,0x07,0x07,0x0b,0x0b,0x0b,0x0b,0x0c,0x0c,0x0c,0x0c,0x0f,0x0f,0x0e,0x0e,
    0x11,0x11,0x0f,0x0f,0x12,0x12,0x0f,0x0f,0x0c,0x0c,0x12,0x12,0x0e,0x0e,0x18,0x18,
    0x25,0x25,0x2c,0x2c,0x1a,0x1a,0x20,0x20,0x2c,0x2c,0x2c,0x2c,0x25,0x25,0x20,0x20,
    0x20,0x20,0x29,0x29,0x2c,0x2c,0x2e,0x2e,0x18,0x18,0x13,0x13,0x0d,0x0d,0x12,0x12,
    0x05,0x05,0x00,0x00,0x05,0x05,0x09,0x09,0x0a,0x0a,0x05,0x05,0x05,0x05,0x09,0x09,
    0x05,0x05,0x05,0x05,0x05,0x05,0x0d,0x0d,0x10,0x10,0x11,0x11,0x0a,0x0a,0x0a,0x0a,
    0x0a,0x0a,0x09,0x09,0x0a,0x0a,0x0d,0x0d,0x11,0x11,0x17,0x17,0x13,0x13,0x15,0x15,
    0x2e,0x2e,0x16,0x16,0x1c,0x1c,0x2b,0x2b,0x1c,0x1c,0x1b,0x1b,0x2f,0x2f,0x18,0x18,
    0x15,0x15,0x15,0x15,0x15,0x15,0x12,0x12,0x0e,0x0e,0x0e,0x0e,0x0d,0x0d,0x0f,0x0f,
    0x0f,0x0f,0x0e,0x0e,0x0e,0x0e,0x0e,0x0e,0x0c,0x0c,0x0c,0x0c,0x07,0x07,0x0b,0x0b,
    0x0b,0x0b,0x06,0x06,0x07,0x07,0x0e,0x0e,0x0e,0x0e,0x0e,0x0e,0x12,0x12,0x0e,0x0e,
    0x06,0x06,0x03,0x03,0x03,0x03,0x03,0x03,0x03,0x03,0x06,0x06,0x06,0x06,0x0b,0x0b,
    0x0e,0x0e,0x0b,0x0b,0x0c,0x0c,0x0c,0x0c,0x14,0x14,0x14,0x14,0x16,0x16,0x16,0x16,
    0x0e,0x0e,0x0c,0x0c,0x0e,0x0e,0x14,0x14,0x1a,0x1a,0x0f,0x0f,0x1e,0x1e,0x18,0x18,
    0x1a,0x1a,0x2c,0x2c,0x2b,0x2b,0x28,0x28,0x28,0x28,0x23,0x23,0x28,0x28,0x23,0x23,
    0x23,0x23,0x27,0x27,0x23,0x23,0x23,0x23,0x23,0x23,0x23,0x23,0x23,0x23,0x23,0x23,
    0x23,0x23,0x23,0x23,0x23,0x23,0x23,0x23,0x23,0x23,0x23,0x23,0x25,0x25,0x25,0x25,
    0x20,0x20,0x23,0x23,0x18,0x18,0x20,0x20,0x2e,0x2e,0x1b,0x1b,0x15,0x15,0x12,0x12,
    0x10,0x10,0x12,0x12,0x0d,0x0d,0x09,0x09,0x0a,0x0a,0x0d,0x0d,0x0a,0x0a,0x09,0x09,
    0x0a,0x0a,0x0d,0x0d,0x0d,0x0d,0x08,0x08,0x09,0x09,0x02,0x02,0x00,0x00,0x00,0x00,
    0x05,0x05,0x05,0x05,0x09,0x09,0x05,0x05,0x05,0x05,0x05,0x05,0x08,0x08,0x0a,0x0a,
    0x05,0x05,0x08,0x08,0x0a,0x0a,0x0a,0x0a,0x1a,0x1a,0x1b,0x1b,0x15,0x15,0x1a,0x1a,
    0x12,0x12,0x1f,0x1f,0x17,0x17,0x12,0x12,0x0d,0x0d,0x0d,0x0d,0x1a,0x1a,0x1b,0x1b,
    0x14,0x14,0x15,0x15,0x1a,0x1a,0x2f,0x2f,0x1f,0x1f,0x1e,0x1e,0x1d,0x1d,0x2e,0x2e,
    0x2e,0x2e,0x2a,0x2a,0x12,0x12,0x0d,0x0d,0x12,0x12,0x0e,0x0e,0x12,0x12,0x16,0x16,
    0x19,0x19,0x22,0x22,0x2c,0x2c,0x1a,0x1a,0x1d,0x1d,0x23,0x23,0x23,0x23,0x2b,0x2b,
    0x1d,0x1d,0x14,0x14,0x1a,0x1a,0x2b,0x2b,0x23,0x23,0x23,0x23,0x23,0x23,0x23,0x23,
    0x23,0x23,0x23,0x23,0x23,0x23,0x2b,0x2b,0x22,0x22,0x14,0x14,0x1b,0x1b,0x1b,0x1b,
    0x18,0x18,0x0f,0x0f,0x0e,0x0e,0x12,0x12,0x25,0x25,0x1f,0x1f,0x1a,0x1a,0x14,0x14,
    0x0c,0x0c,0x17,0x17,0x14,0x14,0x14,0x14,0x0e,0x0e,0x0e,0x0e,0x20,0x20,0x1a,0x1a,
    0x1f,0x1f,0x2f,0x2f,0x2c,0x2c,0x1a,0x1a,0x2c,0x2c,0x25,0x25,0x2c,0x2c,0x2b,0x2b,
    0x2f,0x2f,0x1a,0x1a,0x0c,0x0c,0x14,0x14,0x0e,0x0e,0x0e,0x0e,0x0c,0x0c,0x04,0x04,
    0x02,0x02,0x03,0x03,0x03,0x03,0x06,0x06,0x0f,0x0f,0x0b,0x0b,0x0b,0x0b,0x14,0x14,
    0x11,0x11,0x0f,0x0f,0x12,0x12,0x0f,0x0f,0x0c,0x0c,0x12,0x12,0x0e,0x0e,0x18,0x18,
    0x25,0x25,0x2c,0x2c,0x1a,0x1a,0x20,0x20,0x2c,0x2c,0x2c,0x2c,0x25,0x25,0x20,0x20,
    0x20,0x20,0x29,0x29,0x2c,0x2c,0x2e,0x2e,0x18,0x18,0x13,0x13,0x0d,0x0d,0x12,0x12,
    0x05,0x05,0x00,0x00,0x05,0x05,0x09,0x09,0x0a,0x0a,0x05,0x05,0x05,0x05,0x09,0x09,
    0x05,0x05,0x05,0x05,0x05,0x05,0x0d,0x0d,0x10,0x10,0x11,0x11,0x0a,0x0a,0x0a,0x0a,
    0x0a,0x0a,0x09,0x09,0x0a,0x0a,0x0d,0x0d,0x11,0x11,0x17,0x17,0x13,0x13,0x15,0x15,
    0x2e,0x2e,0x16,0x16,0x1c,0x1c,0x2b,0x2b,0x1c,0x1c,0x1b,0x1b,0x2f,0x2f,0x18,0x18,
    0x15,0x15,0x15,0x15,0x15,0x15,0x12,0x12,0x0e,0x0e,0x0e,0x0e,0x0d,0x0d,0x0f,0x0f,
    0x0f,0x0f,0x0e,0x0e,0x0e,0x0e,0x0e,0x0e,0x0c,0x0c,0x0c,0x0c,0x07,0x07,0x0b,0x0b,
    0x0b,0x0b,0x06,0x06,0x07,0x07,0x0e,0x0e,0x0e,0x0e,0x0e,0x0e,0x12,0x12,0x0e,0x0e,
    0x06,0x06,0x03,0x03,0x03,0x03,0x03,0x03,0x03,0x03,0x06,0x06,0x06,0x06,0x0b,0x0b,
    0x0e,0x0e,0x0b,0x0b,0x0c,0x0c,0x0c,0x0c,0x14,0x14,0x14,0x14,0x16,0x16,0x16,0x16,
    0x0e,0x0e,0x0c,0x0c,0x0e,0x0e,0x14,0x14,0x1a,0x1a,0x0f,0x0f,0x1e,0x1e,0x18,0x18,
    0x1a,0x1a,0x2c,0x2c,0x2b,0x2b,0x28,0x28,0x28,0x28,0x23,0x23,0x28,0x28,0x23,0x23,
    0x23,0x23,0x27,0x27,0x23,0x23,0x23,0x23,0x23,0x23,0x23,0x23,0x23,0x23,0x23,0x23,
    0x23,0x23,0x23,0x23,0x23,0x23,0x23,0x23,0x23,0x23,0x23,0x23,0x25,0x25,0x25,0x25,
    0x20,0x20,0x23,0x23,0x18,0x18,0x20,0x20,0x2e,0x2e,0x1b,0x1b,0x15,0x15,0x12,0x12,
    0x10,0x10,0x12,0x12,0x0d,0x0d,0x09,0x09,0x0a,0x0a,0x0d,0x0d,0x0a,0x0a,0x09,0x09,
    0x0a,0x0a,0x0d,0x0d,0x0d,0x0d,0x08,0x08,0x09,0x09,0x02,0x02,0x00,0x00,0x00,0x00,
    0x05,0x05,0x05,0x05,0x09,0x09,0x05,0x05,0x05,0x05,0x05,0x05,0x08,0x08,0x0a,0x0a,
    0x05,0x05,0x08,0x08,0x0a,0x0a,0x0a,0x0a,0x1a,0x1a,0x1b,0x1b,0x15,0x15,0x1a,0x1a,
    0x12,0x12,0x1f,0x1f,0x17,0x17,0x12,0x12,0x0d,0x0d,0x0d,0x0d,0x1a,0x1a,0x1b,0x1b,
    0x14,0x14,0x15,0x15,0x1a,0x1a,0x2f,0x2f,0x1f,0x1f,0x1e,0x1e,0x1d,0x1d,0x2e,0x2e,
    0x2e,0x2e,0x2a,0x2a,0x12,0x12,0x0d,0x0d,0x12,0x12,0x0e,0x0e,0x12,0x12,0x16,0x16,
    0x19,0x19,0x22,0x22,0x2c,0x2c,0x1a,0x1a,0x1d,0x1d,0x23,0x23,0x23,0x23,0x2b,0x2b,
    0x1d,0x1d,0x14,0x14,0x1a,0x1a,0x2b,0x2b,0x23,0x23,0x23,0x23,0x23,0x23,0x23,0x23,
    0x23,0x23,0x23,0x23,0x23,0x23,0x2b,0x2b,0x22,0x22,0x14,0x14,0x1b,0x1b,0x1b,0x1b,
    0x18,0x18,0x0f,0x0f,0x0e,0x0e,0x12,0x12,0x25,0x25,0x1f,0x1f,0x1a,0x1a,0x14,0x14,
    0x0c,0x0c,0x17,0x17,0x14,0x14,0x14,0x14,0x0e,0x0e,0x0e,0x0e,0x20,0x20,0x1a,0x1a,
    0x1f,0x1f,0x2f,0x2f,0x2c,0x2c,0x1a,0x1a,0x2c,0x2c,0x25,0x25,0x2c,0x2c,0x2b,0x2b,
    0x2f,0x2f,0x1a,0x1a,0x0c,0x0c,0x14,0x14,0x0e,0x0e,0x0e,0x0e,0x0c,0x0c,0x04,0x04,
    0x02,0x02,0x03,0x03,0x03,0x03,0x06,0x06,0x0f,0x0f,0x0b,0x0b,0x0b,0x0b,0x14,0x14,
    0x0d,0x0d,0x12,0x12,0x1d,0x1d,0x0d,0x0d,0x11,0x11,0x18,0x18,0x1a,0x1a,0x17,0x17,
    0x1f,0x1f,0x2c,0x2c,0x1b,0x1b,0x20,0x20,0x1d,0x1d,0x1d,0x1d,0x2c,0x2c,0x23,0x23,
    0x20,0x20,0x29,0x29,0x20,0x20,0x20,0x20,0x16,0x16,0x09,0x09,0x0a,0x0a,0x05,0x05,
    0x02,0x02,0x05,0x05,0x05,0x05,0x09,0x09,0x10,0x10,0x0a,0x0a,0x09,0x09,0x11,0x11,
    0x10,0x10,0x0a,0x0a,0x02,0x02,0x05,0x05,0x0a,0x0a,0x08,0x08,0x05,0x05,0x0a,0x0a,
    0x11,0x11,0x10,0x10,0x0a,0x0a,0x11,0x11,0x16,0x16,0x15,0x15,0x1d,0x1d,0x1f,0x1f,
    0x2f,0x2f,0x1a,0x1a,0x18,0x18,0x2c,0x2c,0x1f,0x1f,0x1d,0x1d,0x2c,0x2c,0x1b,0x1b,
    0x15,0x15,0x2b,0x2b,0x16,0x16,0x0e,0x0e,0x14,0x14,0x1e,0x1e,0x0f,0x0f,0x0b,0x0b,
    0x0e,0x0e,0x19,0x19,0x12,0x12,0x0c,0x0c,0x0e,0x0e,0x07,0x07,0x07,0x07,0x06,0x06,
    0x06,0x06,0x0b,0x0b,0x0c,0x0c,0x0e,0x0e,0x0e,0x0e,0x0f,0x0f,0x0f,0x0f,0x0c,0x0c,
    0x07,0x07,0x07,0x07,0x03,0x03,0x01,0x01,0x03,0x03,0x01,0x01,0x03,0x03,0x06,0x06,
    0x0b,0x0b,0x0b,0x0b,0x0b,0x0b,0x0e,0x0e,0x0e,0x0e,0x16,0x16,0x14,0x14,0x18,0x18,
    0x14,0x14,0x0f,0x0f,0x0e,0x0e,0x16,0x16,0x1b,0x1b,0x1f,0x1f,0x2c,0x2c,0x1d,0x1d,
    0x2b,0x2b,0x28,0x28,0x2b,0x2b,0x25,0x25,0x2b,0x2b,0x2b,0x2b,0x23,0x23,0x25,0x25,
    0x23,0x23,0x23,0x23,0x25,0x25,0x23,0x23,0x23,0x23,0x23,0x23,0x23,0x23,0x2b,0x2b,
    0x23,0x23,0x23,0x23,0x23,0x23,0x23,0x23,0x23,0x23,0x23,0x23,0x23,0x23,0x25,0x25,
    0x1e,0x1e,0x16,0x16,0x13,0x13,0x1c,0x1c,0x1e,0x1e,0x18,0x18,0x0a,0x0a,0x15,0x15,
    0x12,0x12,0x10,0x10,0x09,0x09,0x0d,0x0d,0x09,0x09,0x0a,0x0a,0x0d,0x0d,0x0d,0x0d,
    0x0d,0x0d,0x0a,0x0a,0x05,0x05,0x0a,0x0a,0x05,0x05,0x00,0x00,0x00,0x00,0x00,0x00,
    0x00,0x00,0x02,0x02,0x05,0x05,0x02,0x02,0x00,0x00,0x05,0x05,0x05,0x05,0x0d,0x0d,
    0x05,0x05,0x05,0x05,0x0a,0x0a,0x0a,0x0a,0x16,0x16,0x11,0x11,0x15,0x15,0x15,0x15,
    0x1a,0x1a,0x23,0x23,0x25,0x25,0x1a,0x1a,0x19,0x19,0x1b,0x1b,0x18,0x18,0x16,0x16,
    0x12,0x12,0x0e,0x0e,0x15,0x15,0x18,0x18,0x15,0x15,0x1a,0x1a,0x1b,0x1b,0x18,0x18,
    0x19,0x19,0x19,0x19,0x16,0x16,0x16,0x16,0x18,0x18,0x0d,0x0d,0x14,0x14,0x1f,0x1f,
    0x2f,0x2f,0x25,0x25,0x1b,0x1b,0x15,0x15,0x1c,0x1c,0x2b,0x2b,0x25,0x25,0x25,0x25,
    0x1c,0x1c,0x18,0x18,0x1f,0x1f,0x25,0x25,0x23,0x23,0x25,0x25,0x28,0x28,0x27,0x27,
    0x23,0x23,0x23,0x23,0x23,0x23,0x23,0x23,0x2c,0x2c,0x1e,0x1e,0x1c,0x1c,0x28,0x28,
    0x18,0x18,0x14,0x14,0x15,0x15,0x22,0x22,0x2e,0x2e,0x1c,0x1c,0x16,0x16,0x10,0x10,
    0x08,0x08,0x18,0x18,0x12,0x12,0x17,0x17,0x18,0x18,0x14,0x14,0x14,0x14,0x18,0x18,
    0x18,0x18,0x1b,0x1b,0x1b,0x1b,0x25,0x25,0x23,0x23,0x2b,0x2b,0x28,0x28,0x2e,0x2e,
    0x1a,0x1a,0x14,0x14,0x0b,0x0b,0x0e,0x0e,0x0f,0x0f,0x0b,0x0b,0x07,0x07,0x06,0x06,
    0x03,0x03,0x03,0x03,0x01,0x01,0x03,0x03,0x0b,0x0b,0x0f,0x0f,0x0e,0x0e,0x12,0x12,
    0x0d,0x0d,0x12,0x12,0x1d,0x1d,0x0d,0x0d,0x11,0x11,0x18,0x18,0x1a,0x1a,0x17,0x17,
    0x1f,0x1f,0x2c,0x2c,0x1b,0x1b,0x20,0x20,0x1d,0x1d,0x1d,0x1d,0x2c,0x2c,0x23,0x23,
    0x20,0x20,0x29,0x29,0x20,0x20,0x20,0x20,0x16,0x16,0x09,0x09,0x0a,0x0a,0x05,0x05,
    0x02,0x02,0x05,0x05,0x05,0x05,0x09,0x09,0x10,0x10,0x0a,0x0a,0x09,0x09,0x11,0x11,
    0x10,0x10,0x0a,0x0a,0x02,0x02,0x05,0x05,0x0a,0x0a,0x08,0x08,0x05,0x05,0x0a,0x0a,
    0x11,0x11,0x10,0x10,0x0a,0x0a,0x11,0x11,0x16,0x16,0x15,0x15,0x1d,0x1d,0x1f,0x1f,
    0x2f,0x2f,0x1a,0x1a,0x18,0x18,0x2c,0x2c,0x1f,0x1f,0x1d,0x1d,0x2c,0x2c,0x1b,0x1b,
    0x15,0x15,0x2b,0x2b,0x16,0x16,0x0e,0x0e,0x14,0x14,0x1e,0x1e,0x0f,0x0f,0x0b,0x0b,
    0x0e,0x0e,0x19,0x19,0x12,0x12,0x0c,0x0c,0x0e,0x0e,0x07,0x07,0x07,0x07,0x06,0x06,
    0x06,0x06,0x0b,0x0b,0x0c,0x0c,0x0e,0x0e,0x0e,0x0e,0x0f,0x0f,0x0f,0x0f,0x0c,0x0c,
    0x07,0x07,0x07,0x07,0x03,0x03,0x01,0x01,0x03,0x03,0x01,0x01,0x03,0x03,0x06,0x06,
    0x0b,0x0b,0x0b,0x0b,0x0b,0x0b,0x0e,0x0e,0x0e,0x0e,0x16,0x16,0x14,0x14,0x18,0x18,
    0x14,0x14,0x0f,0x0f,0x0e,0x0e,0x16,0x16,0x1b,0x1b,0x1f,0x1f,0x2c,0x2c,0x1d,0x1d,
    0x2b,0x2b,0x28,0x28,0x2b,0x2b,0x25,0x25,0x2b,0x2b,0x2b,0x2b,0x23,0x23,0x25,0x25,
    0x23,0x23,0x23,0x23,0x25,0x25,0x23,0x23,0x23,0x23,0x23,0x23,0x23,0x23,0x2b,0x2b,
    0x23,0x23,0x23,0x23,0x23,0x23,0x23,0x23,0x23,0x23,0x23,0x23,0x23,0x23,0x25,0x25,
    0x1e,0x1e,0x16,0x16,0x13,0x13,0x1c,0x1c,0x1e,0x1e,0x18,0x18,0x0a,0x0a,0x15,0x15,
    0x12,0x12,0x10,0x10,0x09,0x09,0x0d,0x0d,0x09,0x09,0x0a,0x0a,0x0d,0x0d,0x0d,0x0d,
    0x0d,0x0d,0x0a,0x0a,0x05,0x05,0x0a,0x0a,0x05,0x05,0x00,0x00,0x00,0x00,0x00,0x00,
    0x00,0x00,0x02,0x02,0x05,0x05,0x02,0x02,0x00,0x00,0x05,0x05,0x05,0x05,0x0d,0x0d,
    0x05,0x05,0x05,0x05,0x0a,0x0a,0x0a,0x0a,0x16,0x16,0x11,0x11,0x15,0x15,0x15,0x15,
    0x1a,0x1a,0x23,0x23,0x25,0x25,0x1a,0x1a,0x19,0x19,0x1b,0x1b,0x18,0x18,0x16,0x16,
    0x12,0x12,0x0e,0x0e,0x15,0x15,0x18,0x18,0x15,0x15,0x1a,0x1a,0x1b,0x1b,0x18,0x18,
    0x19,0x19,0x19,0x19,0x16,0x16,0x16,0x16,0x18,0x18,0x0d,0x0d,0x14,0x14,0x1f,0x1f,
    0x2f,0x2f,0x25,0x25,0x1b,0x1b,0x15,0x15,0x1c,0x1c,0x2b,0x2b,0x25,0x25,0x25,0x25,
    0x1c,0x1c,0x18,0x18,0x1f,0x1f,0x25,0x25,0x23,0x23,0x25,0x25,0x28,0x28,0x27,0x27,
    0x23,0x23,0x23,0x23,0x23,0x23,0x23,0x23,0x2c,0x2c,0x1e,0x1e,0x1c,0x1c,0x28,0x28,
    0x18,0x18,0x14,0x14,0x15,0x15,0x22,0x22,0x2e,0x2e,0x1c,0x1c,0x16,0x16,0x10,0x10,
    0x08,0x08,0x18,0x18,0x12,0x12,0x17,0x17,0x18,0x18,0x14,0x14,0x14,0x14,0x18,0x18,
    0x18,0x18,0x1b,0x1b,0x1b,0x1b,0x25,0x25,0x23,0x23,0x2b,0x2b,0x28,0x28,0x2e,0x2e,
    0x1a,0x1a,0x14,0x14,0x0b,0x0b,0x0e,0x0e,0x0f,0x0f,0x0b,0x0b,0x07,0x07,0x06,0x06,
    0x03,0x03,0x03,0x03,0x01,0x01,0x03,0x03,0x0b,0x0b,0x0f,0x0f,0x0e,0x0e,0x12,0x12,
    0x0b,0x0b,0x0f,0x0f,0x0f,0x0f,0x08,0x08,0x10,0x10,0x12,0x12,0x0c,0x0c,0x16,0x16,
    0x25,0x25,0x17,0x17,0x14,0x14,0x1c,0x1c,0x17,0x17,0x1f,0x1f,0x2c,0x2c,0x2c,0x2c,
    0x23,0x23,0x23,0x23,0x1d,0x1d,0x1b,0x1b,0x18,0x18,0x18,0x18,0x18,0x18,0x05,0x05,
    0x05,0x05,0x12,0x12,0x15,0x15,0x11,0x11,0x11,0x11,0x10,0x10,0x13,0x13,0x23,0x23,
    0x1c,0x1c,0x12,0x12,0x05,0x05,0x02,0x02,0x05,0x05,0x05,0x05,0x0a,0x0a,0x0d,0x0d,
    0x16,0x16,0x13,0x13,0x0a,0x0a,0x09,0x09,0x16,0x16,0x1a,0x1a,0x1d,0x1d,0x2e,0x2e,
    0x25,0x25,0x2b,0x2b,0x2c,0x2c,0x25,0x25,0x2c,0x2c,0x2b,0x2b,0x23,0x23,0x2c,0x2c,
    0x25,0x25,0x1f,0x1f,0x2e,0x2e,0x1c,0x1c,0x16,0x16,0x1b,0x1b,0x16,0x16,0x17,0x17,
    0x0e,0x0e,0x0f,0x0f,0x0b,0x0b,0x0b,0x0b,0x14,0x14,0x14,0x14,0x0e,0x0e,0x06,0x06,
    0x03,0x03,0x06,0x06,0x07,0x07,0x0b,0x0b,0x0c,0x0c,0x0e,0x0e,0x0b,0x0b,0x03,0x03,
    0x07,0x07,0x06,0x06,0x01,0x01,0x01,0x01,0x01,0x01,0x01,0x01,0x06,0x06,0x07,0x07,
    0x0c,0x0c,0x0c,0x0c,0x0c,0x0c,0x0e,0x0e,0x0b,0x0b,0x0c,0x0c,0x0f,0x0f,0x12,0x12,
    0x18,0x18,0x1d,0x1d,0x17,0x17,0x16,0x16,0x22,0x22,0x2c,0x2c,0x23,0x23,0x29,0x29,
    0x2b,0x2b,0x2b,0x2b,0x28,0x28,0x2c,0x2c,0x1f,0x1f,0x1d,0x1d,0x2b,0x2b,0x23,0x23,
    0x23,0x23,0x23,0x23,0x23,0x23,0x23,0x23,0x23,0x23,0x23,0x23,0x23,0x23,0x1c,0x1c,
    0x23,0x23,0x23,0x23,0x23,0x23,0x23,0x23,0x23,0x23,0x23,0x23,0x23,0x23,0x23,0x23,
    0x25,0x25,0x19,0x19,0x1d,0x1d,0x11,0x11,0x10,0x10,0x11,0x11,0x11,0x11,0x0d,0x0d,
    0x0a,0x0a,0x05,0x05,0x09,0x09,0x15,0x15,0x15,0x15,0x11,0x11,0x09,0x09,0x0a,0x0a,
    0x0d,0x0d,0x09,0x09,0x05,0x05,0x05,0x05,0x02,0x02,0x00,0x00,0x05,0x05,0x00,0x00,
    0x00,0x00,0x00,0x00,0x02,0x02,0x00,0x00,0x00,0x00,0x02,0x02,0x05,0x05,0x0d,0x0d,
    0x08,0x08,0x04,0x04,0x04,0x04,0x08,0x08,0x11,0x11,0x15,0x15,0x2e,0x2e,0x25,0x25,
    0x2e,0x2e,0x25,0x25,0x25,0x25,0x2e,0x2e,0x2f,0x2f,0x1e,0x1e,0x16,0x16,0x0f,0x0f,
    0x14,0x14,0x08,0x08,0x09,0x09,0x11,0x11,0x11,0x11,0x1b,0x1b,0x1a,0x1a,0x0a,0x0a,
    0x10,0x10,0x0f,0x0f,0x15,0x15,0x1a,0x1a,0x0e,0x0e,0x0d,0x0d,0x0f,0x0f,0x15,0x15,
    0x20,0x20,0x20,0x20,0x17,0x17,0x1f,0x1f,0x1d,0x1d,0x16,0x16,0x1f,0x1f,0x1f,0x1f,
    0x23,0x23,0x23,0x23,0x25,0x25,0x23,0x23,0x23,0x23,0x28,0x28,0x27,0x27,0x25,0x25,
    0x27,0x27,0x23,0x23,0x23,0x23,0x23,0x23,0x23,0x23,0x25,0x25,0x28,0x28,0x22,0x22,
    0x25,0x25,0x29,0x29,0x29,0x29,0x2b,0x2b,0x1f,0x1f,0x17,0x17,0x16,0x16,0x0a,0x0a,
    0x0a,0x0a,0x0f,0x0f,0x1a,0x1a,0x1b,0x1b,0x1d,0x1d,0x0f,0x0f,0x09,0x09,0x12,0x12,
    0x17,0x17,0x16,0x16,0x1d,0x1d,0x2c,0x2c,0x2b,0x2b,0x25,0x25,0x2b,0x2b,0x1b,0x1b,
    0x16,0x16,0x14,0x14,0x0c,0x0c,0x0b,0x0b,0x06,0x06,0x06,0x06,0x0b,0x0b,0x0c,0x0c,
    0x0b,0x0b,0x03,0x03,0x01,0x01,0x03,0x03,0x0b,0x0b,0x0f,0x0f,0x0b,0x0b,0x0b,0x0b,
    0x0b,0x0b,0x0f,0x0f,0x0f,0x0f,0x08,0x08,0x10,0x10,0x12,0x12,0x0c,0x0c,0x16,0x16,
    0x25,0x25,0x17,0x17,0x14,0x14,0x1c,0x1c,0x17,0x17,0x1f,0x1f,0x2c,0x2c,0x2c,0x2c,
    0x23,0x23,0x23,0x23,0x1d,0x1d,0x1b,0x1b,0x18,0x18,0x18,0x18,0x18,0x18,0x05,0x05,
    0x05,0x05,0x12,0x12,0x15,0x15,0x11,0x11,0x11,0x11,0x10,0x10,0x13,0x13,0x23,0x23,
    0x1c,0x1c,0x12,0x12,0x05,0x05,0x02,0x02,0x05,0x05,0x05,0x05,0x0a,0x0a,0x0d,0x0d,
    0x16,0x16,0x13,0x13,0x0a,0x0a,0x09,0x09,0x16,0x16,0x1a,0x1a,0x1d,0x1d,0x2e,0x2e,
    0x25,0x25,0x2b,0x2b,0x2c,0x2c,0x25,0x25,0x2c,0x2c,0x2b,0x2b,0x23,0x23,0x2c,0x2c,
    0x25,0x25,0x1f,0x1f,0x2e,0x2e,0x1c,0x1c,0x16,0x16,0x1b,0x1b,0x16,0x16,0x17,0x17,
    0x0e,0x0e,0x0f,0x0f,0x0b,0x0b,0x0b,0x0b,0x14,0x14,0x14,0x14,0x0e,0x0e,0x06,0x06,
    0x03,0x03,0x06,0x06,0x07,0x07,0x0b,0x0b,0x0c,0x0c,0x0e,0x0e,0x0b,0x0b,0x03,0x03,
    0x07,0x07,0x06,0x06,0x01,0x01,0x01,0x01,0x01,0x01,0x01,0x01,0x06,0x06,0x07,0x07,
    0x0c,0x0c,0x0c,0x0c,0x0c,0x0c,0x0e,0x0e,0x0b,0x0b,0x0c,0x0c,0x0f,0x0f,0x12,0x12,
    0x18,0x18,0x1d,0x1d,0x17,0x17,0x16,0x16,0x22,0x22,0x2c,0x2c,0x23,0x23,0x29,0x29,
    0x2b,0x2b,0x2b,0x2b,0x28,0x28,0x2c,0x2c,0x1f,0x1f,0x1d,0x1d,0x2b,0x2b,0x23,0x23,
    0x23,0x23,0x23,0x23,0x23,0x23,0x23,0x23,0x23,0x23,0x23,0x23,0x23,0x23,0x1c,0x1c,
    0x23,0x23,0x23,0x23,0x23,0x23,0x23,0x23,0x23,0x23,0x23,0x23,0x23,0x23,0x23,0x23,
    0x25,0x25,0x19,0x19,0x1d,0x1d,0x11,0x11,0x10,0x10,0x11,0x11,0x11,0x11,0x0d,0x0d,
    0x0a,0x0a,0x05,0x05,0x09,0x09,0x15,0x15,0x15,0x15,0x11,0x11,0x09,0x09,0x0a,0x0a,
    0x0d,0x0d,0x09,0x09,0x05,0x05,0x05,0x05,0x02,0x02,0x00,0x00,0x05,0x05,0x00,0x00,
    0x00,0x00,0x00,0x00,0x02,0x02,0x00,0x00,0x00,0x00,0x02,0x02,0x05,0x05,0x0d,0x0d,
    0x08,0x08,0x04,0x04,0x04,0x04,0x08,0x08,0x11,0x11,0x15,0x15,0x2e,0x2e,0x25,0x25,
    0x2e,0x2e,0x25,0x25,0x25,0x25,0x2e,0x2e,0x2f,0x2f,0x1e,0x1e,0x16,0x16,0x0f,0x0f,
    0x14,0x14,0x08,0x08,0x09,0x09,0x11,0x11,0x11,0x11,0x1b,0x1b,0x1a,0x1a,0x0a,0x0a,
    0x10,0x10,0x0f,0x0f,0x15,0x15,0x1a,0x1a,0x0e,0x0e,0x0d,0x0d,0x0f,0x0f,0x15,0x15,
    0x20,0x20,0x20,0x20,0x17,0x17,0x1f,0x1f,0x1d,0x1d,0x16,0x16,0x1f,0x1f,0x1f,0x1f,
    0x23,0x23,0x23,0x23,0x25,0x25,0x23,0x23,0x23,0x23,0x28,0x28,0x27,0x27,0x25,0x25,
    0x27,0x27,0x23,0x23,0x23,0x23,0x23,0x23,0x23,0x23,0x25,0x25,0x28,0x28,0x22,0x22,
    0x25,0x25,0x29,0x29,0x29,0x29,0x2b,0x2b,0x1f,0x1f,0x17,0x17,0x16,0x16,0x0a,0x0a,
    0x0a,0x0a,0x0f,0x0f,0x1a,0x1a,0x1b,0x1b,0x1d,0x1d,0x0f,0x0f,0x09,0x09,0x12,0x12,
    0x17,0x17,0x16,0x16,0x1d,0x1d,0x2c,0x2c,0x2b,0x2b,0x25,0x25,0x2b,0x2b,0x1b,0x1b,
    0x16,0x16,0x14,0x14,0x0c,0x0c,0x0b,0x0b,0x06,0x06,0x06,0x06,0x0b,0x0b,0x0c,0x0c,
    0x0b,0x0b,0x03,0x03,0x01,0x01,0x03,0x03,0x0b,0x0b,0x0f,0x0f,0x0b,0x0b,0x0b,0x0b,
    0x07,0x07,0x0b,0x0b,0x0c,0x0c,0x09,0x09,0x05,0x05,0x07,0x07,0x09,0x09,0x14,0x14,
    0x1c,0x1c,0x11,0x11,0x0e,0x0e,0x18,0x18,0x2e,0x2e,0x2f,0x2f,0x2b,0x2b,0x28,0x28,
    0x19,0x19,0x1e,0x1e,0x24,0x24,0x1c,0x1c,0x15,0x15,0x16,0x16,0x11,0x11,0x05,0x05,
    0x0a,0x0a,0x13,0x13,0x16,0x16,0x13,0x13,0x10,0x10,0x15,0x15,0x15,0x15,0x2c,0x2c,
    0x2f,0x2f,0x19,0x19,0x18,0x18,0x09,0x09,0x05,0x05,0x0d,0x0d,0x0a,0x0a,0x15,0x15,
    0x1f,0x1f,0x23,0x23,0x0d,0x0d,0x12,0x12,0x1b,0x1b,0x20,0x20,0x2e,0x2e,0x25,0x25,
    0x2b,0x2b,0x25,0x25,0x28,0x28,0x2b,0x2b,0x25,0x25,0x28,0x28,0x28,0x28,0x27,0x27,
    0x23,0x23,0x23,0x23,0x1f,0x1f,0x2f,0x2f,0x1c,0x1c,0x16,0x16,0x1a,0x1a,0x16,0x16,
    0x0c,0x0c,0x0c,0x0c,0x0e,0x0e,0x0f,0x0f,0x17,0x17,0x1e,0x1e,0x0f,0x0f,0x0b,0x0b,
    0x06,0x06,0x03,0x03,0x03,0x03,0x06,0x06,0x0c,0x0c,0x06,0x06,0x06,0x06,0x03,0x03,
    0x03,0x03,0x01,0x01,0x01,0x01,0x01,0x01,0x01,0x01,0x04,0x04,0x0e,0x0e,0x0c,0x0c,
    0x0e,0x0e,0x0e,0x0e,0x0e,0x0e,0x12,0x12,0x0f,0x0f,0x0c,0x0c,0x0f,0x0f,0x1a,0x1a,
    0x19,0x19,0x25,0x25,0x23,0x23,0x23,0x23,0x2c,0x2c,0x28,0x28,0x2b,0x2b,0x28,0x28,
    0x2b,0x2b,0x2b,0x2b,0x28,0x28,0x22,0x22,0x16,0x16,0x16,0x16,0x20,0x20,0x2c,0x2c,
    0x2c,0x2c,0x23,0x23,0x25,0x25,0x25,0x25,0x2c,0x2c,0x2b,0x2b,0x1f,0x1f,0x16,0x16,
    0x23,0x23,0x23,0x23,0x23,0x23,0x23,0x23,0x23,0x23,0x21,0x21,0x21,0x21,0x23,0x23,
    0x25,0x25,0x1d,0x1d,0x15,0x15,0x0a,0x0a,0x0a,0x0a,0x0a,0x0a,0x0a,0x0a,0x0d,0x0d,
    0x0a,0x0a,0x0a,0x0a,0x0a,0x0a,0x0a,0x0a,0x11,0x11,0x19,0x19,0x0d,0x0d,0x09,0x09,
    0x09,0x09,0x05,0x05,0x05,0x05,0x02,0x02,0x02,0x02,0x05,0x05,0x05,0x05,0x05,0x05,
    0x00,0x00,0x00,0x00,0x00,0x00,0x00,0x00,0x00,0x00,0x02,0x02,0x00,0x00,0x05,0x05,
    0x05,0x05,0x00,0x00,0x02,0x02,0x08,0x08,0x10,0x10,0x1b,0x1b,0x27,0x27,0x23,0x23,
    0x25,0x25,0x23,0x23,0x27,0x27,0x2c,0x2c,0x1c,0x1c,0x13,0x13,0x14,0x14,0x0d,0x0d,
    0x09,0x09,0x05,0x05,0x04,0x04,0x08,0x08,0x05,0x05,0x12,0x12,0x18,0x18,0x0f,0x0f,
    0x15,0x15,0x12,0x12,0x17,0x17,0x12,0x12,0x05,0x05,0x10,0x10,0x16,0x16,0x15,0x15,
    0x1b,0x1b,0x1f,0x1f,0x25,0x25,0x16,0x16,0x17,0x17,0x17,0x17,0x19,0x19,0x20,0x20,
    0x23,0x23,0x23,0x23,0x23,0x23,0x23,0x23,0x25,0x25,0x27,0x27,0x27,0x27,0x2b,0x2b,
    0x23,0x23,0x27,0x27,0x25,0x25,0x23,0x23,0x27,0x27,0x23,0x23,0x20,0x20,0x23,0x23,
    0x23,0x23,0x20,0x20,0x22,0x22,0x23,0x23,0x2c,0x2c,0x17,0x17,0x17,0x17,0x1d,0x1d,
    0x14,0x14,0x17,0x17,0x1f,0x1f,0x25,0x25,0x1a,0x1a,0x12,0x12,0x16,0x16,0x17,0x17,
    0x1b,0x1b,0x19,0x19,0x2e,0x2e,0x2b,0x2b,0x25,0x25,0x2f,0x2f,0x18,0x18,0x12,0x12,
    0x16,0x16,0x0e,0x0e,0x0e,0x0e,0x0b,0x0b,0x06,0x06,0x07,0x07,0x0e,0x0e,0x0e,0x0e,
    0x0e,0x0e,0x03,0x03,0x03,0x03,0x03,0x03,0x06,0x06,0x06,0x06,0x06,0x06,0x0b,0x0b,
    0x07,0x07,0x0b,0x0b,0x0c,0x0c,0x09,0x09,0x05,0x05,0x07,0x07,0x09,0x09,0x14,0x14,
    0x1c,0x1c,0x11,0x11,0x0e,0x0e,0x18,0x18,0x2e,0x2e,0x2f,0x2f,0x2b,0x2b,0x28,0x28,
    0x19,0x19,0x1e,0x1e,0x24,0x24,0x1c,0x1c,0x15,0x15,0x16,0x16,0x11,0x11,0x05,0x05,
    0x0a,0x0a,0x13,0x13,0x16,0x16,0x13,0x13,0x10,0x10,0x15,0x15,0x15,0x15,0x2c,0x2c,
    0x2f,0x2f,0x19,0x19,0x18,0x18,0x09,0x09,0x05,0x05,0x0d,0x0d,0x0a,0x0a,0x15,0x15,
    0x1f,0x1f,0x23,0x23,0x0d,0x0d,0x12,0x12,0x1b,0x1b,0x20,0x20,0x2e,0x2e,0x25,0x25,
    0x2b,0x2b,0x25,0x25,0x28,0x28,0x2b,0x2b,0x25,0x25,0x28,0x28,0x28,0x28,0x27,0x27,
    0x23,0x23,0x23,0x23,0x1f,0x1f,0x2f,0x2f,0x1c,0x1c,0x16,0x16,0x1a,0x1a,0x16,0x16,
    0x0c,0x0c,0x0c,0x0c,0x0e,0x0e,0x0f,0x0f,0x17,0x17,0x1e,0x1e,0x0f,0x0f,0x0b,0x0b,
    0x06,0x06,0x03,0x03,0x03,0x03,0x06,0x06,0x0c,0x0c,0x06,0x06,0x06,0x06,0x03,0x03,
    0x03,0x03,0x01,0x01,0x01,0x01,0x01,0x01,0x01,0x01,0x04,0x04,0x0e,0x0e,0x0c,0x0c,
    0x0e,0x0e,0x0e,0x0e,0x0e,0x0e,0x12,0x12,0x0f,0x0f,0x0c,0x0c,0x0f,0x0f,0x1a,0x1a,
    0x19,0x19,0x25,0x25,0x23,0x23,0x23,0x23,0x2c,0x2c,0x28,0x28,0x2b,0x2b,0x28,0x28,
    0x2b,0x2b,0x2b,0x2b,0x28,0x28,0x22,0x22,0x16,0x16,0x16,0x16,0x20,0x20,0x2c,0x2c,
    0x2c,0x2c,0x23,0x23,0x25,0x25,0x25,0x25,0x2c,0x2c,0x2b,0x2b,0x1f,0x1f,0x16,0x16,
    0x23,0x23,0x23,0x23,0x23,0x23,0x23,0x23,0x23,0x23,0x21,0x21,0x21,0x21,0x23,0x23,
    0x25,0x25,0x1d,0x1d,0x15,0x15,0x0a,0x0a,0x0a,0x0a,0x0a,0x0a,0x0a,0x0a,0x0d,0x0d,
    0x0a,0x0a,0x0a,0x0a,0x0a,0x0a,0x0a,0x0a,0x11,0x11,0x19,0x19,0x0d,0x0d,0x09,0x09,
    0x09,0x09,0x05,0x05,0x05,0x05,0x02,0x02,0x02,0x02,0x05,0x05,0x05,0x05,0x05,0x05,
    0x00,0x00,0x00,0x00,0x00,0x00,0x00,0x00,0x00,0x00,0x02,0x02,0x00,0x00,0x05,0x05,
    0x05,0x05,0x00,0x00,0x02,0x02,0x08,0x08,0x10,0x10,0x1b,0x1b,0x27,0x27,0x23,0x23,
    0x25,0x25,0x23,0x23,0x27,0x27,0x2c,0x2c,0x1c,0x1c,0x13,0x13,0x14,0x14,0x0d,0x0d,
    0x09,0x09,0x05,0x05,0x04,0x04,0x08,0x08,0x05,0x05,0x12,0x12,0x18,0x18,0x0f,0x0f,
    0x15,0x15,0x12,0x12,0x17,0x17,0x12,0x12,0x05,0x05,0x10,0x10,0x16,0x16,0x15,0x15,
    0x1b,0x1b,0x1f,0x1f,0x25,0x25,0x16,0x16,0x17,0x17,0x17,0x17,0x19,0x19,0x20,0x20,
    0x23,0x23,0x23,0x23,0x23,0x23,0x23,0x23,0x25,0x25,0x27,0x27,0x27,0x27,0x2b,0x2b,
    0x23,0x23,0x27,0x27,0x25,0x25,0x23,0x23,0x27,0x27,0x23,0x23,0x20,0x20,0x23,0x23,
    0x23,0x23,0x20,0x20,0x22,0x22,0x23,0x23,0x2c,0x2c,0x17,0x17,0x17,0x17,0x1d,0x1d,
    0x14,0x14,0x17,0x17,0x1f,0x1f,0x25,0x25,0x1a,0x1a,0x12,0x12,0x16,0x16,0x17,0x17,
    0x1b,0x1b,0x19,0x19,0x2e,0x2e,0x2b,0x2b,0x25,0x25,0x2f,0x2f,0x18,0x18,0x12,0x12,
    0x16,0x16,0x0e,0x0e,0x0e,0x0e,0x0b,0x0b,0x06,0x06,0x07,0x07,0x0e,0x0e,0x0e,0x0e,
    0x0e,0x0e,0x03,0x03,0x03,0x03,0x03,0x03,0x06,0x06,0x06,0x06,0x06,0x06,0x0b,0x0b,
    0x0e,0x0e,0x0b,0x0b,0x09,0x09,0x09,0x09,0x05,0x05,0x04,0x04,0x08,0x08,0x0d,0x0d,
    0x12,0x12,0x09,0x09,0x0a,0x0a,0x16,0x16,0x1a,0x1a,0x2c,0x2c,0x23,0x23,0x2e,0x2e,
    0x18,0x18,0x18,0x18,0x19,0x19,0x15,0x15,0x10,0x10,0x0a,0x0a,0x0a,0x0a,0x09,0x09,
    0x11,0x11,0x19,0x19,0x1a,0x1a,0x1e,0x1e,0x0a,0x0a,0x11,0x11,0x26,0x26,0x2f,0x2f,
    0x18,0x18,0x13,0x13,0x0a,0x0a,0x02,0x02,0x05,0x05,0x11,0x11,0x1a,0x1a,0x1d,0x1d,
    0x25,0x25,0x23,0x23,0x1e,0x1e,0x19,0x19,0x15,0x15,0x20,0x20,0x2c,0x2c,0x25,0x25,
    0x2b,0x2b,0x28,0x28,0x28,0x28,0x2b,0x2b,0x28,0x28,0x2b,0x2b,0x27,0x27,0x23,0x23,
    0x28,0x28,0x23,0x23,0x23,0x23,0x1b,0x1b,0x18,0x18,0x0e,0x0e,0x12,0x12,0x0e,0x0e,
    0x0c,0x0c,0x0e,0x0e,0x0f,0x0f,0x1b,0x1b,0x1a,0x1a,0x1e,0x1e,0x0f,0x0f,0x0f,0x0f,
    0x0c,0x0c,0x0b,0x0b,0x03,0x03,0x01,0x01,0x03,0x03,0x03,0x03,0x03,0x03,0x03,0x03,
    0x03,0x03,0x01,0x01,0x01,0x01,0x01,0x01,0x01,0x01,0x01,0x01,0x04,0x04,0x04,0x04,
    0x07,0x07,0x0e,0x0e,0x18,0x18,0x11,0x11,0x0c,0x0c,0x0e,0x0e,0x16,0x16,0x16,0x16,
    0x1e,0x1e,0x2b,0x2b,0x28,0x28,0x2c,0x2c,0x25,0x25,0x2c,0x2c,0x25,0x25,0x28,0x28,
    0x2c,0x2c,0x2b,0x2b,0x2b,0x2b,0x1f,0x1f,0x1d,0x1d,0x1c,0x1c,0x12,0x12,0x1b,0x1b,
    0x16,0x16,0x1c,0x1c,0x1b,0x1b,0x1e,0x1e,0x1a,0x1a,0x1a,0x1a,0x1e,0x1e,0x23,0x23,
    0x23,0x23,0x23,0x23,0x23,0x23,0x25,0x25,0x1e,0x1e,0x18,0x18,0x18,0x18,0x1c,0x1c,
    0x2e,0x2e,0x1a,0x1a,0x16,0x16,0x12,0x12,0x11,0x11,0x13,0x13,0x0a,0x0a,0x0d,0x0d,
    0x11,0x11,0x13,0x13,0x10,0x10,0x09,0x09,0x08,0x08,0x10,0x10,0x0d,0x0d,0x09,0x09,
    0x08,0x08,0x09,0x09,0x05,0x05,0x09,0x09,0x05,0x05,0x08,0x08,0x08,0x08,0x05,0x05,
    0x02,0x02,0x02,0x02,0x00,0x00,0x00,0x00,0x00,0x00,0x00,0x00,0x00,0x00,0x05,0x05,
    0x05,0x05,0x00,0x00,0x04,0x04,0x08,0x08,0x0d,0x0d,0x1b,0x1b,0x2c,0x2c,0x25,0x25,
    0x2c,0x2c,0x25,0x25,0x25,0x25,0x23,0x23,0x25,0x25,0x18,0x18,0x0d,0x0d,0x0d,0x0d,
    0x0b,0x0b,0x04,0x04,0x04,0x04,0x04,0x04,0x05,0x05,0x10,0x10,0x17,0x17,0x15,0x15,
    0x08,0x08,0x08,0x08,0x11,0x11,0x08,0x08,0x04,0x04,0x09,0x09,0x0e,0x0e,0x14,0x14,
    0x10,0x10,0x12,0x12,0x1a,0x1a,0x1f,0x1f,0x16,0x16,0x1f,0x1f,0x23,0x23,0x20,0x20,
    0x23,0x23,0x23,0x23,0x23,0x23,0x23,0x23,0x27,0x27,0x27,0x27,0x2b,0x2b,0x23,0x23,
    0x27,0x27,0x27,0x27,0x25,0x25,0x23,0x23,0x23,0x23,0x22,0x22,0x23,0x23,0x23,0x23,
    0x23,0x23,0x23,0x23,0x2b,0x2b,0x23,0x23,0x23,0x23,0x25,0x25,0x18,0x18,0x16,0x16,
    0x29,0x29,0x1d,0x1d,0x25,0x25,0x25,0x25,0x17,0x17,0x1c,0x1c,0x2b,0x2b,0x16,0x16,
    0x18,0x18,0x1d,0x1d,0x2b,0x2b,0x27,0x27,0x2b,0x2b,0x2f,0x2f,0x1a,0x1a,0x0b,0x0b,
    0x12,0x12,0x18,0x18,0x0e,0x0e,0x0f,0x0f,0x12,0x12,0x07,0x07,0x0c,0x0c,0x0f,0x0f,
    0x06,0x06,0x03,0x03,0x07,0x07,0x03,0x03,0x03,0x03,0x03,0x03,0x06,0x06,0x0c,0x0c,
    0x0e,0x0e,0x0b,0x0b,0x09,0x09,0x09,0x09,0x05,0x05,0x04,0x04,0x08,0x08,0x0d,0x0d,
    0x12,0x12,0x09,0x09,0x0a,0x0a,0x16,0x16,0x1a,0x1a,0x2c,0x2c,0x23,0x23,0x2e,0x2e,
    0x18,0x18,0x18,0x18,0x19,0x19,0x15,0x15,0x10,0x10,0x0a,0x0a,0x0a,0x0a,0x09,0x09,
    0x11,0x11,0x19,0x19,0x1a,0x1a,0x1e,0x1e,0x0a,0x0a,0x11,0x11,0x26,0x26,0x2f,0x2f,
    0x18,0x18,0x13,0x13,0x0a,0x0a,0x02,0x02,0x05,0x05,0x11,0x11,0x1a,0x1a,0x1d,0x1d,
    0x25,0x25,0x23,0x23,0x1e,0x1e,0x19,0x19,0x15,0x15,0x20,0x20,0x2c,0x2c,0x25,0x25,
    0x2b,0x2b,0x28,0x28,0x28,0x28,0x2b,0x2b,0x28,0x28,0x2b,0x2b,0x27,0x27,0x23,0x23,
    0x28,0x28,0x23,0x23,0x23,0x23,0x1b,0x1b,0x18,0x18,0x0e,0x0e,0x12,0x12,0x0e,0x0e,
    0x0c,0x0c,0x0e,0x0e,0x0f,0x0f,0x1b,0x1b,0x1a,0x1a,0x1e,0x1e,0x0f,0x0f,0x0f,0x0f,
    0x0c,0x0c,0x0b,0x0b,0x03,0x03,0x01,0x01,0x03,0x03,0x03,0x03,0x03,0x03,0x03,0x03,
    0x03,0x03,0x01,0x01,0x01,0x01,0x01,0x01,0x01,0x01,0x01,0x01,0x04,0x04,0x04,0x04,
    0x07,0x07,0x0e,0x0e,0x18,0x18,0x11,0x11,0x0c,0x0c,0x0e,0x0e,0x16,0x16,0x16,0x16,
    0x1e,0x1e,0x2b,0x2b,0x28,0x28,0x2c,0x2c,0x25,0x25,0x2c,0x2c,0x25,0x25,0x28,0x28,
    0x2c,0x2c,0x2b,0x2b,0x2b,0x2b,0x1f,0x1f,0x1d,0x1d,0x1c,0x1c,0x12,0x12,0x1b,0x1b,
    0x16,0x16,0x1c,0x1c,0x1b,0x1b,0x1e,0x1e,0x1a,0x1a,0x1a,0x1a,0x1e,0x1e,0x23,0x23,
    0x23,0x23,0x23,0x23,0x23,0x23,0x25,0x25,0x1e,0x1e,0x18,0x18,0x18,0x18,0x1c,0x1c,
    0x2e,0x2e,0x1a,0x1a,0x16,0x16,0x12,0x12,0x11,0x11,0x13,0x13,0x0a,0x0a,0x0d,0x0d,
    0x11,0x11,0x13,0x13,0x10,0x10,0x09,0x09,0x08,0x08,0x10,0x10,0x0d,0x0d,0x09,0x09,
    0x08,0x08,0x09,0x09,0x05,0x05,0x09,0x09,0x05,0x05,0x08,0x08,0x08,0x08,0x05,0x05,
    0x02,0x02,0x02,0x02,0x00,0x00,0x00,0x00,0x00,0x00,0x00,0x00,0x00,0x00,0x05,0x05,
    0x05,0x05,0x00,0x00,0x04,0x04,0x08,0x08,0x0d,0x0d,0x1b,0x1b,0x2c,0x2c,0x25,0x25,
    0x2c,0x2c,0x25,0x25,0x25,0x25,0x23,0x23,0x25,0x25,0x18,0x18,0x0d,0x0d,0x0d,0x0d,
    0x0b,0x0b,0x04,0x04,0x04,0x04,0x04,0x04,0x05,0x05,0x10,0x10,0x17,0x17,0x15,0x15,
    0x08,0x08,0x08,0x08,0x11,0x11,0x08,0x08,0x04,0x04,0x09,0x09,0x0e,0x0e,0x14,0x14,
    0x10,0x10,0x12,0x12,0x1a,0x1a,0x1f,0x1f,0x16,0x16,0x1f,0x1f,0x23,0x23,0x20,0x20,
    0x23,0x23,0x23,0x23,0x23,0x23,0x23,0x23,0x27,0x27,0x27,0x27,0x2b,0x2b,0x23,0x23,
    0x27,0x27,0x27,0x27,0x25,0x25,0x23,0x23,0x23,0x23,0x22,0x22,0x23,0x23,0x23,0x23,
    0x23,0x23,0x23,0x23,0x2b,0x2b,0x23,0x23,0x23,0x23,0x25,0x25,0x18,0x18,0x16,0x16,
    0x29,0x29,0x1d,0x1d,0x25,0x25,0x25,0x25,0x17,0x17,0x1c,0x1c,0x2b,0x2b,0x16,0x16,
    0x18,0x18,0x1d,0x1d,0x2b,0x2b,0x27,0x27,0x2b,0x2b,0x2f,0x2f,0x1a,0x1a,0x0b,0x0b,
    0x12,0x12,0x18,0x18,0x0e,0x0e,0x0f,0x0f,0x12,0x12,0x07,0x07,0x0c,0x0c,0x0f,0x0f,
    0x06,0x06,0x03,0x03,0x07,0x07,0x03,0x03,0x03,0x03,0x03,0x03,0x06,0x06,0x0c,0x0c,
    0x0b,0x0b,0x08,0x08,0x08,0x08,0x07,0x07,0x04,0x04,0x02,0x02,0x05,0x05,0x05,0x05,
    0x08,0x08,0x05,0x05,0x0a,0x0a,0x0f,0x0f,0x17,0x17,0x1c,0x1c,0x1c,0x1c,0x2a,0x2a,
    0x1d,0x1d,0x20,0x20,0x19,0x19,0x11,0x11,0x10,0x10,0x0d,0x0d,0x10,0x10,0x18,0x18,
    0x13,0x13,0x1e,0x1e,0x20,0x20,0x11,0x11,0x15,0x15,0x13,0x13,0x20,0x20,0x2e,0x2e,
    0x12,0x12,0x12,0x12,0x0a,0x0a,0x05,0x05,0x05,0x05,0x0d,0x0d,0x1e,0x1e,0x25,0x25,
    0x20,0x20,0x2b,0x2b,0x2e,0x2e,0x1e,0x1e,0x1e,0x1e,0x2e,0x2e,0x28,0x28,0x2c,0x2c,
    0x25,0x25,0x28,0x28,0x25,0x25,0x2b,0x2b,0x25,0x25,0x25,0x25,0x23,0x23,0x2c,0x2c,
    0x23,0x23,0x23,0x23,0x1f,0x1f,0x17,0x17,0x16,0x16,0x0f,0x0f,0x0f,0x0f,0x0e,0x0e,
    0x0c,0x0c,0x0e,0x0e,0x0b,0x0b,0x0e,0x0e,0x16,0x16,0x1d,0x1d,0x1b,0x1b,0x16,0x16,
    0x0f,0x0f,0x06,0x06,0x03,0x03,0x01,0x01,0x01,0x01,0x03,0x03,0x03,0x03,0x06,0x06,
    0x07,0x07,0x03,0x03,0x03,0x03,0x06,0x06,0x03,0x03,0x01,0x01,0x03,0x03,0x04,0x04,
    0x05,0x05,0x0e,0x0e,0x12,0x12,0x0d,0x0d,0x09,0x09,0x14,0x14,0x1b,0x1b,0x1c,0x1c,
    0x23,0x23,0x2b,0x2b,0x2c,0x2c,0x2b,0x2b,0x2b,0x2b,0x28,0x28,0x2c,0x2c,0x23,0x23,
    0x1f,0x1f,0x26,0x26,0x23,0x23,0x23,0x23,0x23,0x23,0x1e,0x1e,0x11,0x11,0x13,0x13,
    0x0d,0x0d,0x18,0x18,0x16,0x16,0x20,0x20,0x17,0x17,0x11,0x11,0x1c,0x1c,0x16,0x16,
    0x1d,0x1d,0x25,0x25,0x23,0x23,0x23,0x23,0x27,0x27,0x15,0x15,0x15,0x15,0x22,0x22,
    0x25,0x25,0x1d,0x1d,0x1b,0x1b,0x19,0x19,0x19,0x19,0x1a,0x1a,0x0a,0x0a,0x0d,0x0d,
    0x18,0x18,0x16,0x16,0x0d,0x0d,0x0a,0x0a,0x0a,0x0a,0x05,0x05,0x09,0x09,0x09,0x09,
    0x09,0x09,0x0a,0x0a,0x0a,0x0a,0x0a,0x0a,0x0a,0x0a,0x08,0x08,0x09,0x09,0x05,0x05,
    0x02,0x02,0x02,0x02,0x00,0x00,0x00,0x00,0x00,0x00,0x00,0x00,0x05,0x05,0x08,0x08,
    0x09,0x09,0x05,0x05,0x05,0x05,0x05,0x05,0x0d,0x0d,0x18,0x18,0x18,0x18,0x29,0x29,
    0x20,0x20,0x2e,0x2e,0x22,0x22,0x20,0x20,0x26,0x26,0x17,0x17,0x16,0x16,0x11,0x11,
    0x12,0x12,0x04,0x04,0x02,0x02,0x01,0x01,0x04,0x04,0x09,0x09,0x0e,0x0e,0x11,0x11,
    0x04,0x04,0x05,0x05,0x0d,0x0d,0x04,0x04,0x02,0x02,0x05,0x05,0x05,0x05,0x14,0x14,
    0x12,0x12,0x18,0x18,0x1c,0x1c,0x1b,0x1b,0x1f,0x1f,0x28,0x28,0x23,0x23,0x23,0x23,
    0x23,0x23,0x23,0x23,0x23,0x23,0x23,0x23,0x23,0x23,0x2c,0x2c,0x2b,0x2b,0x27,0x27,
    0x28,0x28,0x2b,0x2b,0x27,0x27,0x27,0x27,0x22,0x22,0x2c,0x2c,0x1f,0x1f,0x22,0x22,
    0x23,0x23,0x23,0x23,0x1d,0x1d,0x1f,0x1f,0x2c,0x2c,0x23,0x23,0x1d,0x1d,0x1e,0x1e,
    0x23,0x23,0x1f,0x1f,0x23,0x23,0x16,0x16,0x16,0x16,0x17,0x17,0x2c,0x2c,0x1c,0x1c,
    0x20,0x20,0x22,0x22,0x2a,0x2a,0x23,0x23,0x1b,0x1b,0x14,0x14,0x1f,0x1f,0x0f,0x0f,
    0x17,0x17,0x12,0x12,0x0f,0x0f,0x14,0x14,0x14,0x14,0x0b,0x0b,0x0b,0x0b,0x0f,0x0f,
    0x06,0x06,0x06,0x06,0x12,0x12,0x06,0x06,0x01,0x01,0x01,0x01,0x0b,0x0b,0x0f,0x0f,
    0x0b,0x0b,0x08,0x08,0x08,0x08,0x07,0x07,0x04,0x04,0x02,0x02,0x05,0x05,0x05,0x05,
    0x08,0x08,0x05,0x05,0x0a,0x0a,0x0f,0x0f,0x17,0x17,0x1c,0x1c,0x1c,0x1c,0x2a,0x2a,
    0x1d,0x1d,0x20,0x20,0x19,0x19,0x11,0x11,0x10,0x10,0x0d,0x0d,0x10,0x10,0x18,0x18,
    0x13,0x13,0x1e,0x1e,0x20,0x20,0x11,0x11,0x15,0x15,0x13,0x13,0x20,0x20,0x2e,0x2e,
    0x12,0x12,0x12,0x12,0x0a,0x0a,0x05,0x05,0x05,0x05,0x0d,0x0d,0x1e,0x1e,0x25,0x25,
    0x20,0x20,0x2b,0x2b,0x2e,0x2e,0x1e,0x1e,0x1e,0x1e,0x2e,0x2e,0x28,0x28,0x2c,0x2c,
    0x25,0x25,0x28,0x28,0x25,0x25,0x2b,0x2b,0x25,0x25,0x25,0x25,0x23,0x23,0x2c,0x2c,
    0x23,0x23,0x23,0x23,0x1f,0x1f,0x17,0x17,0x16,0x16,0x0f,0x0f,0x0f,0x0f,0x0e,0x0e,
    0x0c,0x0c,0x0e,0x0e,0x0b,0x0b,0x0e,0x0e,0x16,0x16,0x1d,0x1d,0x1b,0x1b,0x16,0x16,
    0x0f,0x0f,0x06,0x06,0x03,0x03,0x01,0x01,0x01,0x01,0x03,0x03,0x03,0x03,0x06,0x06,
    0x07,0x07,0x03,0x03,0x03,0x03,0x06,0x06,0x03,0x03,0x01,0x01,0x03,0x03,0x04,0x04,
    0x05,0x05,0x0e,0x0e,0x12,0x12,0x0d,0x0d,0x09,0x09,0x14,0x14,0x1b,0x1b,0x1c,0x1c,
    0x23,0x23,0x2b,0x2b,0x2c,0x2c,0x2b,0x2b,0x2b,0x2b,0x28,0x28,0x2c,0x2c,0x23,0x23,
    0x1f,0x1f,0x26,0x26,0x23,0x23,0x23,0x23,0x23,0x23,0x1e,0x1e,0x11,0x11,0x13,0x13,
    0x0d,0x0d,0x18,0x18,0x16,0x16,0x20,0x20,0x17,0x17,0x11,0x11,0x1c,0x1c,0x16,0x16,
    0x1d,0x1d,0x25,0x25,0x23,0x23,0x23,0x23,0x27,0x27,0x15,0x15,0x15,0x15,0x22,0x22,
    0x25,0x25,0x1d,0x1d,0x1b,0x1b,0x19,0x19,0x19,0x19,0x1a,0x1a,0x0a,0x0a,0x0d,0x0d,
    0x18,0x18,0x16,0x16,0x0d,0x0d,0x0a,0x0a,0x0a,0x0a,0x05,0x05,0x09,0x09,0x09,0x09,
    0x09,0x09,0x0a,0x0a,0x0a,0x0a,0x0a,0x0a,0x0a,0x0a,0x08,0x08,0x09,0x09,0x05,0x05,
    0x02,0x02,0x02,0x02,0x00,0x00,0x00,0x00,0x00,0x00,0x00,0x00,0x05,0x05,0x08,0x08,
    0x09,0x09,0x05,0x05,0x05,0x05,0x05,0x05,0x0d,0x0d,0x18,0x18,0x18,0x18,0x29,0x29,
    0x20,0x20,0x2e,0x2e,0x22,0x22,0x20,0x20,0x26,0x26,0x17,0x17,0x16,0x16,0x11,0x11,
    0x12,0x12,0x04,0x04,0x02,0x02,0x01,0x01,0x04,0x04,0x09,0x09,0x0e,0x0e,0x11,0x11,
    0x04,0x04,0x05,0x05,0x0d,0x0d,0x04,0x04,0x02,0x02,0x05,0x05,0x05,0x05,0x14,0x14,
    0x12,0x12,0x18,0x18,0x1c,0x1c,0x1b,0x1b,0x1f,0x1f,0x28,0x28,0x23,0x23,0x23,0x23,
    0x23,0x23,0x23,0x23,0x23,0x23,0x23,0x23,0x23,0x23,0x2c,0x2c,0x2b,0x2b,0x27,0x27,
    0x28,0x28,0x2b,0x2b,0x27,0x27,0x27,0x27,0x22,0x22,0x2c,0x2c,0x1f,0x1f,0x22,0x22,
    0x23,0x23,0x23,0x23,0x1d,0x1d,0x1f,0x1f,0x2c,0x2c,0x23,0x23,0x1d,0x1d,0x1e,0x1e,
    0x23,0x23,0x1f,0x1f,0x23,0x23,0x16,0x16,0x16,0x16,0x17,0x17,0x2c,0x2c,0x1c,0x1c,
    0x20,0x20,0x22,0x22,0x2a,0x2a,0x23,0x23,0x1b,0x1b,0x14,0x14,0x1f,0x1f,0x0f,0x0f,
    0x17,0x17,0x12,0x12,0x0f,0x0f,0x14,0x14,0x14,0x14,0x0b,0x0b,0x0b,0x0b,0x0f,0x0f,
    0x06,0x06,0x06,0x06,0x12,0x12,0x06,0x06,0x01,0x01,0x01,0x01,0x0b,0x0b,0x0f,0x0f,
    0x03,0x03,0x02,0x02,0x02,0x02,0x01,0x01,0x04,0x04,0x07,0x07,0x04,0x04,0x04,0x04,
    0x0a,0x0a,0x04,0x04,0x08,0x08,0x0d,0x0d,0x0c,0x0c,0x16,0x16,0x2e,0x2e,0x23,0x23,
    0x2c,0x2c,0x16,0x16,0x1c,0x1c,0x13,0x13,0x10,0x10,0x11,0x11,0x15,0x15,0x1e,0x1e,
    0x1d,0x1d,0x2b,0x2b,0x22,0x22,0x15,0x15,0x1a,0x1a,0x18,0x18,0x1f,0x1f,0x1e,0x1e,
    0x1c,0x1c,0x1a,0x1a,0x13,0x13,0x0a,0x0a,0x05,0x05,0x05,0x05,0x10,0x10,0x1a,0x1a,
    0x1a,0x1a,0x2e,0x2e,0x23,0x23,0x2b,0x2b,0x2c,0x2c,0x2b,0x2b,0x23,0x23,0x1f,0x1f,
    0x20,0x20,0x2b,0x2b,0x25,0x25,0x2b,0x2b,0x23,0x23,0x23,0x23,0x22,0x22,0x1b,0x1b,
    0x2e,0x2e,0x2c,0x2c,0x23,0x23,0x2c,0x2c,0x18,0x18,0x1a,0x1a,0x16,0x16,0x0c,0x0c,
    0x16,0x16,0x12,0x12,0x0f,0x0f,0x1b,0x1b,0x1d,0x1d,0x14,0x14,0x1d,0x1d,0x14,0x14,
    0x06,0x06,0x06,0x06,0x03,0x03,0x03,0x03,0x01,0x01,0x03,0x03,0x06,0x06,0x0c,0x0c,
    0x1b,0x1b,0x0c,0x0c,0x06,0x06,0x0e,0x0e,0x06,0x06,0x04,0x04,0x03,0x03,0x01,0x01,
    0x08,0x08,0x09,0x09,0x14,0x14,0x15,0x15,0x0d,0x0d,0x16,0x16,0x19,0x19,0x1c,0x1c,
    0x2e,0x2e,0x2e,0x2e,0x1f,0x1f,0x1f,0x1f,0x2c,0x2c,0x2f,0x2f,0x1d,0x1d,0x1c,0x1c,
    0x17,0x17,0x1f,0x1f,0x25,0x25,0x25,0x25,0x1a,0x1a,0x18,0x18,0x0e,0x0e,0x0d,0x0d,
    0x0d,0x0d,0x0e,0x0e,0x17,0x17,0x15,0x15,0x11,0x11,0x0e,0x0e,0x11,0x11,0x19,0x19,
    0x18,0x18,0x2c,0x2c,0x27,0x27,0x23,0x23,0x23,0x23,0x1d,0x1d,0x27,0x27,0x2b,0x2b,
    0x15,0x15,0x18,0x18,0x2f,0x2f,0x1c,0x1c,0x16,0x16,0x16,0x16,0x13,0x13,0x10,0x10,
    0x1b,0x1b,0x20,0x20,0x19,0x19,0x15,0x15,0x0d,0x0d,0x05,0x05,0x09,0x09,0x09,0x09,
    0x0a,0x0a,0x0a,0x0a,0x09,0x09,0x0a,0x0a,0x0a,0x0a,0x10,0x10,0x09,0x09,0x09,0x09,
    0x05,0x05,0x05,0x05,0x00,0x00,0x00,0x00,0x00,0x00,0x01,0x01,0x02,0x02,0x08,0x08,
    0x05,0x05,0x08,0x08,0x09,0x09,0x11,0x11,0x1a,0x1a,0x12,0x12,0x0f,0x0f,0x0e,0x0e,
    0x18,0x18,0x1c,0x1c,0x16,0x16,0x1c,0x1c,0x1c,0x1c,0x0f,0x0f,0x0d,0x0d,0x19,0x19,
    0x0e,0x0e,0x07,0x07,0x08,0x08,0x01,0x01,0x01,0x01,0x04,0x04,0x09,0x09,0x02,0x02,
    0x01,0x01,0x07,0x07,0x04,0x04,0x02,0x02,0x04,0x04,0x08,0x08,0x04,0x04,0x0e,0x0e,
    0x12,0x12,0x11,0x11,0x18,0x18,0x19,0x19,0x1c,0x1c,0x2c,0x2c,0x23,0x23,0x23,0x23,
    0x23,0x23,0x25,0x25,0x22,0x22,0x23,0x23,0x23,0x23,0x1e,0x1e,0x28,0x28,0x27,0x27,
    0x2b,0x2b,0x2b,0x2b,0x23,0x23,0x23,0x23,0x23,0x23,0x1c,0x1c,0x15,0x15,0x1a,0x1a,
    0x1f,0x1f,0x27,0x27,0x17,0x17,0x1d,0x1d,0x1b,0x1b,0x25,0x25,0x2c,0x2c,0x2c,0x2c,
    0x1e,0x1e,0x16,0x16,0x17,0x17,0x12,0x12,0x16,0x16,0x20,0x20,0x20,0x20,0x2c,0x2c,
    0x2b,0x2b,0x2b,0x2b,0x2c,0x2c,0x1a,0x1a,0x18,0x18,0x0f,0x0f,0x1a,0x1a,0x16,0x16,
    0x16,0x16,0x14,0x14,0x14,0x14,0x16,0x16,0x18,0x18,0x0c,0x0c,0x0b,0x0b,0x07,0x07,
    0x0e,0x0e,0x0f,0x0f,0x0c,0x0c,0x0b,0x0b,0x07,0x07,0x01,0x01,0x03,0x03,0x03,0x03,
    0x03,0x03,0x02,0x02,0x02,0x02,0x01,0x01,0x04,0x04,0x07,0x07,0x04,0x04,0x04,0x04,
    0x0a,0x0a,0x04,0x04,0x08,0x08,0x0d,0x0d,0x0c,0x0c,0x16,0x16,0x2e,0x2e,0x23,0x23,
    0x2c,0x2c,0x16,0x16,0x1c,0x1c,0x13,0x13,0x10,0x10,0x11,0x11,0x15,0x15,0x1e,0x1e,
    0x1d,0x1d,0x2b,0x2b,0x22,0x22,0x15,0x15,0x1a,0x1a,0x18,0x18,0x1f,0x1f,0x1e,0x1e,
    0x1c,0x1c,0x1a,0x1a,0x13,0x13,0x0a,0x0a,0x05,0x05,0x05,0x05,0x10,0x10,0x1a,0x1a,
    0x1a,0x1a,0x2e,0x2e,0x23,0x23,0x2b,0x2b,0x2c,0x2c,0x2b,0x2b,0x23,0x23,0x1f,0x1f,
    0x20,0x20,0x2b,0x2b,0x25,0x25,0x2b,0x2b,0x23,0x23,0x23,0x23,0x22,0x22,0x1b,0x1b,
    0x2e,0x2e,0x2c,0x2c,0x23,0x23,0x2c,0x2c,0x18,0x18,0x1a,0x1a,0x16,0x16,0x0c,0x0c,
    0x16,0x16,0x12,0x12,0x0f,0x0f,0x1b,0x1b,0x1d,0x1d,0x14,0x14,0x1d,0x1d,0x14,0x14,
    0x06,0x06,0x06,0x06,0x03,0x03,0x03,0x03,0x01,0x01,0x03,0x03,0x06,0x06,0x0c,0x0c,
    0x1b,0x1b,0x0c,0x0c,0x06,0x06,0x0e,0x0e,0x06,0x06,0x04,0x04,0x03,0x03,0x01,0x01,
    0x08,0x08,0x09,0x09,0x14,0x14,0x15,0x15,0x0d,0x0d,0x16,0x16,0x19,0x19,0x1c,0x1c,
    0x2e,0x2e,0x2e,0x2e,0x1f,0x1f,0x1f,0x1f,0x2c,0x2c,0x2f,0x2f,0x1d,0x1d,0x1c,0x1c,
    0x17,0x17,0x1f,0x1f,0x25,0x25,0x25,0x25,0x1a,0x1a,0x18,0x18,0x0e,0x0e,0x0d,0x0d,
    0x0d,0x0d,0x0e,0x0e,0x17,0x17,0x15,0x15,0x11,0x11,0x0e,0x0e,0x11,0x11,0x19,0x19,
    0x18,0x18,0x2c,0x2c,0x27,0x27,0x23,0x23,0x23,0x23,0x1d,0x1d,0x27,0x27,0x2b,0x2b,
    0x15,0x15,0x18,0x18,0x2f,0x2f,0x1c,0x1c,0x16,0x16,0x16,0x16,0x13,0x13,0x10,0x10,
    0x1b,0x1b,0x20,0x20,0x19,0x19,0x15,0x15,0x0d,0x0d,0x05,0x05,0x09,0x09,0x09,0x09,
    0x0a,0x0a,0x0a,0x0a,0x09,0x09,0x0a,0x0a,0x0a,0x0a,0x10,0x10,0x09,0x09,0x09,0x09,
    0x05,0x05,0x05,0x05,0x00,0x00,0x00,0x00,0x00,0x00,0x01,0x01,0x02,0x02,0x08,0x08,
    0x05,0x05,0x08,0x08,0x09,0x09,0x11,0x11,0x1a,0x1a,0x12,0x12,0x0f,0x0f,0x0e,0x0e,
    0x18,0x18,0x1c,0x1c,0x16,0x16,0x1c,0x1c,0x1c,0x1c,0x0f,0x0f,0x0d,0x0d,0x19,0x19,
    0x0e,0x0e,0x07,0x07,0x08,0x08,0x01,0x01,0x01,0x01,0x04,0x04,0x09,0x09,0x02,0x02,
    0x01,0x01,0x07,0x07,0x04,0x04,0x02,0x02,0x04,0x04,0x08,0x08,0x04,0x04,0x0e,0x0e,
    0x12,0x12,0x11,0x11,0x18,0x18,0x19,0x19,0x1c,0x1c,0x2c,0x2c,0x23,0x23,0x23,0x23,
    0x23,0x23,0x25,0x25,0x22,0x22,0x23,0x23,0x23,0x23,0x1e,0x1e,0x28,0x28,0x27,0x27,
    0x2b,0x2b,0x2b,0x2b,0x23,0x23,0x23,0x23,0x23,0x23,0x1c,0x1c,0x15,0x15,0x1a,0x1a,
    0x1f,0x1f,0x27,0x27,0x17,0x17,0x1d,0x1d,0x1b,0x1b,0x25,0x25,0x2c,0x2c,0x2c,0x2c,
    0x1e,0x1e,0x16,0x16,0x17,0x17,0x12,0x12,0x16,0x16,0x20,0x20,0x20,0x20,0x2c,0x2c,
    0x2b,0x2b,0x2b,0x2b,0x2c,0x2c,0x1a,0x1a,0x18,0x18,0x0f,0x0f,0x1a,0x1a,0x16,0x16,
    0x16,0x16,0x14,0x14,0x14,0x14,0x16,0x16,0x18,0x18,0x0c,0x0c,0x0b,0x0b,0x07,0x07,
    0x0e,0x0e,0x0f,0x0f,0x0c,0x0c,0x0b,0x0b,0x07,0x07,0x01,0x01,0x03,0x03,0x03,0x03,
    0x01,0x01,0x01,0x01,0x01,0x01,0x01,0x01,0x04,0x04,0x07,0x07,0x07,0x07,0x08,0x08,
    0x08,0x08,0x0d,0x0d,0x0d,0x0d,0x0d,0x0d,0x0b,0x0b,0x14,0x14,0x17,0x17,0x27,0x27,
    0x23,0x23,0x1c,0x1c,0x1c,0x1c,0x19,0x19,0x11,0x11,0x16,0x16,0x18,0x18,0x19,0x19,
    0x2c,0x2c,0x2b,0x2b,0x20,0x20,0x1a,0x1a,0x1e,0x1e,0x2c,0x2c,0x20,0x20,0x20,0x20,
    0x2c,0x2c,0x22,0x22,0x1a,0x1a,0x13,0x13,0x05,0x05,0x09,0x09,0x18,0x18,0x2d,0x2d,
    0x2b,0x2b,0x2e,0x2e,0x2b,0x2b,0x28,0x28,0x27,0x27,0x2c,0x2c,0x1d,0x1d,0x1a,0x1a,
    0x1e,0x1e,0x28,0x28,0x23,0x23,0x2b,0x2b,0x23,0x23,0x23,0x23,0x20,0x20,0x17,0x17,
    0x16,0x16,0x1a,0x1a,0x2b,0x2b,0x2c,0x2c,0x1a,0x1a,0x1a,0x1a,0x12,0x12,0x12,0x12,
    0x17,0x17,0x17,0x17,0x1f,0x1f,0x1d,0x1d,0x1b,0x1b,0x0f,0x0f,0x17,0x17,0x14,0x14,
    0x06,0x06,0x0b,0x0b,0x06,0x06,0x07,0x07,0x03,0x03,0x03,0x03,0x0b,0x0b,0x0f,0x0f,
    0x1d,0x1d,0x14,0x14,0x0c,0x0c,0x0e,0x0e,0x0b,0x0b,0x06,0x06,0x02,0x02,0x02,0x02,
    0x05,0x05,0x09,0x09,0x11,0x11,0x16,0x16,0x16,0x16,0x09,0x09,0x15,0x15,0x15,0x15,
    0x1e,0x1e,0x1f,0x1f,0x14,0x14,0x14,0x14,0x23,0x23,0x1d,0x1d,0x15,0x15,0x15,0x15,
    0x1a,0x1a,0x18,0x18,0x1b,0x1b,0x2c,0x2c,0x23,0x23,0x19,0x19,0x12,0x12,0x10,0x10,
    0x10,0x10,0x0d,0x0d,0x0d,0x0d,0x0a,0x0a,0x11,0x11,0x12,0x12,0x14,0x14,0x1e,0x1e,
    0x1c,0x1c,0x2c,0x2c,0x2a,0x2a,0x23,0x23,0x23,0x23,0x2b,0x2b,0x2e,0x2e,0x20,0x20,
    0x0a,0x0a,0x10,0x10,0x1e,0x1e,0x1c,0x1c,0x15,0x15,0x1e,0x1e,0x11,0x11,0x15,0x15,
    0x27,0x27,0x1e,0x1e,0x15,0x15,0x08,0x08,0x08,0x08,0x09,0x09,0x0a,0x0a,0x0d,0x0d,
    0x0d,0x0d,0x0a,0x0a,0x11,0x11,0x0a,0x0a,0x0a,0x0a,0x09,0x09,0x05,0x05,0x09,0x09,
    0x05,0x05,0x02,0x02,0x00,0x00,0x00,0x00,0x00,0x00,0x00,0x00,0x04,0x04,0x05,0x05,
    0x05,0x05,0x10,0x10,0x18,0x18,0x1b,0x1b,0x16,0x16,0x08,0x08,0x08,0x08,0x0d,0x0d,
    0x16,0x16,0x17,0x17,0x0f,0x0f,0x20,0x20,0x16,0x16,0x12,0x12,0x0e,0x0e,0x1a,0x1a,
    0x08,0x08,0x0e,0x0e,0x0a,0x0a,0x02,0x02,0x01,0x01,0x01,0x01,0x02,0x02,0x01,0x01,
    0x01,0x01,0x04,0x04,0x04,0x04,0x10,0x10,0x0a,0x0a,0x10,0x10,0x09,0x09,0x0e,0x0e,
    0x16,0x16,0x0e,0x0e,0x18,0x18,0x19,0x19,0x23,0x23,0x28,0x28,0x23,0x23,0x25,0x25,
    0x20,0x20,0x1b,0x1b,0x23,0x23,0x23,0x23,0x1e,0x1e,0x16,0x16,0x2c,0x2c,0x23,0x23,
    0x23,0x23,0x23,0x23,0x23,0x23,0x20,0x20,0x2c,0x2c,0x19,0x19,0x1b,0x1b,0x13,0x13,
    0x1c,0x1c,0x2c,0x2c,0x18,0x18,0x15,0x15,0x18,0x18,0x16,0x16,0x20,0x20,0x28,0x28,
    0x28,0x28,0x22,0x22,0x17,0x17,0x1c,0x1c,0x1b,0x1b,0x25,0x25,0x23,0x23,0x2a,0x2a,
    0x27,0x27,0x2b,0x2b,0x18,0x18,0x1a,0x1a,0x14,0x14,0x0f,0x0f,0x14,0x14,0x16,0x16,
    0x14,0x14,0x1b,0x1b,0x16,0x16,0x12,0x12,0x18,0x18,0x14,0x14,0x0b,0x0b,0x06,0x06,
    0x0b,0x0b,0x0b,0x0b,0x0c,0x0c,0x0b,0x0b,0x06,0x06,0x03,0x03,0x01,0x01,0x01,0x01,
    0x01,0x01,0x01,0x01,0x01,0x01,0x01,0x01,0x04,0x04,0x07,0x07,0x07,0x07,0x08,0x08,
    0x08,0x08,0x0d,0x0d,0x0d,0x0d,0x0d,0x0d,0x0b,0x0b,0x14,0x14,0x17,0x17,0x27,0x27,
    0x23,0x23,0x1c,0x1c,0x1c,0x1c,0x19,0x19,0x11,0x11,0x16,0x16,0x18,0x18,0x19,0x19,
    0x2c,0x2c,0x2b,0x2b,0x20,0x20,0x1a,0x1a,0x1e,0x1e,0x2c,0x2c,0x20,0x20,0x20,0x20,
    0x2c,0x2c,0x22,0x22,0x1a,0x1a,0x13,0x13,0x05,0x05,0x09,0x09,0x18,0x18,0x2d,0x2d,
    0x2b,0x2b,0x2e,0x2e,0x2b,0x2b,0x28,0x28,0x27,0x27,0x2c,0x2c,0x1d,0x1d,0x1a,0x1a,
    0x1e,0x1e,0x28,0x28,0x23,0x23,0x2b,0x2b,0x23,0x23,0x23,0x23,0x20,0x20,0x17,0x17,
    0x16,0x16,0x1a,0x1a,0x2b,0x2b,0x2c,0x2c,0x1a,0x1a,0x1a,0x1a,0x12,0x12,0x12,0x12,
    0x17,0x17,0x17,0x17,0x1f,0x1f,0x1d,0x1d,0x1b,0x1b,0x0f,0x0f,0x17,0x17,0x14,0x14,
    0x06,0x06,0x0b,0x0b,0x06,0x06,0x07,0x07,0x03,0x03,0x03,0x03,0x0b,0x0b,0x0f,0x0f,
    0x1d,0x1d,0x14,0x14,0x0c,0x0c,0x0e,0x0e,0x0b,0x0b,0x06,0x06,0x02,0x02,0x02,0x02,
    0x05,0x05,0x09,0x09,0x11,0x11,0x16,0x16,0x16,0x16,0x09,0x09,0x15,0x15,0x15,0x15,
    0x1e,0x1e,0x1f,0x1f,0x14,0x14,0x14,0x14,0x23,0x23,0x1d,0x1d,0x15,0x15,0x15,0x15,
    0x1a,0x1a,0x18,0x18,0x1b,0x1b,0x2c,0x2c,0x23,0x23,0x19,0x19,0x12,0x12,0x10,0x10,
    0x10,0x10,0x0d,0x0d,0x0d,0x0d,0x0a,0x0a,0x11,0x11,0x12,0x12,0x14,0x14,0x1e,0x1e,
    0x1c,0x1c,0x2c,0x2c,0x2a,0x2a,0x23,0x23,0x23,0x23,0x2b,0x2b,0x2e,0x2e,0x20,0x20,
    0x0a,0x0a,0x10,0x10,0x1e,0x1e,0x1c,0x1c,0x15,0x15,0x1e,0x1e,0x11,0x11,0x15,0x15,
    0x27,0x27,0x1e,0x1e,0x15,0x15,0x08,0x08,0x08,0x08,0x09,0x09,0x0a,0x0a,0x0d,0x0d,
    0x0d,0x0d,0x0a,0x0a,0x11,0x11,0x0a,0x0a,0x0a,0x0a,0x09,0x09,0x05,0x05,0x09,0x09,
    0x05,0x05,0x02,0x02,0x00,0x00,0x00,0x00,0x00,0x00,0x00,0x00,0x04,0x04,0x05,0x05,
    0x05,0x05,0x10,0x10,0x18,0x18,0x1b,0x1b,0x16,0x16,0x08,0x08,0x08,0x08,0x0d,0x0d,
    0x16,0x16,0x17,0x17,0x0f,0x0f,0x20,0x20,0x16,0x16,0x12,0x12,0x0e,0x0e,0x1a,0x1a,
    0x08,0x08,0x0e,0x0e,0x0a,0x0a,0x02,0x02,0x01,0x01,0x01,0x01,0x02,0x02,0x01,0x01,
    0x01,0x01,0x04,0x04,0x04,0x04,0x10,0x10,0x0a,0x0a,0x10,0x10,0x09,0x09,0x0e,0x0e,
    0x16,0x16,0x0e,0x0e,0x18,0x18,0x19,0x19,0x23,0x23,0x28,0x28,0x23,0x23,0x25,0x25,
    0x20,0x20,0x1b,0x1b,0x23,0x23,0x23,0x23,0x1e,0x1e,0x16,0x16,0x2c,0x2c,0x23,0x23,
    0x23,0x23,0x23,0x23,0x23,0x23,0x20,0x20,0x2c,0x2c,0x19,0x19,0x1b,0x1b,0x13,0x13,
    0x1c,0x1c,0x2c,0x2c,0x18,0x18,0x15,0x15,0x18,0x18,0x16,0x16,0x20,0x20,0x28,0x28,
    0x28,0x28,0x22,0x22,0x17,0x17,0x1c,0x1c,0x1b,0x1b,0x25,0x25,0x23,0x23,0x2a,0x2a,
    0x27,0x27,0x2b,0x2b,0x18,0x18,0x1a,0x1a,0x14,0x14,0x0f,0x0f,0x14,0x14,0x16,0x16,
    0x14,0x14,0x1b,0x1b,0x16,0x16,0x12,0x12,0x18,0x18,0x14,0x14,0x0b,0x0b,0x06,0x06,
    0x0b,0x0b,0x0b,0x0b,0x0c,0x0c,0x0b,0x0b,0x06,0x06,0x03,0x03,0x01,0x01,0x01,0x01,
    0x01,0x01,0x01,0x01,0x01,0x01,0x01,0x01,0x01,0x01,0x07,0x07,0x0e,0x0e,0x0e,0x0e,
    0x05,0x05,0x0b,0x0b,0x0e,0x0e,0x0e,0x0e,0x14,0x14,0x18,0x18,0x17,0x17,0x2b,0x2b,
    0x2b,0x2b,0x2f,0x2f,0x1e,0x1e,0x19,0x19,0x1b,0x1b,0x15,0x15,0x1a,0x1a,0x2f,0x2f,
    0x27,0x27,0x25,0x25,0x2c,0x2c,0x2e,0x2e,0x2b,0x2b,0x25,0x25,0x2c,0x2c,0x2c,0x2c,
    0x2a,0x2a,0x2c,0x2c,0x23,0x23,0x10,0x10,0x08,0x08,0x05,0x05,0x12,0x12,0x11,0x11,
    0x18,0x18,0x1b,0x1b,0x2b,0x2b,0x2b,0x2b,0x2b,0x2b,0x2c,0x2c,0x27,0x27,0x1e,0x1e,
    0x25,0x25,0x23,0x23,0x2b,0x2b,0x28,0x28,0x23,0x23,0x25,0x25,0x16,0x16,0x18,0x18,
    0x0c,0x0c,0x17,0x17,0x1f,0x1f,0x16,0x16,0x1b,0x1b,0x15,0x15,0x0f,0x0f,0x1b,0x1b,
    0x1d,0x1d,0x2f,0x2f,0x1f,0x1f,0x17,0x17,0x0f,0x0f,0x0c,0x0c,0x0f,0x0f,0x0e,0x0e,
    0x06,0x06,0x0c,0x0c,0x0e,0x0e,0x14,0x14,0x06,0x06,0x06,0x06,0x16,0x16,0x17,0x17,
    0x26,0x26,0x2c,0x2c,0x16,0x16,0x0c,0x0c,0x0e,0x0e,0x0b,0x0b,0x04,0x04,0x04,0x04,
    0x04,0x04,0x05,0x05,0x08,0x08,0x0f,0x0f,0x10,0x10,0x0d,0x0d,0x0d,0x0d,0x08,0x08,
    0x1a,0x1a,0x25,0x25,0x16,0x16,0x0d,0x0d,0x1b,0x1b,0x1d,0x1d,0x12,0x12,0x0d,0x0d,
    0x0e,0x0e,0x17,0x17,0x1c,0x1c,0x23,0x23,0x2c,0x2c,0x1a,0x1a,0x12,0x12,0x1a,0x1a,
    0x0d,0x0d,0x0d,0x0d,0x08,0x08,0x09,0x09,0x15,0x15,0x15,0x15,0x1e,0x1e,0x22,0x22,
    0x1c,0x1c,0x2c,0x2c,0x23,0x23,0x27,0x27,0x23,0x23,0x23,0x23,0x19,0x19,0x1c,0x1c,
    0x15,0x15,0x11,0x11,0x1b,0x1b,0x1b,0x1b,0x18,0x18,0x22,0x22,0x1e,0x1e,0x20,0x20,
    0x2f,0x2f,0x1a,0x1a,0x13,0x13,0x13,0x13,0x0a,0x0a,0x0a,0x0a,0x09,0x09,0x0d,0x0d,
    0x16,0x16,0x10,0x10,0x10,0x10,0x0a,0x0a,0x10,0x10,0x08,0x08,0x05,0x05,0x09,0x09,
    0x05,0x05,0x00,0x00,0x02,0x02,0x05,0x05,0x02,0x02,0x00,0x00,0x02,0x02,0x04,0x04,
    0x05,0x05,0x09,0x09,0x11,0x11,0x1b,0x1b,0x16,0x16,0x08,0x08,0x08,0x08,0x08,0x08,
    0x15,0x15,0x17,0x17,0x07,0x07,0x11,0x11,0x14,0x14,0x0d,0x0d,0x14,0x14,0x08,0x08,
    0x04,0x04,0x04,0x04,0x02,0x02,0x07,0x07,0x01,0x01,0x01,0x01,0x01,0x01,0x01,0x01,
    0x01,0x01,0x02,0x02,0x08,0x08,0x09,0x09,0x0a,0x0a,0x0f,0x0f,0x0c,0x0c,0x15,0x15,
    0x17,0x17,0x1b,0x1b,0x1e,0x1e,0x1a,0x1a,0x25,0x25,0x23,0x23,0x23,0x23,0x23,0x23,
    0x16,0x16,0x22,0x22,0x1a,0x1a,0x1c,0x1c,0x23,0x23,0x20,0x20,0x23,0x23,0x28,0x28,
    0x23,0x23,0x23,0x23,0x22,0x22,0x22,0x22,0x22,0x22,0x25,0x25,0x23,0x23,0x18,0x18,
    0x13,0x13,0x18,0x18,0x18,0x18,0x10,0x10,0x11,0x11,0x18,0x18,0x23,0x23,0x2b,0x2b,
    0x23,0x23,0x20,0x20,0x29,0x29,0x25,0x25,0x28,0x28,0x27,0x27,0x2b,0x2b,0x2b,0x2b,
    0x2a,0x2a,0x28,0x28,0x1b,0x1b,0x22,0x22,0x18,0x18,0x0f,0x0f,0x0e,0x0e,0x14,0x14,
    0x1a,0x1a,0x2e,0x2e,0x2f,0x2f,0x0e,0x0e,0x0f,0x0f,0x16,0x16,0x0c,0x0c,0x0e,0x0e,
    0x06,0x06,0x03,0x03,0x06,0x06,0x03,0x03,0x03,0x03,0x06,0x06,0x03,0x03,0x01,0x01,
    0x01,0x01,0x01,0x01,0x01,0x01,0x01,0x01,0x01,0x01,0x07,0x07,0x0e,0x0e,0x0e,0x0e,
    0x05,0x05,0x0b,0x0b,0x0e,0x0e,0x0e,0x0e,0x14,0x14,0x18,0x18,0x17,0x17,0x2b,0x2b,
    0x2b,0x2b,0x2f,0x2f,0x1e,0x1e,0x19,0x19,0x1b,0x1b,0x15,0x15,0x1a,0x1a,0x2f,0x2f,
    0x27,0x27,0x25,0x25,0x2c,0x2c,0x2e,0x2e,0x2b,0x2b,0x25,0x25,0x2c,0x2c,0x2c,0x2c,
    0x2a,0x2a,0x2c,0x2c,0x23,0x23,0x10,0x10,0x08,0x08,0x05,0x05,0x12,0x12,0x11,0x11,
    0x18,0x18,0x1b,0x1b,0x2b,0x2b,0x2b,0x2b,0x2b,0x2b,0x2c,0x2c,0x27,0x27,0x1e,0x1e,
    0x25,0x25,0x23,0x23,0x2b,0x2b,0x28,0x28,0x23,0x23,0x25,0x25,0x16,0x16,0x18,0x18,
    0x0c,0x0c,0x17,0x17,0x1f,0x1f,0x16,0x16,0x1b,0x1b,0x15,0x15,0x0f,0x0f,0x1b,0x1b,
    0x1d,0x1d,0x2f,0x2f,0x1f,0x1f,0x17,0x17,0x0f,0x0f,0x0c,0x0c,0x0f,0x0f,0x0e,0x0e,
    0x06,0x06,0x0c,0x0c,0x0e,0x0e,0x14,0x14,0x06,0x06,0x06,0x06,0x16,0x16,0x17,0x17,
    0x26,0x26,0x2c,0x2c,0x16,0x16,0x0c,0x0c,0x0e,0x0e,0x0b,0x0b,0x04,0x04,0x04,0x04,
    0x04,0x04,0x05,0x05,0x08,0x08,0x0f,0x0f,0x10,0x10,0x0d,0x0d,0x0d,0x0d,0x08,0x08,
    0x1a,0x1a,0x25,0x25,0x16,0x16,0x0d,0x0d,0x1b,0x1b,0x1d,0x1d,0x12,0x12,0x0d,0x0d,
    0x0e,0x0e,0x17,0x17,0x1c,0x1c,0x23,0x23,0x2c,0x2c,0x1a,0x1a,0x12,0x12,0x1a,0x1a,
    0x0d,0x0d,0x0d,0x0d,0x08,0x08,0x09,0x09,0x15,0x15,0x15,0x15,0x1e,0x1e,0x22,0x22,
    0x1c,0x1c,0x2c,0x2c,0x23,0x23,0x27,0x27,0x23,0x23,0x23,0x23,0x19,0x19,0x1c,0x1c,
    0x15,0x15,0x11,0x11,0x1b,0x1b,0x1b,0x1b,0x18,0x18,0x22,0x22,0x1e,0x1e,0x20,0x20,
    0x2f,0x2f,0x1a,0x1a,0x13,0x13,0x13,0x13,0x0a,0x0a,0x0a,0x0a,0x09,0x09,0x0d,0x0d,
    0x16,0x16,0x10,0x10,0x10,0x10,0x0a,0x0a,0x10,0x10,0x08,0x08,0x05,0x05,0x09,0x09,
    0x05,0x05,0x00,0x00,0x02,0x02,0x05,0x05,0x02,0x02,0x00,0x00,0x02,0x02,0x04,0x04,
    0x05,0x05,0x09,0x09,0x11,0x11,0x1b,0x1b,0x16,0x16,0x08,0x08,0x08,0x08,0x08,0x08,
    0x15,0x15,0x17,0x17,0x07,0x07,0x11,0x11,0x14,0x14,0x0d,0x0d,0x14,0x14,0x08,0x08,
    0x04,0x04,0x04,0x04,0x02,0x02,0x07,0x07,0x01,0x01,0x01,0x01,0x01,0x01,0x01,0x01,
    0x01,0x01,0x02,0x02,0x08,0x08,0x09,0x09,0x0a,0x0a,0x0f,0x0f,0x0c,0x0c,0x15,0x15,
    0x17,0x17,0x1b,0x1b,0x1e,0x1e,0x1a,0x1a,0x25,0x25,0x23,0x23,0x23,0x23,0x23,0x23,
    0x16,0x16,0x22,0x22,0x1a,0x1a,0x1c,0x1c,0x23,0x23,0x20,0x20,0x23,0x23,0x28,0x28,
    0x23,0x23,0x23,0x23,0x22,0x22,0x22,0x22,0x22,0x22,0x25,0x25,0x23,0x23,0x18,0x18,
    0x13,0x13,0x18,0x18,0x18,0x18,0x10,0x10,0x11,0x11,0x18,0x18,0x23,0x23,0x2b,0x2b,
    0x23,0x23,0x20,0x20,0x29,0x29,0x25,0x25,0x28,0x28,0x27,0x27,0x2b,0x2b,0x2b,0x2b,
    0x2a,0x2a,0x28,0x28,0x1b,0x1b,0x22,0x22,0x18,0x18,0x0f,0x0f,0x0e,0x0e,0x14,0x14,
    0x1a,0x1a,0x2e,0x2e,0x2f,0x2f,0x0e,0x0e,0x0f,0x0f,0x16,0x16,0x0c,0x0c,0x0e,0x0e,
    0x06,0x06,0x03,0x03,0x06,0x06,0x03,0x03,0x03,0x03,0x06,0x06,0x03,0x03,0x01,0x01,
    0x06,0x06,0x06,0x06,0x03,0x03,0x01,0x01,0x02,0x02,0x04,0x04,0x08,0x08,0x07,0x07,
    0x0b,0x0b,0x0c,0x0c,0x0f,0x0f,0x16,0x16,0x16,0x16,0x1f,0x1f,0x2b,0x2b,0x2b,0x2b,
    0x2b,0x2b,0x23,0x23,0x2b,0x2b,0x2f,0x2f,0x2f,0x2f,0x1a,0x1a,0x2c,0x2c,0x2f,0x2f,
    0x2c,0x2c,0x2c,0x2c,0x2b,0x2b,0x28,0x28,0x2b,0x2b,0x2b,0x2b,0x2b,0x2b,0x23,0x23,
    0x2f,0x2f,0x19,0x19,0x15,0x15,0x11,0x11,0x10,0x10,0x05,0x05,0x09,0x09,0x0d,0x0d,
    0x10,0x10,0x13,0x13,0x1c,0x1c,0x2c,0x2c,0x25,0x25,0x2b,0x2b,0x29,0x29,0x2c,0x2c,
    0x28,0x28,0x2b,0x2b,0x2b,0x2b,0x28,0x28,0x23,0x23,0x23,0x23,0x1c,0x1c,0x18,0x18,
    0x18,0x18,0x1f,0x1f,0x18,0x18,0x18,0x18,0x12,0x12,0x0f,0x0f,0x16,0x16,0x16,0x16,
    0x17,0x17,0x18,0x18,0x1b,0x1b,0x16,0x16,0x0f,0x0f,0x0c,0x0c,0x0e,0x0e,0x0e,0x0e,
    0x0b,0x0b,0x0c,0x0c,0x14,0x14,0x28,0x28,0x0f,0x0f,0x14,0x14,0x23,0x23,0x1f,0x1f,
    0x2c,0x2c,0x1d,0x1d,0x0f,0x0f,0x16,0x16,0x17,0x17,0x0a,0x0a,0x09,0x09,0x05,0x05,
    0x04,0x04,0x02,0x02,0x05,0x05,0x08,0x08,0x09,0x09,0x09,0x09,0x08,0x08,0x10,0x10,
    0x10,0x10,0x1d,0x1d,0x11,0x11,0x15,0x15,0x12,0x12,0x0e,0x0e,0x0c,0x0c,0x0b,0x0b,
    0x0c,0x0c,0x0e,0x0e,0x18,0x18,0x19,0x19,0x23,0x23,0x2c,0x2c,0x20,0x20,0x2c,0x2c,
    0x18,0x18,0x0d,0x0d,0x05,0x05,0x0a,0x0a,0x27,0x27,0x1c,0x1c,0x1f,0x1f,0x2e,0x2e,
    0x2b,0x2b,0x2b,0x2b,0x2a,0x2a,0x2a,0x2a,0x28,0x28,0x23,0x23,0x20,0x20,0x20,0x20,
    0x20,0x20,0x20,0x20,0x20,0x20,0x1e,0x1e,0x23,0x23,0x25,0x25,0x26,0x26,0x23,0x23,
    0x25,0x25,0x2f,0x2f,0x1b,0x1b,0x16,0x16,0x13,0x13,0x05,0x05,0x1b,0x1b,0x15,0x15,
    0x18,0x18,0x13,0x13,0x0a,0x0a,0x09,0x09,0x0a,0x0a,0x0d,0x0d,0x05,0x05,0x02,0x02,
    0x05,0x05,0x05,0x05,0x09,0x09,0x0a,0x0a,0x05,0x05,0x02,0x02,0x01,0x01,0x01,0x01,
    0x02,0x02,0x04,0x04,0x05,0x05,0x09,0x09,0x0a,0x0a,0x10,0x10,0x13,0x13,0x14,0x14,
    0x14,0x14,0x0d,0x0d,0x05,0x05,0x08,0x08,0x0a,0x0a,0x0e,0x0e,0x09,0x09,0x04,0x04,
    0x04,0x04,0x01,0x01,0x01,0x01,0x01,0x01,0x01,0x01,0x01,0x01,0x01,0x01,0x01,0x01,
    0x04,0x04,0x04,0x04,0x08,0x08,0x08,0x08,0x08,0x08,0x0e,0x0e,0x11,0x11,0x18,0x18,
    0x11,0x11,0x22,0x22,0x1c,0x1c,0x20,0x20,0x23,0x23,0x25,0x25,0x2b,0x2b,0x25,0x25,
    0x1a,0x1a,0x1c,0x1c,0x14,0x14,0x16,0x16,0x2c,0x2c,0x1d,0x1d,0x2b,0x2b,0x23,0x23,
    0x23,0x23,0x20,0x20,0x2c,0x2c,0x23,0x23,0x20,0x20,0x29,0x29,0x18,0x18,0x11,0x11,
    0x0a,0x0a,0x0d,0x0d,0x15,0x15,0x12,0x12,0x16,0x16,0x16,0x16,0x20,0x20,0x25,0x25,
    0x27,0x27,0x2c,0x2c,0x20,0x20,0x22,0x22,0x23,0x23,0x2b,0x2b,0x2a,0x2a,0x28,0x28,
    0x2a,0x2a,0x23,0x23,0x2c,0x2c,0x1f,0x1f,0x20,0x20,0x1b,0x1b,0x14,0x14,0x1e,0x1e,
    0x1b,0x1b,0x16,0x16,0x12,0x12,0x18,0x18,0x16,0x16,0x14,0x14,0x0c,0x0c,0x06,0x06,
    0x06,0x06,0x06,0x06,0x07,0x07,0x06,0x06,0x06,0x06,0x03,0x03,0x06,0x06,0x06,0x06,
    0x06,0x06,0x06,0x06,0x03,0x03,0x01,0x01,0x02,0x02,0x04,0x04,0x08,0x08,0x07,0x07,
    0x0b,0x0b,0x0c,0x0c,0x0f,0x0f,0x16,0x16,0x16,0x16,0x1f,0x1f,0x2b,0x2b,0x2b,0x2b,
    0x2b,0x2b,0x23,0x23,0x2b,0x2b,0x2f,0x2f,0x2f,0x2f,0x1a,0x1a,0x2c,0x2c,0x2f,0x2f,
    0x2c,0x2c,0x2c,0x2c,0x2b,0x2b,0x28,0x28,0x2b,0x2b,0x2b,0x2b,0x2b,0x2b,0x23,0x23,
    0x2f,0x2f,0x19,0x19,0x15,0x15,0x11,0x11,0x10,0x10,0x05,0x05,0x09,0x09,0x0d,0x0d,
    0x10,0x10,0x13,0x13,0x1c,0x1c,0x2c,0x2c,0x25,0x25,0x2b,0x2b,0x29,0x29,0x2c,0x2c,
    0x28,0x28,0x2b,0x2b,0x2b,0x2b,0x28,0x28,0x23,0x23,0x23,0x23,0x1c,0x1c,0x18,0x18,
    0x18,0x18,0x1f,0x1f,0x18,0x18,0x18,0x18,0x12,0x12,0x0f,0x0f,0x16,0x16,0x16,0x16,
    0x17,0x17,0x18,0x18,0x1b,0x1b,0x16,0x16,0x0f,0x0f,0x0c,0x0c,0x0e,0x0e,0x0e,0x0e,
    0x0b,0x0b,0x0c,0x0c,0x14,0x14,0x28,0x28,0x0f,0x0f,0x14,0x14,0x23,0x23,0x1f,0x1f,
    0x2c,0x2c,0x1d,0x1d,0x0f,0x0f,0x16,0x16,0x17,0x17,0x0a,0x0a,0x09,0x09,0x05,0x05,
    0x04,0x04,0x02,0x02,0x05,0x05,0x08,0x08,0x09,0x09,0x09,0x09,0x08,0x08,0x10,0x10,
    0x10,0x10,0x1d,0x1d,0x11,0x11,0x15,0x15,0x12,0x12,0x0e,0x0e,0x0c,0x0c,0x0b,0x0b,
    0x0c,0x0c,0x0e,0x0e,0x18,0x18,0x19,0x19,0x23,0x23,0x2c,0x2c,0x20,0x20,0x2c,0x2c,
    0x18,0x18,0x0d,0x0d,0x05,0x05,0x0a,0x0a,0x27,0x27,0x1c,0x1c,0x1f,0x1f,0x2e,0x2e,
    0x2b,0x2b,0x2b,0x2b,0x2a,0x2a,0x2a,0x2a,0x28,0x28,0x23,0x23,0x20,0x20,0x20,0x20,
    0x20,0x20,0x20,0x20,0x20,0x20,0x1e,0x1e,0x23,0x23,0x25,0x25,0x26,0x26,0x23,0x23,
    0x25,0x25,0x2f,0x2f,0x1b,0x1b,0x16,0x16,0x13,0x13,0x05,0x05,0x1b,0x1b,0x15,0x15,
    0x18,0x18,0x13,0x13,0x0a,0x0a,0x09,0x09,0x0a,0x0a,0x0d,0x0d,0x05,0x05,0x02,0x02,
    0x05,0x05,0x05,0x05,0x09,0x09,0x0a,0x0a,0x05,0x05,0x02,0x02,0x01,0x01,0x01,0x01,
    0x02,0x02,0x04,0x04,0x05,0x05,0x09,0x09,0x0a,0x0a,0x10,0x10,0x13,0x13,0x14,0x14,
    0x14,0x14,0x0d,0x0d,0x05,0x05,0x08,0x08,0x0a,0x0a,0x0e,0x0e,0x09,0x09,0x04,0x04,
    0x04,0x04,0x01,0x01,0x01,0x01,0x01,0x01,0x01,0x01,0x01,0x01,0x01,0x01,0x01,0x01,
    0x04,0x04,0x04,0x04,0x08,0x08,0x08,0x08,0x08,0x08,0x0e,0x0e,0x11,0x11,0x18,0x18,
    0x11,0x11,0x22,0x22,0x1c,0x1c,0x20,0x20,0x23,0x23,0x25,0x25,0x2b,0x2b,0x25,0x25,
    0x1a,0x1a,0x1c,0x1c,0x14,0x14,0x16,0x16,0x2c,0x2c,0x1d,0x1d,0x2b,0x2b,0x23,0x23,
    0x23,0x23,0x20,0x20,0x2c,0x2c,0x23,0x23,0x20,0x20,0x29,0x29,0x18,0x18,0x11,0x11,
    0x0a,0x0a,0x0d,0x0d,0x15,0x15,0x12,0x12,0x16,0x16,0x16,0x16,0x20,0x20,0x25,0x25,
    0x27,0x27,0x2c,0x2c,0x20,0x20,0x22,0x22,0x23,0x23,0x2b,0x2b,0x2a,0x2a,0x28,0x28,
    0x2a,0x2a,0x23,0x23,0x2c,0x2c,0x1f,0x1f,0x20,0x20,0x1b,0x1b,0x14,0x14,0x1e,0x1e,
    0x1b,0x1b,0x16,0x16,0x12,0x12,0x18,0x18,0x16,0x16,0x14,0x14,0x0c,0x0c,0x06,0x06,
    0x06,0x06,0x06,0x06,0x07,0x07,0x06,0x06,0x06,0x06,0x03,0x03,0x06,0x06,0x06,0x06,
    0x07,0x07,0x0e,0x0e,0x06,0x06,0x06,0x06,0x06,0x06,0x04,0x04,0x04,0x04,0x04,0x04,
    0x0c,0x0c,0x08,0x08,0x0b,0x0b,0x16,0x16,0x1d,0x1d,0x1d,0x1d,0x2e,0x2e,0x2f,0x2f,
    0x25,0x25,0x23,0x23,0x2e,0x2e,0x1c,0x1c,0x1a,0x1a,0x12,0x12,0x1c,0x1c,0x1a,0x1a,
    0x1e,0x1e,0x20,0x20,0x2c,0x2c,0x2b,0x2b,0x2b,0x2b,0x25,0x25,0x28,0x28,0x2b,0x2b,
    0x1c,0x1c,0x15,0x15,0x0a,0x0a,0x0d,0x0d,0x0d,0x0d,0x10,0x10,0x0d,0x0d,0x10,0x10,
    0x11,0x11,0x16,0x16,0x2e,0x2e,0x28,0x28,0x25,0x25,0x25,0x25,0x25,0x25,0x27,0x27,
    0x28,0x28,0x23,0x23,0x28,0x28,0x28,0x28,0x27,0x27,0x23,0x23,0x23,0x23,0x23,0x23,
    0x1b,0x1b,0x1d,0x1d,0x2c,0x2c,0x1b,0x1b,0x0f,0x0f,0x0e,0x0e,0x0e,0x0e,0x15,0x15,
    0x18,0x18,0x1b,0x1b,0x2c,0x2c,0x16,0x16,0x18,0x18,0x12,0x12,0x0f,0x0f,0x18,0x18,
    0x0e,0x0e,0x0f,0x0f,0x1a,0x1a,0x2c,0x2c,0x20,0x20,0x22,0x22,0x1b,0x1b,0x2a,0x2a,
    0x25,0x25,0x2f,0x2f,0x18,0x18,0x16,0x16,0x1a,0x1a,0x14,0x14,0x0e,0x0e,0x05,0x05,
    0x05,0x05,0x02,0x02,0x02,0x02,0x05,0x05,0x09,0x09,0x08,0x08,0x09,0x09,0x10,0x10,
    0x0d,0x0d,0x16,0x16,0x18,0x18,0x12,0x12,0x08,0x08,0x04,0x04,0x08,0x08,0x07,0x07,
    0x07,0x07,0x14,0x14,0x1e,0x1e,0x1a,0x1a,0x25,0x25,0x2b,0x2b,0x1c,0x1c,0x2c,0x2c,
    0x16,0x16,0x12,0x12,0x08,0x08,0x0d,0x0d,0x17,0x17,0x12,0x12,0x20,0x20,0x19,0x19,
    0x2c,0x2c,0x23,0x23,0x28,0x28,0x2a,0x2a,0x23,0x23,0x23,0x23,0x2b,0x2b,0x2c,0x2c,
    0x2b,0x2b,0x25,0x25,0x2b,0x2b,0x25,0x25,0x23,0x23,0x20,0x20,0x23,0x23,0x23,0x23,
    0x1c,0x1c,0x25,0x25,0x23,0x23,0x1c,0x1c,0x1d,0x1d,0x11,0x11,0x15,0x15,0x12,0x12,
    0x09,0x09,0x1a,0x1a,0x15,0x15,0x0d,0x0d,0x09,0x09,0x09,0x09,0x05,0x05,0x02,0x02,
    0x05,0x05,0x0a,0x0a,0x0d,0x0d,0x05,0x05,0x02,0x02,0x02,0x02,0x00,0x00,0x00,0x00,
    0x02,0x02,0x02,0x02,0x04,0x04,0x08,0x08,0x05,0x05,0x0a,0x0a,0x15,0x15,0x16,0x16,
    0x08,0x08,0x07,0x07,0x04,0x04,0x07,0x07,0x04,0x04,0x05,0x05,0x05,0x05,0x04,0x04,
    0x01,0x01,0x02,0x02,0x01,0x01,0x04,0x04,0x07,0x07,0x01,0x01,0x01,0x01,0x01,0x01,
    0x02,0x02,0x05,0x05,0x04,0x04,0x05,0x05,0x05,0x05,0x0d,0x0d,0x15,0x15,0x14,0x14,
    0x0e,0x0e,0x12,0x12,0x15,0x15,0x13,0x13,0x1e,0x1e,0x2c,0x2c,0x28,0x28,0x27,0x27,
    0x1d,0x1d,0x12,0x12,0x0d,0x0d,0x0e,0x0e,0x16,0x16,0x17,0x17,0x2c,0x2c,0x25,0x25,
    0x23,0x23,0x2b,0x2b,0x19,0x19,0x1d,0x1d,0x2e,0x2e,0x18,0x18,0x1b,0x1b,0x13,0x13,
    0x0d,0x0d,0x0d,0x0d,0x10,0x10,0x19,0x19,0x1c,0x1c,0x22,0x22,0x28,0x28,0x2b,0x2b,
    0x22,0x22,0x19,0x19,0x25,0x25,0x23,0x23,0x23,0x23,0x23,0x23,0x27,0x27,0x2b,0x2b,
    0x23,0x23,0x28,0x28,0x17,0x17,0x16,0x16,0x1a,0x1a,0x18,0x18,0x18,0x18,0x1e,0x1e,
    0x1d,0x1d,0x16,0x16,0x17,0x17,0x12,0x12,0x14,0x14,0x07,0x07,0x0c,0x0c,0x07,0x07,
    0x06,0x06,0x14,0x14,0x0c,0x0c,0x0f,0x0f,0x0e,0x0e,0x06,0x06,0x06,0x06,0x0b,0x0b,
    0x07,0x07,0x0e,0x0e,0x06,0x06,0x06,0x06,0x06,0x06,0x04,0x04,0x04,0x04,0x04,0x04,
    0x0c,0x0c,0x08,0x08,0x0b,0x0b,0x16,0x16,0x1d,0x1d,0x1d,0x1d,0x2e,0x2e,0x2f,0x2f,
    0x25,0x25,0x23,0x23,0x2e,0x2e,0x1c,0x1c,0x1a,0x1a,0x12,0x12,0x1c,0x1c,0x1a,0x1a,
    0x1e,0x1e,0x20,0x20,0x2c,0x2c,0x2b,0x2b,0x2b,0x2b,0x25,0x25,0x28,0x28,0x2b,0x2b,
    0x1c,0x1c,0x15,0x15,0x0a,0x0a,0x0d,0x0d,0x0d,0x0d,0x10,0x10,0x0d,0x0d,0x10,0x10,
    0x11,0x11,0x16,0x16,0x2e,0x2e,0x28,0x28,0x25,0x25,0x25,0x25,0x25,0x25,0x27,0x27,
    0x28,0x28,0x23,0x23,0x28,0x28,0x28,0x28,0x27,0x27,0x23,0x23,0x23,0x23,0x23,0x23,
    0x1b,0x1b,0x1d,0x1d,0x2c,0x2c,0x1b,0x1b,0x0f,0x0f,0x0e,0x0e,0x0e,0x0e,0x15,0x15,
    0x18,0x18,0x1b,0x1b,0x2c,0x2c,0x16,0x16,0x18,0x18,0x12,0x12,0x0f,0x0f,0x18,0x18,
    0x0e,0x0e,0x0f,0x0f,0x1a,0x1a,0x2c,0x2c,0x20,0x20,0x22,0x22,0x1b,0x1b,0x2a,0x2a,
    0x25,0x25,0x2f,0x2f,0x18,0x18,0x16,0x16,0x1a,0x1a,0x14,0x14,0x0e,0x0e,0x05,0x05,
    0x05,0x05,0x02,0x02,0x02,0x02,0x05,0x05,0x09,0x09,0x08,0x08,0x09,0x09,0x10,0x10,
    0x0d,0x0d,0x16,0x16,0x18,0x18,0x12,0x12,0x08,0x08,0x04,0x04,0x08,0x08,0x07,0x07,
    0x07,0x07,0x14,0x14,0x1e,0x1e,0x1a,0x1a,0x25,0x25,0x2b,0x2b,0x1c,0x1c,0x2c,0x2c,
    0x16,0x16,0x12,0x12,0x08,0x08,0x0d,0x0d,0x17,0x17,0x12,0x12,0x20,0x20,0x19,0x19,
    0x2c,0x2c,0x23,0x23,0x28,0x28,0x2a,0x2a,0x23,0x23,0x23,0x23,0x2b,0x2b,0x2c,0x2c,
    0x2b,0x2b,0x25,0x25,0x2b,0x2b,0x25,0x25,0x23,0x23,0x20,0x20,0x23,0x23,0x23,0x23,
    0x1c,0x1c,0x25,0x25,0x23,0x23,0x1c,0x1c,0x1d,0x1d,0x11,0x11,0x15,0x15,0x12,0x12,
    0x09,0x09,0x1a,0x1a,0x15,0x15,0x0d,0x0d,0x09,0x09,0x09,0x09,0x05,0x05,0x02,0x02,
    0x05,0x05,0x0a,0x0a,0x0d,0x0d,0x05,0x05,0x02,0x02,0x02,0x02,0x00,0x00,0x00,0x00,
    0x02,0x02,0x02,0x02,0x04,0x04,0x08,0x08,0x05,0x05,0x0a,0x0a,0x15,0x15,0x16,0x16,
    0x08,0x08,0x07,0x07,0x04,0x04,0x07,0x07,0x04,0x04,0x05,0x05,0x05,0x05,0x04,0x04,
    0x01,0x01,0x02,0x02,0x01,0x01,0x04,0x04,0x07,0x07,0x01,0x01,0x01,0x01,0x01,0x01,
    0x02,0x02,0x05,0x05,0x04,0x04,0x05,0x05,0x05,0x05,0x0d,0x0d,0x15,0x15,0x14,0x14,
    0x0e,0x0e,0x12,0x12,0x15,0x15,0x13,0x13,0x1e,0x1e,0x2c,0x2c,0x28,0x28,0x27,0x27,
    0x1d,0x1d,0x12,0x12,0x0d,0x0d,0x0e,0x0e,0x16,0x16,0x17,0x17,0x2c,0x2c,0x25,0x25,
    0x23,0x23,0x2b,0x2b,0x19,0x19,0x1d,0x1d,0x2e,0x2e,0x18,0x18,0x1b,0x1b,0x13,0x13,
    0x0d,0x0d,0x0d,0x0d,0x10,0x10,0x19,0x19,0x1c,0x1c,0x22,0x22,0x28,0x28,0x2b,0x2b,
    0x22,0x22,0x19,0x19,0x25,0x25,0x23,0x23,0x23,0x23,0x23,0x23,0x27,0x27,0x2b,0x2b,
    0x23,0x23,0x28,0x28,0x17,0x17,0x16,0x16,0x1a,0x1a,0x18,0x18,0x18,0x18,0x1e,0x1e,
    0x1d,0x1d,0x16,0x16,0x17,0x17,0x12,0x12,0x14,0x14,0x07,0x07,0x0c,0x0c,0x07,0x07,
    0x06,0x06,0x14,0x14,0x0c,0x0c,0x0f,0x0f,0x0e,0x0e,0x06,0x06,0x06,0x06,0x0b,0x0b,
    0x0e,0x0e,0x0b,0x0b,0x07,0x07,0x0b,0x0b,0x0e,0x0e,0x04,0x04,0x02,0x02,0x07,0x07,
    0x0c,0x0c,0x0d,0x0d,0x09,0x09,0x0e,0x0e,0x15,0x15,0x14,0x14,0x1b,0x1b,0x18,0x18,
    0x2e,0x2e,0x2b,0x2b,0x22,0x22,0x1d,0x1d,0x14,0x14,0x0e,0x0e,0x16,0x16,0x16,0x16,
    0x1a,0x1a,0x20,0x20,0x2c,0x2c,0x28,0x28,0x2b,0x2b,0x25,0x25,0x23,0x23,0x2c,0x2c,
    0x1c,0x1c,0x1b,0x1b,0x11,0x11,0x0d,0x0d,0x11,0x11,0x19,0x19,0x0a,0x0a,0x12,0x12,
    0x27,0x27,0x1c,0x1c,0x2c,0x2c,0x28,0x28,0x2b,0x2b,0x2e,0x2e,0x25,0x25,0x23,0x23,
    0x25,0x25,0x28,0x28,0x25,0x25,0x25,0x25,0x28,0x28,0x2b,0x2b,0x23,0x23,0x23,0x23,
    0x25,0x25,0x23,0x23,0x17,0x17,0x17,0x17,0x16,0x16,0x0e,0x0e,0x14,0x14,0x1b,0x1b,
    0x1d,0x1d,0x1b,0x1b,0x2f,0x2f,0x1a,0x1a,0x1a,0x1a,0x1a,0x1a,0x16,0x16,0x17,0x17,
    0x16,0x16,0x1c,0x1c,0x1c,0x1c,0x23,0x23,0x23,0x23,0x23,0x23,0x2c,0x2c,0x2b,0x2b,
    0x25,0x25,0x2c,0x2c,0x1e,0x1e,0x19,0x19,0x0f,0x0f,0x12,0x12,0x09,0x09,0x05,0x05,
    0x05,0x05,0x08,0x08,0x02,0x02,0x02,0x02,0x05,0x05,0x08,0x08,0x05,0x05,0x04,0x04,
    0x08,0x08,0x0d,0x0d,0x16,0x16,0x0c,0x0c,0x04,0x04,0x04,0x04,0x04,0x04,0x07,0x07,
    0x08,0x08,0x0e,0x0e,0x15,0x15,0x18,0x18,0x1d,0x1d,0x25,0x25,0x14,0x14,0x20,0x20,
    0x13,0x13,0x09,0x09,0x10,0x10,0x0d,0x0d,0x10,0x10,0x0e,0x0e,0x15,0x15,0x16,0x16,
    0x19,0x19,0x2c,0x2c,0x23,0x23,0x27,0x27,0x25,0x25,0x27,0x27,0x23,0x23,0x23,0x23,
    0x23,0x23,0x27,0x27,0x27,0x27,0x23,0x23,0x23,0x23,0x23,0x23,0x2e,0x2e,0x1b,0x1b,
    0x11,0x11,0x19,0x19,0x19,0x19,0x2f,0x2f,0x23,0x23,0x2f,0x2f,0x15,0x15,0x11,0x11,
    0x10,0x10,0x11,0x11,0x15,0x15,0x10,0x10,0x08,0x08,0x09,0x09,0x05,0x05,0x09,0x09,
    0x05,0x05,0x0a,0x0a,0x0d,0x0d,0x05,0x05,0x01,0x01,0x00,0x00,0x00,0x00,0x00,0x00,
    0x00,0x00,0x02,0x02,0x04,0x04,0x05,0x05,0x04,0x04,0x08,0x08,0x0d,0x0d,0x08,0x08,
    0x0b,0x0b,0x07,0x07,0x01,0x01,0x02,0x02,0x04,0x04,0x07,0x07,0x0d,0x0d,0x04,0x04,
    0x01,0x01,0x04,0x04,0x07,0x07,0x0e,0x0e,0x08,0x08,0x04,0x04,0x01,0x01,0x01,0x01,
    0x04,0x04,0x04,0x04,0x04,0x04,0x04,0x04,0x05,0x05,0x09,0x09,0x08,0x08,0x0d,0x0d,
    0x0e,0x0e,0x12,0x12,0x15,0x15,0x12,0x12,0x1f,0x1f,0x2c,0x2c,0x22,0x22,0x2c,0x2c,
    0x1c,0x1c,0x16,0x16,0x14,0x14,0x15,0x15,0x16,0x16,0x20,0x20,0x2b,0x2b,0x16,0x16,
    0x1c,0x1c,0x20,0x20,0x1a,0x1a,0x1b,0x1b,0x18,0x18,0x16,0x16,0x1a,0x1a,0x1c,0x1c,
    0x16,0x16,0x12,0x12,0x16,0x16,0x17,0x17,0x1d,0x1d,0x19,0x19,0x1d,0x1d,0x1f,0x1f,
    0x13,0x13,0x16,0x16,0x1a,0x1a,0x1b,0x1b,0x2c,0x2c,0x23,0x23,0x28,0x28,0x23,0x23,
    0x23,0x23,0x2b,0x2b,0x18,0x18,0x16,0x16,0x1d,0x1d,0x17,0x17,0x1c,0x1c,0x2c,0x2c,
    0x1b,0x1b,0x0f,0x0f,0x0e,0x0e,0x0f,0x0f,0x0e,0x0e,0x0e,0x0e,0x0c,0x0c,0x0e,0x0e,
    0x0e,0x0e,0x17,0x17,0x20,0x20,0x16,0x16,0x0f,0x0f,0x0c,0x0c,0x07,0x07,0x0c,0x0c,
    0x0e,0x0e,0x0b,0x0b,0x07,0x07,0x0b,0x0b,0x0e,0x0e,0x04,0x04,0x02,0x02,0x07,0x07,
    0x0c,0x0c,0x0d,0x0d,0x09,0x09,0x0e,0x0e,0x15,0x15,0x14,0x14,0x1b,0x1b,0x18,0x18,
    0x2e,0x2e,0x2b,0x2b,0x22,0x22,0x1d,0x1d,0x14,0x14,0x0e,0x0e,0x16,0x16,0x16,0x16,
    0x1a,0x1a,0x20,0x20,0x2c,0x2c,0x28,0x28,0x2b,0x2b,0x25,0x25,0x23,0x23,0x2c,0x2c,
    0x1c,0x1c,0x1b,0x1b,0x11,0x11,0x0d,0x0d,0x11,0x11,0x19,0x19,0x0a,0x0a,0x12,0x12,
    0x27,0x27,0x1c,0x1c,0x2c,0x2c,0x28,0x28,0x2b,0x2b,0x2e,0x2e,0x25,0x25,0x23,0x23,
    0x25,0x25,0x28,0x28,0x25,0x25,0x25,0x25,0x28,0x28,0x2b,0x2b,0x23,0x23,0x23,0x23,
    0x25,0x25,0x23,0x23,0x17,0x17,0x17,0x17,0x16,0x16,0x0e,0x0e,0x14,0x14,0x1b,0x1b,
    0x1d,0x1d,0x1b,0x1b,0x2f,0x2f,0x1a,0x1a,0x1a,0x1a,0x1a,0x1a,0x16,0x16,0x17,0x17,
    0x16,0x16,0x1c,0x1c,0x1c,0x1c,0x23,0x23,0x23,0x23,0x23,0x23,0x2c,0x2c,0x2b,0x2b,
    0x25,0x25,0x2c,0x2c,0x1e,0x1e,0x19,0x19,0x0f,0x0f,0x12,0x12,0x09,0x09,0x05,0x05,
    0x05,0x05,0x08,0x08,0x02,0x02,0x02,0x02,0x05,0x05,0x08,0x08,0x05,0x05,0x04,0x04,
    0x08,0x08,0x0d,0x0d,0x16,0x16,0x0c,0x0c,0x04,0x04,0x04,0x04,0x04,0x04,0x07,0x07,
    0x08,0x08,0x0e,0x0e,0x15,0x15,0x18,0x18,0x1d,0x1d,0x25,0x25,0x14,0x14,0x20,0x20,
    0x13,0x13,0x09,0x09,0x10,0x10,0x0d,0x0d,0x10,0x10,0x0e,0x0e,0x15,0x15,0x16,0x16,
    0x19,0x19,0x2c,0x2c,0x23,0x23,0x27,0x27,0x25,0x25,0x27,0x27,0x23,0x23,0x23,0x23,
    0x23,0x23,0x27,0x27,0x27,0x27,0x23,0x23,0x23,0x23,0x23,0x23,0x2e,0x2e,0x1b,0x1b,
    0x11,0x11,0x19,0x19,0x19,0x19,0x2f,0x2f,0x23,0x23,0x2f,0x2f,0x15,0x15,0x11,0x11,
    0x10,0x10,0x11,0x11,0x15,0x15,0x10,0x10,0x08,0x08,0x09,0x09,0x05,0x05,0x09,0x09,
    0x05,0x05,0x0a,0x0a,0x0d,0x0d,0x05,0x05,0x01,0x01,0x00,0x00,0x00,0x00,0x00,0x00,
    0x00,0x00,0x02,0x02,0x04,0x04,0x05,0x05,0x04,0x04,0x08,0x08,0x0d,0x0d,0x08,0x08,
    0x0b,0x0b,0x07,0x07,0x01,0x01,0x02,0x02,0x04,0x04,0x07,0x07,0x0d,0x0d,0x04,0x04,
    0x01,0x01,0x04,0x04,0x07,0x07,0x0e,0x0e,0x08,0x08,0x04,0x04,0x01,0x01,0x01,0x01,
    0x04,0x04,0x04,0x04,0x04,0x04,0x04,0x04,0x05,0x05,0x09,0x09,0x08,0x08,0x0d,0x0d,
    0x0e,0x0e,0x12,0x12,0x15,0x15,0x12,0x12,0x1f,0x1f,0x2c,0x2c,0x22,0x22,0x2c,0x2c,
    0x1c,0x1c,0x16,0x16,0x14,0x14,0x15,0x15,0x16,0x16,0x20,0x20,0x2b,0x2b,0x16,0x16,
    0x1c,0x1c,0x20,0x20,0x1a,0x1a,0x1b,0x1b,0x18,0x18,0x16,0x16,0x1a,0x1a,0x1c,0x1c,
    0x16,0x16,0x12,0x12,0x16,0x16,0x17,0x17,0x1d,0x1d,0x19,0x19,0x1d,0x1d,0x1f,0x1f,
    0x13,0x13,0x16,0x16,0x1a,0x1a,0x1b,0x1b,0x2c,0x2c,0x23,0x23,0x28,0x28,0x23,0x23,
    0x23,0x23,0x2b,0x2b,0x18,0x18,0x16,0x16,0x1d,0x1d,0x17,0x17,0x1c,0x1c,0x2c,0x2c,
    0x1b,0x1b,0x0f,0x0f,0x0e,0x0e,0x0f,0x0f,0x0e,0x0e,0x0e,0x0e,0x0c,0x0c,0x0e,0x0e,
    0x0e,0x0e,0x17,0x17,0x20,0x20,0x16,0x16,0x0f,0x0f,0x0c,0x0c,0x07,0x07,0x0c,0x0c,
    0x07,0x07,0x0f,0x0f,0x0e,0x0e,0x06,0x06,0x04,0x04,0x04,0x04,0x04,0x04,0x07,0x07,
    0x08,0x08,0x08,0x08,0x0c,0x0c,0x0e,0x0e,0x0c,0x0c,0x0f,0x0f,0x16,0x16,0x14,0x14,
    0x2f,0x2f,0x1c,0x1c,0x17,0x17,0x14,0x14,0x0e,0x0e,0x08,0x08,0x0e,0x0e,0x14,0x14,
    0x14,0x14,0x2c,0x2c,0x2c,0x2c,0x23,0x23,0x23,0x23,0x28,0x28,0x23,0x23,0x1d,0x1d,
    0x2f,0x2f,0x1c,0x1c,0x1a,0x1a,0x0d,0x0d,0x11,0x11,0x15,0x15,0x11,0x11,0x1a,0x1a,
    0x19,0x19,0x1c,0x1c,0x2c,0x2c,0x23,0x23,0x2c,0x2c,0x1b,0x1b,0x1f,0x1f,0x2c,0x2c,
    0x23,0x23,0x28,0x28,0x25,0x25,0x28,0x28,0x28,0x28,0x28,0x28,0x27,0x27,0x23,0x23,
    0x2c,0x2c,0x18,0x18,0x1a,0x1a,0x1e,0x1e,0x1a,0x1a,0x16,0x16,0x17,0x17,0x1b,0x1b,
    0x1a,0x1a,0x17,0x17,0x25,0x25,0x1f,0x1f,0x1f,0x1f,0x1f,0x1f,0x1a,0x1a,0x1a,0x1a,
    0x1d,0x1d,0x23,0x23,0x2c,0x2c,0x2b,0x2b,0x23,0x23,0x2c,0x2c,0x1f,0x1f,0x1d,0x1d,
    0x2e,0x2e,0x1e,0x1e,0x14,0x14,0x16,0x16,0x0d,0x0d,0x09,0x09,0x09,0x09,0x09,0x09,
    0x09,0x09,0x08,0x08,0x05,0x05,0x04,0x04,0x02,0x02,0x04,0x04,0x02,0x02,0x01,0x01,
    0x02,0x02,0x05,0x05,0x07,0x07,0x04,0x04,0x01,0x01,0x02,0x02,0x02,0x02,0x04,0x04,
    0x0c,0x0c,0x08,0x08,0x0a,0x0a,0x0e,0x0e,0x16,0x16,0x1a,0x1a,0x12,0x12,0x12,0x12,
    0x09,0x09,0x08,0x08,0x12,0x12,0x12,0x12,0x0e,0x0e,0x11,0x11,0x12,0x12,0x1f,0x1f,
    0x1c,0x1c,0x25,0x25,0x27,0x27,0x23,0x23,0x28,0x28,0x28,0x28,0x23,0x23,0x23,0x23,
    0x23,0x23,0x23,0x23,0x23,0x23,0x23,0x23,0x23,0x23,0x1e,0x1e,0x1c,0x1c,0x13,0x13,
    0x13,0x13,0x09,0x09,0x0a,0x0a,0x16,0x16,0x13,0x13,0x2e,0x2e,0x12,0x12,0x13,0x13,
    0x13,0x13,0x09,0x09,0x0a,0x0a,0x05,0x05,0x05,0x05,0x0a,0x0a,0x0a,0x0a,0x09,0x09,
    0x0a,0x0a,0x0a,0x0a,0x0a,0x0a,0x09,0x09,0x05,0x05,0x08,0x08,0x07,0x07,0x00,0x00,
    0x00,0x00,0x00,0x00,0x04,0x04,0x02,0x02,0x01,0x01,0x02,0x02,0x04,0x04,0x08,0x08,
    0x01,0x01,0x01,0x01,0x01,0x01,0x07,0x07,0x04,0x04,0x07,0x07,0x17,0x17,0x0c,0x0c,
    0x04,0x04,0x07,0x07,0x0c,0x0c,0x08,0x08,0x04,0x04,0x02,0x02,0x02,0x02,0x04,0x04,
    0x01,0x01,0x04,0x04,0x05,0x05,0x02,0x02,0x04,0x04,0x05,0x05,0x05,0x05,0x0e,0x0e,
    0x15,0x15,0x17,0x17,0x0e,0x0e,0x0e,0x0e,0x16,0x16,0x23,0x23,0x2c,0x2c,0x1d,0x1d,
    0x1d,0x1d,0x1b,0x1b,0x1e,0x1e,0x18,0x18,0x20,0x20,0x1e,0x1e,0x19,0x19,0x16,0x16,
    0x18,0x18,0x16,0x16,0x13,0x13,0x10,0x10,0x15,0x15,0x1b,0x1b,0x16,0x16,0x0a,0x0a,
    0x15,0x15,0x1a,0x1a,0x12,0x12,0x0a,0x0a,0x13,0x13,0x1a,0x1a,0x1e,0x1e,0x12,0x12,
    0x0d,0x0d,0x13,0x13,0x1d,0x1d,0x1e,0x1e,0x25,0x25,0x2a,0x2a,0x28,0x28,0x23,0x23,
    0x27,0x27,0x27,0x27,0x2c,0x2c,0x1f,0x1f,0x23,0x23,0x23,0x23,0x20,0x20,0x1d,0x1d,
    0x17,0x17,0x0f,0x0f,0x0e,0x0e,0x0e,0x0e,0x17,0x17,0x16,0x16,0x0b,0x0b,0x0f,0x0f,
    0x1d,0x1d,0x1d,0x1d,0x23,0x23,0x1d,0x1d,0x16,0x16,0x0f,0x0f,0x0c,0x0c,0x0b,0x0b,
    0x07,0x07,0x0f,0x0f,0x0e,0x0e,0x06,0x06,0x04,0x04,0x04,0x04,0x04,0x04,0x07,0x07,
    0x08,0x08,0x08,0x08,0x0c,0x0c,0x0e,0x0e,0x0c,0x0c,0x0f,0x0f,0x16,0x16,0x14,0x14,
    0x2f,0x2f,0x1c,0x1c,0x17,0x17,0x14,0x14,0x0e,0x0e,0x08,0x08,0x0e,0x0e,0x14,0x14,
    0x14,0x14,0x2c,0x2c,0x2c,0x2c,0x23,0x23,0x23,0x23,0x28,0x28,0x23,0x23,0x1d,0x1d,
    0x2f,0x2f,0x1c,0x1c,0x1a,0x1a,0x0d,0x0d,0x11,0x11,0x15,0x15,0x11,0x11,0x1a,0x1a,
    0x19,0x19,0x1c,0x1c,0x2c,0x2c,0x23,0x23,0x2c,0x2c,0x1b,0x1b,0x1f,0x1f,0x2c,0x2c,
    0x23,0x23,0x28,0x28,0x25,0x25,0x28,0x28,0x28,0x28,0x28,0x28,0x27,0x27,0x23,0x23,
    0x2c,0x2c,0x18,0x18,0x1a,0x1a,0x1e,0x1e,0x1a,0x1a,0x16,0x16,0x17,0x17,0x1b,0x1b,
    0x1a,0x1a,0x17,0x17,0x25,0x25,0x1f,0x1f,0x1f,0x1f,0x1f,0x1f,0x1a,0x1a,0x1a,0x1a,
    0x1d,0x1d,0x23,0x23,0x2c,0x2c,0x2b,0x2b,0x23,0x23,0x2c,0x2c,0x1f,0x1f,0x1d,0x1d,
    0x2e,0x2e,0x1e,0x1e,0x14,0x14,0x16,0x16,0x0d,0x0d,0x09,0x09,0x09,0x09,0x09,0x09,
    0x09,0x09,0x08,0x08,0x05,0x05,0x04,0x04,0x02,0x02,0x04,0x04,0x02,0x02,0x01,0x01,
    0x02,0x02,0x05,0x05,0x07,0x07,0x04,0x04,0x01,0x01,0x02,0x02,0x02,0x02,0x04,0x04,
    0x0c,0x0c,0x08,0x08,0x0a,0x0a,0x0e,0x0e,0x16,0x16,0x1a,0x1a,0x12,0x12,0x12,0x12,
    0x09,0x09,0x08,0x08,0x12,0x12,0x12,0x12,0x0e,0x0e,0x11,0x11,0x12,0x12,0x1f,0x1f,
    0x1c,0x1c,0x25,0x25,0x27,0x27,0x23,0x23,0x28,0x28,0x28,0x28,0x23,0x23,0x23,0x23,
    0x23,0x23,0x23,0x23,0x23,0x23,0x23,0x23,0x23,0x23,0x1e,0x1e,0x1c,0x1c,0x13,0x13,
    0x13,0x13,0x09,0x09,0x0a,0x0a,0x16,0x16,0x13,0x13,0x2e,0x2e,0x12,0x12,0x13,0x13,
    0x13,0x13,0x09,0x09,0x0a,0x0a,0x05,0x05,0x05,0x05,0x0a,0x0a,0x0a,0x0a,0x09,0x09,
    0x0a,0x0a,0x0a,0x0a,0x0a,0x0a,0x09,0x09,0x05,0x05,0x08,0x08,0x07,0x07,0x00,0x00,
    0x00,0x00,0x00,0x00,0x04,0x04,0x02,0x02,0x01,0x01,0x02,0x02,0x04,0x04,0x08,0x08,
    0x01,0x01,0x01,0x01,0x01,0x01,0x07,0x07,0x04,0x04,0x07,0x07,0x17,0x17,0x0c,0x0c,
    0x04,0x04,0x07,0x07,0x0c,0x0c,0x08,0x08,0x04,0x04,0x02,0x02,0x02,0x02,0x04,0x04,
    0x01,0x01,0x04,0x04,0x05,0x05,0x02,0x02,0x04,0x04,0x05,0x05,0x05,0x05,0x0e,0x0e,
    0x15,0x15,0x17,0x17,0x0e,0x0e,0x0e,0x0e,0x16,0x16,0x23,0x23,0x2c,0x2c,0x1d,0x1d,
    0x1d,0x1d,0x1b,0x1b,0x1e,0x1e,0x18,0x18,0x20,0x20,0x1e,0x1e,0x19,0x19,0x16,0x16,
    0x18,0x18,0x16,0x16,0x13,0x13,0x10,0x10,0x15,0x15,0x1b,0x1b,0x16,0x16,0x0a,0x0a,
    0x15,0x15,0x1a,0x1a,0x12,0x12,0x0a,0x0a,0x13,0x13,0x1a,0x1a,0x1e,0x1e,0x12,0x12,
    0x0d,0x0d,0x13,0x13,0x1d,0x1d,0x1e,0x1e,0x25,0x25,0x2a,0x2a,0x28,0x28,0x23,0x23,
    0x27,0x27,0x27,0x27,0x2c,0x2c,0x1f,0x1f,0x23,0x23,0x23,0x23,0x20,0x20,0x1d,0x1d,
    0x17,0x17,0x0f,0x0f,0x0e,0x0e,0x0e,0x0e,0x17,0x17,0x16,0x16,0x0b,0x0b,0x0f,0x0f,
    0x1d,0x1d,0x1d,0x1d,0x23,0x23,0x1d,0x1d,0x16,0x16,0x0f,0x0f,0x0c,0x0c,0x0b,0x0b,
    0x0b,0x0b,0x0f,0x0f,0x14,0x14,0x05,0x05,0x01,0x01,0x02,0x02,0x08,0x08,0x08,0x08,
    0x07,0x07,0x08,0x08,0x0c,0x0c,0x0c,0x0c,0x0e,0x0e,0x16,0x16,0x0f,0x0f,0x1c,0x1c,
    0x1c,0x1c,0x0f,0x0f,0x17,0x17,0x0f,0x0f,0x0c,0x0c,0x08,0x08,0x0f,0x0f,0x0f,0x0f,
    0x14,0x14,0x1d,0x1d,0x1c,0x1c,0x2e,0x2e,0x25,0x25,0x25,0x25,0x17,0x17,0x1a,0x1a,
    0x1b,0x1b,0x1b,0x1b,0x1e,0x1e,0x15,0x15,0x10,0x10,0x16,0x16,0x20,0x20,0x13,0x13,
    0x2c,0x2c,0x23,0x23,0x22,0x22,0x2c,0x2c,0x1b,0x1b,0x14,0x14,0x18,0x18,0x1c,0x1c,
    0x2b,0x2b,0x23,0x23,0x28,0x28,0x27,0x27,0x23,0x23,0x23,0x23,0x23,0x23,0x27,0x27,
    0x23,0x23,0x23,0x23,0x1f,0x1f,0x18,0x18,0x2a,0x2a,0x1b,0x1b,0x17,0x17,0x18,0x18,
    0x23,0x23,0x23,0x23,0x2b,0x2b,0x2b,0x2b,0x28,0x28,0x2a,0x2a,0x25,0x25,0x18,0x18,
    0x1f,0x1f,0x2c,0x2c,0x23,0x23,0x23,0x23,0x25,0x25,0x20,0x20,0x11,0x11,0x10,0x10,
    0x22,0x22,0x2f,0x2f,0x13,0x13,0x0f,0x0f,0x0d,0x0d,0x0a,0x0a,0x05,0x05,0x05,0x05,
    0x08,0x08,0x05,0x05,0x05,0x05,0x05,0x05,0x02,0x02,0x01,0x01,0x01,0x01,0x02,0x02,
    0x02,0x02,0x02,0x02,0x01,0x01,0x01,0x01,0x01,0x01,0x02,0x02,0x04,0x04,0x04,0x04,
    0x07,0x07,0x08,0x08,0x08,0x08,0x08,0x08,0x11,0x11,0x19,0x19,0x0e,0x0e,0x12,0x12,
    0x12,0x12,0x0f,0x0f,0x0e,0x0e,0x0e,0x0e,0x14,0x14,0x0e,0x0e,0x1a,0x1a,0x1a,0x1a,
    0x1a,0x1a,0x2c,0x2c,0x23,0x23,0x23,0x23,0x23,0x23,0x23,0x23,0x25,0x25,0x23,0x23,
    0x23,0x23,0x23,0x23,0x23,0x23,0x20,0x20,0x2f,0x2f,0x15,0x15,0x13,0x13,0x15,0x15,
    0x09,0x09,0x09,0x09,0x0d,0x0d,0x13,0x13,0x11,0x11,0x18,0x18,0x11,0x11,0x16,0x16,
    0x0a,0x0a,0x0d,0x0d,0x09,0x09,0x05,0x05,0x09,0x09,0x09,0x09,0x0a,0x0a,0x0a,0x0a,
    0x0a,0x0a,0x09,0x09,0x08,0x08,0x02,0x02,0x05,0x05,0x10,0x10,0x05,0x05,0x02,0x02,
    0x02,0x02,0x02,0x02,0x02,0x02,0x01,0x01,0x01,0x01,0x01,0x01,0x01,0x01,0x04,0x04,
    0x01,0x01,0x01,0x01,0x02,0x02,0x04,0x04,0x02,0x02,0x07,0x07,0x16,0x16,0x17,0x17,
    0x0c,0x0c,0x0b,0x0b,0x07,0x07,0x07,0x07,0x04,0x04,0x01,0x01,0x04,0x04,0x02,0x02,
    0x02,0x02,0x04,0x04,0x05,0x05,0x05,0x05,0x04,0x04,0x05,0x05,0x07,0x07,0x0d,0x0d,
    0x0e,0x0e,0x0d,0x0d,0x0d,0x0d,0x11,0x11,0x16,0x16,0x18,0x18,0x23,0x23,0x14,0x14,
    0x17,0x17,0x2f,0x2f,0x19,0x19,0x1e,0x1e,0x2f,0x2f,0x19,0x19,0x13,0x13,0x1c,0x1c,
    0x11,0x11,0x15,0x15,0x09,0x09,0x09,0x09,0x0d,0x0d,0x15,0x15,0x1d,0x1d,0x13,0x13,
    0x08,0x08,0x18,0x18,0x18,0x18,0x10,0x10,0x19,0x19,0x15,0x15,0x25,0x25,0x2f,0x2f,
    0x16,0x16,0x1b,0x1b,0x1c,0x1c,0x1e,0x1e,0x25,0x25,0x23,0x23,0x23,0x23,0x28,0x28,
    0x27,0x27,0x23,0x23,0x23,0x23,0x23,0x23,0x22,0x22,0x22,0x22,0x2e,0x2e,0x1a,0x1a,
    0x14,0x14,0x18,0x18,0x16,0x16,0x16,0x16,0x17,0x17,0x16,0x16,0x14,0x14,0x1c,0x1c,
    0x2b,0x2b,0x28,0x28,0x2b,0x2b,0x14,0x14,0x0f,0x0f,0x17,0x17,0x12,0x12,0x0c,0x0c,
    0x0b,0x0b,0x0f,0x0f,0x14,0x14,0x05,0x05,0x01,0x01,0x02,0x02,0x08,0x08,0x08,0x08,
    0x07,0x07,0x08,0x08,0x0c,0x0c,0x0c,0x0c,0x0e,0x0e,0x16,0x16,0x0f,0x0f,0x1c,0x1c,
    0x1c,0x1c,0x0f,0x0f,0x17,0x17,0x0f,0x0f,0x0c,0x0c,0x08,0x08,0x0f,0x0f,0x0f,0x0f,
    0x14,0x14,0x1d,0x1d,0x1c,0x1c,0x2e,0x2e,0x25,0x25,0x25,0x25,0x17,0x17,0x1a,0x1a,
    0x1b,0x1b,0x1b,0x1b,0x1e,0x1e,0x15,0x15,0x10,0x10,0x16,0x16,0x20,0x20,0x13,0x13,
    0x2c,0x2c,0x23,0x23,0x22,0x22,0x2c,0x2c,0x1b,0x1b,0x14,0x14,0x18,0x18,0x1c,0x1c,
    0x2b,0x2b,0x23,0x23,0x28,0x28,0x27,0x27,0x23,0x23,0x23,0x23,0x23,0x23,0x27,0x27,
    0x23,0x23,0x23,0x23,0x1f,0x1f,0x18,0x18,0x2a,0x2a,0x1b,0x1b,0x17,0x17,0x18,0x18,
    0x23,0x23,0x23,0x23,0x2b,0x2b,0x2b,0x2b,0x28,0x28,0x2a,0x2a,0x25,0x25,0x18,0x18,
    0x1f,0x1f,0x2c,0x2c,0x23,0x23,0x23,0x23,0x25,0x25,0x20,0x20,0x11,0x11,0x10,0x10,
    0x22,0x22,0x2f,0x2f,0x13,0x13,0x0f,0x0f,0x0d,0x0d,0x0a,0x0a,0x05,0x05,0x05,0x05,
    0x08,0x08,0x05,0x05,0x05,0x05,0x05,0x05,0x02,0x02,0x01,0x01,0x01,0x01,0x02,0x02,
    0x02,0x02,0x02,0x02,0x01,0x01,0x01,0x01,0x01,0x01,0x02,0x02,0x04,0x04,0x04,0x04,
    0x07,0x07,0x08,0x08,0x08,0x08,0x08,0x08,0x11,0x11,0x19,0x19,0x0e,0x0e,0x12,0x12,
    0x12,0x12,0x0f,0x0f,0x0e,0x0e,0x0e,0x0e,0x14,0x14,0x0e,0x0e,0x1a,0x1a,0x1a,0x1a,
    0x1a,0x1a,0x2c,0x2c,0x23,0x23,0x23,0x23,0x23,0x23,0x23,0x23,0x25,0x25,0x23,0x23,
    0x23,0x23,0x23,0x23,0x23,0x23,0x20,0x20,0x2f,0x2f,0x15,0x15,0x13,0x13,0x15,0x15,
    0x09,0x09,0x09,0x09,0x0d,0x0d,0x13,0x13,0x11,0x11,0x18,0x18,0x11,0x11,0x16,0x16,
    0x0a,0x0a,0x0d,0x0d,0x09,0x09,0x05,0x05,0x09,0x09,0x09,0x09,0x0a,0x0a,0x0a,0x0a,
    0x0a,0x0a,0x09,0x09,0x08,0x08,0x02,0x02,0x05,0x05,0x10,0x10,0x05,0x05,0x02,0x02,
    0x02,0x02,0x02,0x02,0x02,0x02,0x01,0x01,0x01,0x01,0x01,0x01,0x01,0x01,0x04,0x04,
    0x01,0x01,0x01,0x01,0x02,0x02,0x04,0x04,0x02,0x02,0x07,0x07,0x16,0x16,0x17,0x17,
    0x0c,0x0c,0x0b,0x0b,0x07,0x07,0x07,0x07,0x04,0x04,0x01,0x01,0x04,0x04,0x02,0x02,
    0x02,0x02,0x04,0x04,0x05,0x05,0x05,0x05,0x04,0x04,0x05,0x05,0x07,0x07,0x0d,0x0d,
    0x0e,0x0e,0x0d,0x0d,0x0d,0x0d,0x11,0x11,0x16,0x16,0x18,0x18,0x23,0x23,0x14,0x14,
    0x17,0x17,0x2f,0x2f,0x19,0x19,0x1e,0x1e,0x2f,0x2f,0x19,0x19,0x13,0x13,0x1c,0x1c,
    0x11,0x11,0x15,0x15,0x09,0x09,0x09,0x09,0x0d,0x0d,0x15,0x15,0x1d,0x1d,0x13,0x13,
    0x08,0x08,0x18,0x18,0x18,0x18,0x10,0x10,0x19,0x19,0x15,0x15,0x25,0x25,0x2f,0x2f,
    0x16,0x16,0x1b,0x1b,0x1c,0x1c,0x1e,0x1e,0x25,0x25,0x23,0x23,0x23,0x23,0x28,0x28,
    0x27,0x27,0x23,0x23,0x23,0x23,0x23,0x23,0x22,0x22,0x22,0x22,0x2e,0x2e,0x1a,0x1a,
    0x14,0x14,0x18,0x18,0x16,0x16,0x16,0x16,0x17,0x17,0x16,0x16,0x14,0x14,0x1c,0x1c,
    0x2b,0x2b,0x28,0x28,0x2b,0x2b,0x14,0x14,0x0f,0x0f,0x17,0x17,0x12,0x12,0x0c,0x0c,
    0x0e,0x0e,0x16,0x16,0x0c,0x0c,0x05,0x05,0x04,0x04,0x01,0x01,0x04,0x04,0x07,0x07,
    0x05,0x05,0x08,0x08,0x0b,0x0b,0x0b,0x0b,0x0c,0x0c,0x0e,0x0e,0x0f,0x0f,0x1a,0x1a,
    0x14,0x14,0x0c,0x0c,0x0e,0x0e,0x07,0x07,0x0c,0x0c,0x04,0x04,0x0b,0x0b,0x0e,0x0e,
    0x0e,0x0e,0x16,0x16,0x21,0x21,0x16,0x16,0x1a,0x1a,0x16,0x16,0x16,0x16,0x18,0x18,
    0x18,0x18,0x14,0x14,0x2e,0x2e,0x2f,0x2f,0x16,0x16,0x1b,0x1b,0x2e,0x2e,0x2c,0x2c,
    0x23,0x23,0x23,0x23,0x26,0x26,0x18,0x18,0x16,0x16,0x1f,0x1f,0x1f,0x1f,0x17,0x17,
    0x1b,0x1b,0x29,0x29,0x23,0x23,0x2a,0x2a,0x25,0x25,0x23,0x23,0x28,0x28,0x28,0x28,
    0x23,0x23,0x23,0x23,0x23,0x23,0x28,0x28,0x23,0x23,0x2e,0x2e,0x1c,0x1c,0x23,0x23,
    0x28,0x28,0x25,0x25,0x28,0x28,0x28,0x28,0x2b,0x2b,0x28,0x28,0x25,0x25,0x2c,0x2c,
    0x2b,0x2b,0x2b,0x2b,0x28,0x28,0x23,0x23,0x2e,0x2e,0x1b,0x1b,0x09,0x09,0x09,0x09,
    0x19,0x19,0x19,0x19,0x1b,0x1b,0x1e,0x1e,0x10,0x10,0x0a,0x0a,0x09,0x09,0x02,0x02,
    0x00,0x00,0x02,0x02,0x05,0x05,0x05,0x05,0x01,0x01,0x01,0x01,0x00,0x00,0x01,0x01,
    0x02,0x02,0x01,0x01,0x01,0x01,0x01,0x01,0x01,0x01,0x07,0x07,0x0c,0x0c,0x08,0x08,
    0x04,0x04,0x08,0x08,0x08,0x08,0x08,0x08,0x0d,0x0d,0x0a,0x0a,0x0e,0x0e,0x24,0x24,
    0x1a,0x1a,0x0f,0x0f,0x0c,0x0c,0x12,0x12,0x19,0x19,0x15,0x15,0x1c,0x1c,0x2b,0x2b,
    0x23,0x23,0x23,0x23,0x25,0x25,0x27,0x27,0x23,0x23,0x23,0x23,0x18,0x18,0x1f,0x1f,
    0x23,0x23,0x28,0x28,0x23,0x23,0x20,0x20,0x25,0x25,0x1c,0x1c,0x11,0x11,0x09,0x09,
    0x09,0x09,0x09,0x09,0x09,0x09,0x10,0x10,0x0d,0x0d,0x11,0x11,0x11,0x11,0x08,0x08,
    0x0a,0x0a,0x05,0x05,0x08,0x08,0x05,0x05,0x09,0x09,0x0a,0x0a,0x0a,0x0a,0x0a,0x0a,
    0x0a,0x0a,0x05,0x05,0x01,0x01,0x04,0x04,0x08,0x08,0x09,0x09,0x09,0x09,0x08,0x08,
    0x09,0x09,0x0d,0x0d,0x04,0x04,0x04,0x04,0x04,0x04,0x01,0x01,0x01,0x01,0x01,0x01,
    0x01,0x01,0x04,0x04,0x04,0x04,0x07,0x07,0x04,0x04,0x0b,0x0b,0x0b,0x0b,0x1a,0x1a,
    0x29,0x29,0x08,0x08,0x0c,0x0c,0x07,0x07,0x04,0x04,0x04,0x04,0x04,0x04,0x04,0x04,
    0x04,0x04,0x05,0x05,0x07,0x07,0x05,0x05,0x08,0x08,0x08,0x08,0x04,0x04,0x05,0x05,
    0x08,0x08,0x05,0x05,0x09,0x09,0x12,0x12,0x10,0x10,0x12,0x12,0x19,0x19,0x13,0x13,
    0x11,0x11,0x1a,0x1a,0x2e,0x2e,0x15,0x15,0x23,0x23,0x1e,0x1e,0x13,0x13,0x18,0x18,
    0x0d,0x0d,0x0a,0x0a,0x09,0x09,0x0a,0x0a,0x0a,0x0a,0x0d,0x0d,0x1c,0x1c,0x2f,0x2f,
    0x16,0x16,0x19,0x19,0x1d,0x1d,0x16,0x16,0x1a,0x1a,0x23,0x23,0x28,0x28,0x28,0x28,
    0x2c,0x2c,0x25,0x25,0x23,0x23,0x21,0x21,0x23,0x23,0x23,0x23,0x23,0x23,0x23,0x23,
    0x23,0x23,0x23,0x23,0x23,0x23,0x27,0x27,0x22,0x22,0x25,0x25,0x1e,0x1e,0x16,0x16,
    0x14,0x14,0x1f,0x1f,0x2c,0x2c,0x18,0x18,0x17,0x17,0x1a,0x1a,0x2e,0x2e,0x23,0x23,
    0x23,0x23,0x2a,0x2a,0x2c,0x2c,0x16,0x16,0x0f,0x0f,0x17,0x17,0x16,0x16,0x12,0x12,
    0x0e,0x0e,0x16,0x16,0x0c,0x0c,0x05,0x05,0x04,0x04,0x01,0x01,0x04,0x04,0x07,0x07,
    0x05,0x05,0x08,0x08,0x0b,0x0b,0x0b,0x0b,0x0c,0x0c,0x0e,0x0e,0x0f,0x0f,0x1a,0x1a,
    0x14,0x14,0x0c,0x0c,0x0e,0x0e,0x07,0x07,0x0c,0x0c,0x04,0x04,0x0b,0x0b,0x0e,0x0e,
    0x0e,0x0e,0x16,0x16,0x21,0x21,0x16,0x16,0x1a,0x1a,0x16,0x16,0x16,0x16,0x18,0x18,
    0x18,0x18,0x14,0x14,0x2e,0x2e,0x2f,0x2f,0x16,0x16,0x1b,0x1b,0x2e,0x2e,0x2c,0x2c,
    0x23,0x23,0x23,0x23,0x26,0x26,0x18,0x18,0x16,0x16,0x1f,0x1f,0x1f,0x1f,0x17,0x17,
    0x1b,0x1b,0x29,0x29,0x23,0x23,0x2a,0x2a,0x25,0x25,0x23,0x23,0x28,0x28,0x28,0x28,
    0x23,0x23,0x23,0x23,0x23,0x23,0x28,0x28,0x23,0x23,0x2e,0x2e,0x1c,0x1c,0x23,0x23,
    0x28,0x28,0x25,0x25,0x28,0x28,0x28,0x28,0x2b,0x2b,0x28,0x28,0x25,0x25,0x2c,0x2c,
    0x2b,0x2b,0x2b,0x2b,0x28,0x28,0x23,0x23,0x2e,0x2e,0x1b,0x1b,0x09,0x09,0x09,0x09,
    0x19,0x19,0x19,0x19,0x1b,0x1b,0x1e,0x1e,0x10,0x10,0x0a,0x0a,0x09,0x09,0x02,0x02,
    0x00,0x00,0x02,0x02,0x05,0x05,0x05,0x05,0x01,0x01,0x01,0x01,0x00,0x00,0x01,0x01,
    0x02,0x02,0x01,0x01,0x01,0x01,0x01,0x01,0x01,0x01,0x07,0x07,0x0c,0x0c,0x08,0x08,
    0x04,0x04,0x08,0x08,0x08,0x08,0x08,0x08,0x0d,0x0d,0x0a,0x0a,0x0e,0x0e,0x24,0x24,
    0x1a,0x1a,0x0f,0x0f,0x0c,0x0c,0x12,0x12,0x19,0x19,0x15,0x15,0x1c,0x1c,0x2b,0x2b,
    0x23,0x23,0x23,0x23,0x25,0x25,0x27,0x27,0x23,0x23,0x23,0x23,0x18,0x18,0x1f,0x1f,
    0x23,0x23,0x28,0x28,0x23,0x23,0x20,0x20,0x25,0x25,0x1c,0x1c,0x11,0x11,0x09,0x09,
    0x09,0x09,0x09,0x09,0x09,0x09,0x10,0x10,0x0d,0x0d,0x11,0x11,0x11,0x11,0x08,0x08,
    0x0a,0x0a,0x05,0x05,0x08,0x08,0x05,0x05,0x09,0x09,0x0a,0x0a,0x0a,0x0a,0x0a,0x0a,
    0x0a,0x0a,0x05,0x05,0x01,0x01,0x04,0x04,0x08,0x08,0x09,0x09,0x09,0x09,0x08,0x08,
    0x09,0x09,0x0d,0x0d,0x04,0x04,0x04,0x04,0x04,0x04,0x01,0x01,0x01,0x01,0x01,0x01,
    0x01,0x01,0x04,0x04,0x04,0x04,0x07,0x07,0x04,0x04,0x0b,0x0b,0x0b,0x0b,0x1a,0x1a,
    0x29,0x29,0x08,0x08,0x0c,0x0c,0x07,0x07,0x04,0x04,0x04,0x04,0x04,0x04,0x04,0x04,
    0x04,0x04,0x05,0x05,0x07,0x07,0x05,0x05,0x08,0x08,0x08,0x08,0x04,0x04,0x05,0x05,
    0x08,0x08,0x05,0x05,0x09,0x09,0x12,0x12,0x10,0x10,0x12,0x12,0x19,0x19,0x13,0x13,
    0x11,0x11,0x1a,0x1a,0x2e,0x2e,0x15,0x15,0x23,0x23,0x1e,0x1e,0x13,0x13,0x18,0x18,
    0x0d,0x0d,0x0a,0x0a,0x09,0x09,0x0a,0x0a,0x0a,0x0a,0x0d,0x0d,0x1c,0x1c,0x2f,0x2f,
    0x16,0x16,0x19,0x19,0x1d,0x1d,0x16,0x16,0x1a,0x1a,0x23,0x23,0x28,0x28,0x28,0x28,
    0x2c,0x2c,0x25,0x25,0x23,0x23,0x21,0x21,0x23,0x23,0x23,0x23,0x23,0x23,0x23,0x23,
    0x23,0x23,0x23,0x23,0x23,0x23,0x27,0x27,0x22,0x22,0x25,0x25,0x1e,0x1e,0x16,0x16,
    0x14,0x14,0x1f,0x1f,0x2c,0x2c,0x18,0x18,0x17,0x17,0x1a,0x1a,0x2e,0x2e,0x23,0x23,
    0x23,0x23,0x2a,0x2a,0x2c,0x2c,0x16,0x16,0x0f,0x0f,0x17,0x17,0x16,0x16,0x12,0x12,
    0x17,0x17,0x0c,0x0c,0x0b,0x0b,0x07,0x07,0x07,0x07,0x01,0x01,0x01,0x01,0x01,0x01,
    0x08,0x08,0x07,0x07,0x05,0x05,0x0b,0x0b,0x08,0x08,0x0e,0x0e,0x12,0x12,0x14,0x14,
    0x14,0x14,0x08,0x08,0x05,0x05,0x08,0x08,0x07,0x07,0x0d,0x0d,0x0c,0x0c,0x15,0x15,
    0x14,0x14,0x14,0x14,0x16,0x16,0x16,0x16,0x14,0x14,0x17,0x17,0x14,0x14,0x0c,0x0c,
    0x14,0x14,0x1d,0x1d,0x1f,0x1f,0x23,0x23,0x25,0x25,0x23,0x23,0x25,0x25,0x23,0x23,
    0x23,0x23,0x20,0x20,0x16,0x16,0x17,0x17,0x16,0x16,0x14,0x14,0x1b,0x1b,0x16,0x16,
    0x1b,0x1b,0x22,0x22,0x25,0x25,0x28,0x28,0x2b,0x2b,0x2b,0x2b,0x23,0x23,0x2a,0x2a,
    0x2b,0x2b,0x27,0x27,0x23,0x23,0x23,0x23,0x2a,0x2a,0x2b,0x2b,0x2e,0x2e,0x25,0x25,
    0x2b,0x2b,0x28,0x28,0x28,0x28,0x2a,0x2a,0x28,0x28,0x25,0x25,0x28,0x28,0x25,0x25,
    0x25,0x25,0x25,0x25,0x23,0x23,0x2b,0x2b,0x19,0x19,0x0d,0x0d,0x09,0x09,0x09,0x09,
    0x0a,0x0a,0x05,0x05,0x16,0x16,0x1b,0x1b,0x13,0x13,0x11,0x11,0x10,0x10,0x05,0x05,
    0x00,0x00,0x00,0x00,0x02,0x02,0x04,0x04,0x00,0x00,0x00,0x00,0x01,0x01,0x01,0x01,
    0x02,0x02,0x04,0x04,0x01,0x01,0x02,0x02,0x08,0x08,0x07,0x07,0x0c,0x0c,0x0c,0x0c,
    0x0e,0x0e,0x14,0x14,0x0f,0x0f,0x0e,0x0e,0x0d,0x0d,0x14,0x14,0x17,0x17,0x18,0x18,
    0x2f,0x2f,0x12,0x12,0x14,0x14,0x1c,0x1c,0x1a,0x1a,0x1c,0x1c,0x22,0x22,0x25,0x25,
    0x22,0x22,0x23,0x23,0x23,0x23,0x23,0x23,0x2c,0x2c,0x18,0x18,0x10,0x10,0x1b,0x1b,
    0x2b,0x2b,0x23,0x23,0x27,0x27,0x23,0x23,0x23,0x23,0x23,0x23,0x1c,0x1c,0x12,0x12,
    0x08,0x08,0x0a,0x0a,0x09,0x09,0x0a,0x0a,0x09,0x09,0x09,0x09,0x15,0x15,0x09,0x09,
    0x0a,0x0a,0x05,0x05,0x05,0x05,0x10,0x10,0x0a,0x0a,0x10,0x10,0x13,0x13,0x09,0x09,
    0x13,0x13,0x0d,0x0d,0x02,0x02,0x05,0x05,0x05,0x05,0x05,0x05,0x09,0x09,0x0a,0x0a,
    0x09,0x09,0x05,0x05,0x05,0x05,0x04,0x04,0x04,0x04,0x01,0x01,0x01,0x01,0x01,0x01,
    0x04,0x04,0x08,0x08,0x08,0x08,0x0b,0x0b,0x0c,0x0c,0x0f,0x0f,0x0f,0x0f,0x12,0x12,
    0x1a,0x1a,0x0c,0x0c,0x0e,0x0e,0x0b,0x0b,0x04,0x04,0x04,0x04,0x02,0x02,0x04,0x04,
    0x05,0x05,0x08,0x08,0x08,0x08,0x08,0x08,0x08,0x08,0x08,0x08,0x05,0x05,0x08,0x08,
    0x08,0x08,0x05,0x05,0x08,0x08,0x08,0x08,0x0d,0x0d,0x10,0x10,0x13,0x13,0x0e,0x0e,
    0x0e,0x0e,0x17,0x17,0x19,0x19,0x10,0x10,0x17,0x17,0x19,0x19,0x2f,0x2f,0x11,0x11,
    0x15,0x15,0x12,0x12,0x05,0x05,0x08,0x08,0x13,0x13,0x13,0x13,0x2f,0x2f,0x1a,0x1a,
    0x26,0x26,0x20,0x20,0x1f,0x1f,0x1c,0x1c,0x23,0x23,0x23,0x23,0x23,0x23,0x28,0x28,
    0x23,0x23,0x23,0x23,0x23,0x23,0x23,0x23,0x23,0x23,0x23,0x23,0x23,0x23,0x23,0x23,
    0x23,0x23,0x23,0x23,0x22,0x22,0x1c,0x1c,0x1f,0x1f,0x1f,0x1f,0x1b,0x1b,0x1f,0x1f,
    0x1c,0x1c,0x1f,0x1f,0x25,0x25,0x1b,0x1b,0x28,0x28,0x1d,0x1d,0x23,0x23,0x23,0x23,
    0x28,0x28,0x23,0x23,0x23,0x23,0x1b,0x1b,0x17,0x17,0x17,0x17,0x17,0x17,0x1b,0x1b,
    0x17,0x17,0x0c,0x0c,0x0b,0x0b,0x07,0x07,0x07,0x07,0x01,0x01,0x01,0x01,0x01,0x01,
    0x08,0x08,0x07,0x07,0x05,0x05,0x0b,0x0b,0x08,0x08,0x0e,0x0e,0x12,0x12,0x14,0x14,
    0x14,0x14,0x08,0x08,0x05,0x05,0x08,0x08,0x07,0x07,0x0d,0x0d,0x0c,0x0c,0x15,0x15,
    0x14,0x14,0x14,0x14,0x16,0x16,0x16,0x16,0x14,0x14,0x17,0x17,0x14,0x14,0x0c,0x0c,
    0x14,0x14,0x1d,0x1d,0x1f,0x1f,0x23,0x23,0x25,0x25,0x23,0x23,0x25,0x25,0x23,0x23,
    0x23,0x23,0x20,0x20,0x16,0x16,0x17,0x17,0x16,0x16,0x14,0x14,0x1b,0x1b,0x16,0x16,
    0x1b,0x1b,0x22,0x22,0x25,0x25,0x28,0x28,0x2b,0x2b,0x2b,0x2b,0x23,0x23,0x2a,0x2a,
    0x2b,0x2b,0x27,0x27,0x23,0x23,0x23,0x23,0x2a,0x2a,0x2b,0x2b,0x2e,0x2e,0x25,0x25,
    0x2b,0x2b,0x28,0x28,0x28,0x28,0x2a,0x2a,0x28,0x28,0x25,0x25,0x28,0x28,0x25,0x25,
    0x25,0x25,0x25,0x25,0x23,0x23,0x2b,0x2b,0x19,0x19,0x0d,0x0d,0x09,0x09,0x09,0x09,
    0x0a,0x0a,0x05,0x05,0x16,0x16,0x1b,0x1b,0x13,0x13,0x11,0x11,0x10,0x10,0x05,0x05,
    0x00,0x00,0x00,0x00,0x02,0x02,0x04,0x04,0x00,0x00,0x00,0x00,0x01,0x01,0x01,0x01,
    0x02,0x02,0x04,0x04,0x01,0x01,0x02,0x02,0x08,0x08,0x07,0x07,0x0c,0x0c,0x0c,0x0c,
    0x0e,0x0e,0x14,0x14,0x0f,0x0f,0x0e,0x0e,0x0d,0x0d,0x14,0x14,0x17,0x17,0x18,0x18,
    0x2f,0x2f,0x12,0x12,0x14,0x14,0x1c,0x1c,0x1a,0x1a,0x1c,0x1c,0x22,0x22,0x25,0x25,
    0x22,0x22,0x23,0x23,0x23,0x23,0x23,0x23,0x2c,0x2c,0x18,0x18,0x10,0x10,0x1b,0x1b,
    0x2b,0x2b,0x23,0x23,0x27,0x27,0x23,0x23,0x23,0x23,0x23,0x23,0x1c,0x1c,0x12,0x12,
    0x08,0x08,0x0a,0x0a,0x09,0x09,0x0a,0x0a,0x09,0x09,0x09,0x09,0x15,0x15,0x09,0x09,
    0x0a,0x0a,0x05,0x05,0x05,0x05,0x10,0x10,0x0a,0x0a,0x10,0x10,0x13,0x13,0x09,0x09,
    0x13,0x13,0x0d,0x0d,0x02,0x02,0x05,0x05,0x05,0x05,0x05,0x05,0x09,0x09,0x0a,0x0a,
    0x09,0x09,0x05,0x05,0x05,0x05,0x04,0x04,0x04,0x04,0x01,0x01,0x01,0x01,0x01,0x01,
    0x04,0x04,0x08,0x08,0x08,0x08,0x0b,0x0b,0x0c,0x0c,0x0f,0x0f,0x0f,0x0f,0x12,0x12,
    0x1a,0x1a,0x0c,0x0c,0x0e,0x0e,0x0b,0x0b,0x04,0x04,0x04,0x04,0x02,0x02,0x04,0x04,
    0x05,0x05,0x08,0x08,0x08,0x08,0x08,0x08,0x08,0x08,0x08,0x08,0x05,0x05,0x08,0x08,
    0x08,0x08,0x05,0x05,0x08,0x08,0x08,0x08,0x0d,0x0d,0x10,0x10,0x13,0x13,0x0e,0x0e,
    0x0e,0x0e,0x17,0x17,0x19,0x19,0x10,0x10,0x17,0x17,0x19,0x19,0x2f,0x2f,0x11,0x11,
    0x15,0x15,0x12,0x12,0x05,0x05,0x08,0x08,0x13,0x13,0x13,0x13,0x2f,0x2f,0x1a,0x1a,
    0x26,0x26,0x20,0x20,0x1f,0x1f,0x1c,0x1c,0x23,0x23,0x23,0x23,0x23,0x23,0x28,0x28,
    0x23,0x23,0x23,0x23,0x23,0x23,0x23,0x23,0x23,0x23,0x23,0x23,0x23,0x23,0x23,0x23,
    0x23,0x23,0x23,0x23,0x22,0x22,0x1c,0x1c,0x1f,0x1f,0x1f,0x1f,0x1b,0x1b,0x1f,0x1f,
    0x1c,0x1c,0x1f,0x1f,0x25,0x25,0x1b,0x1b,0x28,0x28,0x1d,0x1d,0x23,0x23,0x23,0x23,
    0x28,0x28,0x23,0x23,0x23,0x23,0x1b,0x1b,0x17,0x17,0x17,0x17,0x17,0x17,0x1b,0x1b,
    0x17,0x17,0x12,0x12,0x0e,0x0e,0x07,0x07,0x0e,0x0e,0x04,0x04,0x01,0x01,0x01,0x01,
    0x04,0x04,0x04,0x04,0x05,0x05,0x05,0x05,0x08,0x08,0x0e,0x0e,0x0f,0x0f,0x0c,0x0c,
    0x07,0x07,0x04,0x04,0x04,0x04,0x07,0x07,0x04,0x04,0x0e,0x0e,0x0e,0x0e,0x0f,0x0f,
    0x14,0x14,0x0b,0x0b,0x0e,0x0e,0x14,0x14,0x0e,0x0e,0x0e,0x0e,0x0b,0x0b,0x0f,0x0f,
    0x0f,0x0f,0x0f,0x0f,0x1a,0x1a,0x2b,0x2b,0x23,0x23,0x25,0x25,0x23,0x23,0x25,0x25,
    0x25,0x25,0x20,0x20,0x1f,0x1f,0x1a,0x1a,0x0f,0x0f,0x0e,0x0e,0x0e,0x0e,0x0e,0x0e,
    0x1a,0x1a,0x1c,0x1c,0x22,0x22,0x2b,0x2b,0x2b,0x2b,0x25,0x25,0x28,0x28,0x2b,0x2b,
    0x23,0x23,0x27,0x27,0x25,0x25,0x2b,0x2b,0x27,0x27,0x25,0x25,0x28,0x28,0x2b,0x2b,
    0x23,0x23,0x23,0x23,0x2b,0x2b,0x23,0x23,0x2a,0x2a,0x25,0x25,0x25,0x25,0x28,0x28,
    0x27,0x27,0x23,0x23,0x23,0x23,0x2c,0x2c,0x12,0x12,0x0a,0x0a,0x0a,0x0a,0x09,0x09,
    0x05,0x05,0x0a,0x0a,0x19,0x19,0x1a,0x1a,0x2f,0x2f,0x19,0x19,0x15,0x15,0x15,0x15,
    0x05,0x05,0x00,0x00,0x00,0x00,0x00,0x00,0x02,0x02,0x02,0x02,0x04,0x04,0x04,0x04,
    0x02,0x02,0x04,0x04,0x01,0x01,0x02,0x02,0x05,0x05,0x04,0x04,0x07,0x07,0x0e,0x0e,
    0x0f,0x0f,0x0f,0x0f,0x12,0x12,0x0f,0x0f,0x14,0x14,0x1e,0x1e,0x2c,0x2c,0x1f,0x1f,
    0x21,0x21,0x1c,0x1c,0x16,0x16,0x1a,0x1a,0x1c,0x1c,0x1d,0x1d,0x21,0x21,0x1c,0x1c,
    0x23,0x23,0x23,0x23,0x23,0x23,0x23,0x23,0x2b,0x2b,0x20,0x20,0x1e,0x1e,0x20,0x20,
    0x23,0x23,0x2a,0x2a,0x23,0x23,0x22,0x22,0x2c,0x2c,0x19,0x19,0x1a,0x1a,0x1b,0x1b,
    0x08,0x08,0x15,0x15,0x11,0x11,0x09,0x09,0x08,0x08,0x05,0x05,0x08,0x08,0x09,0x09,
    0x05,0x05,0x05,0x05,0x08,0x08,0x12,0x12,0x15,0x15,0x16,0x16,0x10,0x10,0x11,0x11,
    0x1a,0x1a,0x10,0x10,0x10,0x10,0x0a,0x0a,0x05,0x05,0x08,0x08,0x11,0x11,0x0d,0x0d,
    0x08,0x08,0x04,0x04,0x04,0x04,0x04,0x04,0x01,0x01,0x01,0x01,0x01,0x01,0x01,0x01,
    0x01,0x01,0x04,0x04,0x08,0x08,0x0e,0x0e,0x0b,0x0b,0x07,0x07,0x0f,0x0f,0x0f,0x0f,
    0x14,0x14,0x0b,0x0b,0x07,0x07,0x0b,0x0b,0x07,0x07,0x07,0x07,0x04,0x04,0x04,0x04,
    0x0c,0x0c,0x0d,0x0d,0x08,0x08,0x08,0x08,0x08,0x08,0x08,0x08,0x08,0x08,0x08,0x08,
    0x08,0x08,0x05,0x05,0x04,0x04,0x05,0x05,0x08,0x08,0x08,0x08,0x05,0x05,0x10,0x10,
    0x0d,0x0d,0x13,0x13,0x15,0x15,0x0d,0x0d,0x10,0x10,0x19,0x19,0x13,0x13,0x09,0x09,
    0x16,0x16,0x13,0x13,0x09,0x09,0x09,0x09,0x11,0x11,0x1b,0x1b,0x1b,0x1b,0x16,0x16,
    0x1a,0x1a,0x25,0x25,0x25,0x25,0x25,0x25,0x25,0x25,0x23,0x23,0x23,0x23,0x23,0x23,
    0x25,0x25,0x2b,0x2b,0x23,0x23,0x23,0x23,0x23,0x23,0x27,0x27,0x25,0x25,0x23,0x23,
    0x23,0x23,0x27,0x27,0x23,0x23,0x0e,0x0e,0x16,0x16,0x1c,0x1c,0x17,0x17,0x26,0x26,
    0x23,0x23,0x25,0x25,0x23,0x23,0x2c,0x2c,0x23,0x23,0x29,0x29,0x23,0x23,0x23,0x23,
    0x25,0x25,0x27,0x27,0x23,0x23,0x1f,0x1f,0x22,0x22,0x1a,0x1a,0x20,0x20,0x1d,0x1d,
    0x17,0x17,0x12,0x12,0x0e,0x0e,0x07,0x07,0x0e,0x0e,0x04,0x04,0x01,0x01,0x01,0x01,
    0x04,0x04,0x04,0x04,0x05,0x05,0x05,0x05,0x08,0x08,0x0e,0x0e,0x0f,0x0f,0x0c,0x0c,
    0x07,0x07,0x04,0x04,0x04,0x04,0x07,0x07,0x04,0x04,0x0e,0x0e,0x0e,0x0e,0x0f,0x0f,
    0x14,0x14,0x0b,0x0b,0x0e,0x0e,0x14,0x14,0x0e,0x0e,0x0e,0x0e,0x0b,0x0b,0x0f,0x0f,
    0x0f,0x0f,0x0f,0x0f,0x1a,0x1a,0x2b,0x2b,0x23,0x23,0x25,0x25,0x23,0x23,0x25,0x25,
    0x25,0x25,0x20,0x20,0x1f,0x1f,0x1a,0x1a,0x0f,0x0f,0x0e,0x0e,0x0e,0x0e,0x0e,0x0e,
    0x1a,0x1a,0x1c,0x1c,0x22,0x22,0x2b,0x2b,0x2b,0x2b,0x25,0x25,0x28,0x28,0x2b,0x2b,
    0x23,0x23,0x27,0x27,0x25,0x25,0x2b,0x2b,0x27,0x27,0x25,0x25,0x28,0x28,0x2b,0x2b,
    0x23,0x23,0x23,0x23,0x2b,0x2b,0x23,0x23,0x2a,0x2a,0x25,0x25,0x25,0x25,0x28,0x28,
    0x27,0x27,0x23,0x23,0x23,0x23,0x2c,0x2c,0x12,0x12,0x0a,0x0a,0x0a,0x0a,0x09,0x09,
    0x05,0x05,0x0a,0x0a,0x19,0x19,0x1a,0x1a,0x2f,0x2f,0x19,0x19,0x15,0x15,0x15,0x15,
    0x05,0x05,0x00,0x00,0x00,0x00,0x00,0x00,0x02,0x02,0x02,0x02,0x04,0x04,0x04,0x04,
    0x02,0x02,0x04,0x04,0x01,0x01,0x02,0x02,0x05,0x05,0x04,0x04,0x07,0x07,0x0e,0x0e,
    0x0f,0x0f,0x0f,0x0f,0x12,0x12,0x0f,0x0f,0x14,0x14,0x1e,0x1e,0x2c,0x2c,0x1f,0x1f,
    0x21,0x21,0x1c,0x1c,0x16,0x16,0x1a,0x1a,0x1c,0x1c,0x1d,0x1d,0x21,0x21,0x1c,0x1c,
    0x23,0x23,0x23,0x23,0x23,0x23,0x23,0x23,0x2b,0x2b,0x20,0x20,0x1e,0x1e,0x20,0x20,
    0x23,0x23,0x2a,0x2a,0x23,0x23,0x22,0x22,0x2c,0x2c,0x19,0x19,0x1a,0x1a,0x1b,0x1b,
    0x08,0x08,0x15,0x15,0x11,0x11,0x09,0x09,0x08,0x08,0x05,0x05,0x08,0x08,0x09,0x09,
    0x05,0x05,0x05,0x05,0x08,0x08,0x12,0x12,0x15,0x15,0x16,0x16,0x10,0x10,0x11,0x11,
    0x1a,0x1a,0x10,0x10,0x10,0x10,0x0a,0x0a,0x05,0x05,0x08,0x08,0x11,0x11,0x0d,0x0d,
    0x08,0x08,0x04,0x04,0x04,0x04,0x04,0x04,0x01,0x01,0x01,0x01,0x01,0x01,0x01,0x01,
    0x01,0x01,0x04,0x04,0x08,0x08,0x0e,0x0e,0x0b,0x0b,0x07,0x07,0x0f,0x0f,0x0f,0x0f,
    0x14,0x14,0x0b,0x0b,0x07,0x07,0x0b,0x0b,0x07,0x07,0x07,0x07,0x04,0x04,0x04,0x04,
    0x0c,0x0c,0x0d,0x0d,0x08,0x08,0x08,0x08,0x08,0x08,0x08,0x08,0x08,0x08,0x08,0x08,
    0x08,0x08,0x05,0x05,0x04,0x04,0x05,0x05,0x08,0x08,0x08,0x08,0x05,0x05,0x10,0x10,
    0x0d,0x0d,0x13,0x13,0x15,0x15,0x0d,0x0d,0x10,0x10,0x19,0x19,0x13,0x13,0x09,0x09,
    0x16,0x16,0x13,0x13,0x09,0x09,0x09,0x09,0x11,0x11,0x1b,0x1b,0x1b,0x1b,0x16,0x16,
    0x1a,0x1a,0x25,0x25,0x25,0x25,0x25,0x25,0x25,0x25,0x23,0x23,0x23,0x23,0x23,0x23,
    0x25,0x25,0x2b,0x2b,0x23,0x23,0x23,0x23,0x23,0x23,0x27,0x27,0x25,0x25,0x23,0x23,
    0x23,0x23,0x27,0x27,0x23,0x23,0x0e,0x0e,0x16,0x16,0x1c,0x1c,0x17,0x17,0x26,0x26,
    0x23,0x23,0x25,0x25,0x23,0x23,0x2c,0x2c,0x23,0x23,0x29,0x29,0x23,0x23,0x23,0x23,
    0x25,0x25,0x27,0x27,0x23,0x23,0x1f,0x1f,0x22,0x22,0x1a,0x1a,0x20,0x20,0x1d,0x1d,
    0x14,0x14,0x12,0x12,0x0e,0x0e,0x08,0x08,0x04,0x04,0x01,0x01,0x01,0x01,0x01,0x01,
    0x04,0x04,0x04,0x04,0x02,0x02,0x05,0x05,0x05,0x05,0x0b,0x0b,0x0b,0x0b,0x07,0x07,
    0x02,0x02,0x01,0x01,0x02,0x02,0x04,0x04,0x08,0x08,0x07,0x07,0x0c,0x0c,0x0f,0x0f,
    0x07,0x07,0x0b,0x0b,0x0c,0x0c,0x0b,0x0b,0x0e,0x0e,0x0b,0x0b,0x07,0x07,0x17,0x17,
    0x1a,0x1a,0x16,0x16,0x1b,0x1b,0x22,0x22,0x25,0x25,0x1f,0x1f,0x25,0x25,0x1b,0x1b,
    0x1b,0x1b,0x25,0x25,0x18,0x18,0x2f,0x2f,0x16,0x16,0x08,0x08,0x0b,0x0b,0x17,0x17,
    0x18,0x18,0x14,0x14,0x22,0x22,0x2a,0x2a,0x2b,0x2b,0x28,0x28,0x28,0x28,0x28,0x28,
    0x23,0x23,0x2b,0x2b,0x25,0x25,0x2a,0x2a,0x2b,0x2b,0x25,0x25,0x23,0x23,0x28,0x28,
    0x28,0x28,0x23,0x23,0x28,0x28,0x23,0x23,0x27,0x27,0x25,0x25,0x27,0x27,0x27,0x27,
    0x23,0x23,0x28,0x28,0x2c,0x2c,0x2b,0x2b,0x21,0x21,0x16,0x16,0x13,0x13,0x05,0x05,
    0x09,0x09,0x13,0x13,0x10,0x10,0x1a,0x1a,0x11,0x11,0x09,0x09,0x18,0x18,0x13,0x13,
    0x00,0x00,0x00,0x00,0x00,0x00,0x00,0x00,0x04,0x04,0x09,0x09,0x05,0x05,0x08,0x08,
    0x07,0x07,0x02,0x02,0x04,0x04,0x04,0x04,0x04,0x04,0x05,0x05,0x08,0x08,0x0c,0x0c,
    0x0e,0x0e,0x12,0x12,0x16,0x16,0x22,0x22,0x14,0x14,0x14,0x14,0x16,0x16,0x1c,0x1c,
    0x1f,0x1f,0x25,0x25,0x28,0x28,0x27,0x27,0x23,0x23,0x23,0x23,0x15,0x15,0x18,0x18,
    0x1c,0x1c,0x23,0x23,0x23,0x23,0x23,0x23,0x23,0x23,0x2b,0x2b,0x2b,0x2b,0x25,0x25,
    0x23,0x23,0x25,0x25,0x22,0x22,0x22,0x22,0x23,0x23,0x27,0x27,0x2c,0x2c,0x1b,0x1b,
    0x13,0x13,0x2c,0x2c,0x1c,0x1c,0x13,0x13,0x09,0x09,0x00,0x00,0x00,0x00,0x09,0x09,
    0x0d,0x0d,0x0d,0x0d,0x09,0x09,0x0a,0x0a,0x16,0x16,0x15,0x15,0x16,0x16,0x27,0x27,
    0x1f,0x1f,0x19,0x19,0x19,0x19,0x0a,0x0a,0x08,0x08,0x10,0x10,0x12,0x12,0x0d,0x0d,
    0x08,0x08,0x05,0x05,0x05,0x05,0x08,0x08,0x02,0x02,0x04,0x04,0x02,0x02,0x01,0x01,
    0x01,0x01,0x04,0x04,0x04,0x04,0x0e,0x0e,0x0d,0x0d,0x07,0x07,0x0e,0x0e,0x0c,0x0c,
    0x0f,0x0f,0x07,0x07,0x04,0x04,0x07,0x07,0x04,0x04,0x02,0x02,0x02,0x02,0x04,0x04,
    0x0b,0x0b,0x0d,0x0d,0x05,0x05,0x08,0x08,0x08,0x08,0x08,0x08,0x08,0x08,0x08,0x08,
    0x08,0x08,0x08,0x08,0x05,0x05,0x04,0x04,0x02,0x02,0x01,0x01,0x05,0x05,0x05,0x05,
    0x05,0x05,0x0a,0x0a,0x0d,0x0d,0x0d,0x0d,0x0a,0x0a,0x09,0x09,0x0a,0x0a,0x0d,0x0d,
    0x12,0x12,0x0a,0x0a,0x05,0x05,0x05,0x05,0x08,0x08,0x0d,0x0d,0x15,0x15,0x1e,0x1e,
    0x0d,0x0d,0x1c,0x1c,0x2c,0x2c,0x23,0x23,0x25,0x25,0x23,0x23,0x23,0x23,0x28,0x28,
    0x2a,0x2a,0x2c,0x2c,0x2c,0x2c,0x25,0x25,0x23,0x23,0x28,0x28,0x28,0x28,0x23,0x23,
    0x23,0x23,0x23,0x23,0x28,0x28,0x1a,0x1a,0x1a,0x1a,0x17,0x17,0x1f,0x1f,0x21,0x21,
    0x23,0x23,0x23,0x23,0x23,0x23,0x23,0x23,0x23,0x23,0x23,0x23,0x28,0x28,0x2b,0x2b,
    0x28,0x28,0x23,0x23,0x23,0x23,0x28,0x28,0x2b,0x2b,0x20,0x20,0x1e,0x1e,0x14,0x14,
    0x14,0x14,0x12,0x12,0x0e,0x0e,0x08,0x08,0x04,0x04,0x01,0x01,0x01,0x01,0x01,0x01,
    0x04,0x04,0x04,0x04,0x02,0x02,0x05,0x05,0x05,0x05,0x0b,0x0b,0x0b,0x0b,0x07,0x07,
    0x02,0x02,0x01,0x01,0x02,0x02,0x04,0x04,0x08,0x08,0x07,0x07,0x0c,0x0c,0x0f,0x0f,
    0x07,0x07,0x0b,0x0b,0x0c,0x0c,0x0b,0x0b,0x0e,0x0e,0x0b,0x0b,0x07,0x07,0x17,0x17,
    0x1a,0x1a,0x16,0x16,0x1b,0x1b,0x22,0x22,0x25,0x25,0x1f,0x1f,0x25,0x25,0x1b,0x1b,
    0x1b,0x1b,0x25,0x25,0x18,0x18,0x2f,0x2f,0x16,0x16,0x08,0x08,0x0b,0x0b,0x17,0x17,
    0x18,0x18,0x14,0x14,0x22,0x22,0x2a,0x2a,0x2b,0x2b,0x28,0x28,0x28,0x28,0x28,0x28,
    0x23,0x23,0x2b,0x2b,0x25,0x25,0x2a,0x2a,0x2b,0x2b,0x25,0x25,0x23,0x23,0x28,0x28,
    0x28,0x28,0x23,0x23,0x28,0x28,0x23,0x23,0x27,0x27,0x25,0x25,0x27,0x27,0x27,0x27,
    0x23,0x23,0x28,0x28,0x2c,0x2c,0x2b,0x2b,0x21,0x21,0x16,0x16,0x13,0x13,0x05,0x05,
    0x09,0x09,0x13,0x13,0x10,0x10,0x1a,0x1a,0x11,0x11,0x09,0x09,0x18,0x18,0x13,0x13,
    0x00,0x00,0x00,0x00,0x00,0x00,0x00,0x00,0x04,0x04,0x09,0x09,0x05,0x05,0x08,0x08,
    0x07,0x07,0x02,0x02,0x04,0x04,0x04,0x04,0x04,0x04,0x05,0x05,0x08,0x08,0x0c,0x0c,
    0x0e,0x0e,0x12,0x12,0x16,0x16,0x22,0x22,0x14,0x14,0x14,0x14,0x16,0x16,0x1c,0x1c,
    0x1f,0x1f,0x25,0x25,0x28,0x28,0x27,0x27,0x23,0x23,0x23,0x23,0x15,0x15,0x18,0x18,
    0x1c,0x1c,0x23,0x23,0x23,0x23,0x23,0x23,0x23,0x23,0x2b,0x2b,0x2b,0x2b,0x25,0x25,
    0x23,0x23,0x25,0x25,0x22,0x22,0x22,0x22,0x23,0x23,0x27,0x27,0x2c,0x2c,0x1b,0x1b,
    0x13,0x13,0x2c,0x2c,0x1c,0x1c,0x13,0x13,0x09,0x09,0x00,0x00,0x00,0x00,0x09,0x09,
    0x0d,0x0d,0x0d,0x0d,0x09,0x09,0x0a,0x0a,0x16,0x16,0x15,0x15,0x16,0x16,0x27,0x27,
    0x1f,0x1f,0x19,0x19,0x19,0x19,0x0a,0x0a,0x08,0x08,0x10,0x10,0x12,0x12,0x0d,0x0d,
    0x08,0x08,0x05,0x05,0x05,0x05,0x08,0x08,0x02,0x02,0x04,0x04,0x02,0x02,0x01,0x01,
    0x01,0x01,0x04,0x04,0x04,0x04,0x0e,0x0e,0x0d,0x0d,0x07,0x07,0x0e,0x0e,0x0c,0x0c,
    0x0f,0x0f,0x07,0x07,0x04,0x04,0x07,0x07,0x04,0x04,0x02,0x02,0x02,0x02,0x04,0x04,
    0x0b,0x0b,0x0d,0x0d,0x05,0x05,0x08,0x08,0x08,0x08,0x08,0x08,0x08,0x08,0x08,0x08,
    0x08,0x08,0x08,0x08,0x05,0x05,0x04,0x04,0x02,0x02,0x01,0x01,0x05,0x05,0x05,0x05,
    0x05,0x05,0x0a,0x0a,0x0d,0x0d,0x0d,0x0d,0x0a,0x0a,0x09,0x09,0x0a,0x0a,0x0d,0x0d,
    0x12,0x12,0x0a,0x0a,0x05,0x05,0x05,0x05,0x08,0x08,0x0d,0x0d,0x15,0x15,0x1e,0x1e,
    0x0d,0x0d,0x1c,0x1c,0x2c,0x2c,0x23,0x23,0x25,0x25,0x23,0x23,0x23,0x23,0x28,0x28,
    0x2a,0x2a,0x2c,0x2c,0x2c,0x2c,0x25,0x25,0x23,0x23,0x28,0x28,0x28,0x28,0x23,0x23,
    0x23,0x23,0x23,0x23,0x28,0x28,0x1a,0x1a,0x1a,0x1a,0x17,0x17,0x1f,0x1f,0x21,0x21,
    0x23,0x23,0x23,0x23,0x23,0x23,0x23,0x23,0x23,0x23,0x23,0x23,0x28,0x28,0x2b,0x2b,
    0x28,0x28,0x23,0x23,0x23,0x23,0x28,0x28,0x2b,0x2b,0x20,0x20,0x1e,0x1e,0x14,0x14,
    0x0f,0x0f,0x0e,0x0e,0x08,0x08,0x04,0x04,0x02,0x02,0x01,0x01,0x01,0x01,0x01,0x01,
    0x01,0x01,0x01,0x01,0x01,0x01,0x08,0x08,0x07,0x07,0x04,0x04,0x07,0x07,0x02,0x02,
    0x01,0x01,0x01,0x01,0x01,0x01,0x04,0x04,0x0b,0x0b,0x04,0x04,0x07,0x07,0x0f,0x0f,
    0x0b,0x0b,0x07,0x07,0x06,0x06,0x07,0x07,0x0b,0x0b,0x14,0x14,0x12,0x12,0x14,0x14,
    0x0f,0x0f,0x18,0x18,0x1d,0x1d,0x22,0x22,0x25,0x25,0x23,0x23,0x16,0x16,0x0f,0x0f,
    0x18,0x18,0x1a,0x1a,0x14,0x14,0x12,0x12,0x12,0x12,0x16,0x16,0x16,0x16,0x2d,0x2d,
    0x0f,0x0f,0x18,0x18,0x2f,0x2f,0x23,0x23,0x28,0x28,0x2b,0x2b,0x2b,0x2b,0x2a,0x2a,
    0x27,0x27,0x23,0x23,0x28,0x28,0x27,0x27,0x27,0x27,0x23,0x23,0x23,0x23,0x23,0x23,
    0x27,0x27,0x23,0x23,0x28,0x28,0x2c,0x2c,0x23,0x23,0x23,0x23,0x2a,0x2a,0x2b,0x2b,
    0x2b,0x2b,0x20,0x20,0x1b,0x1b,0x20,0x20,0x1b,0x1b,0x15,0x15,0x11,0x11,0x08,0x08,
    0x08,0x08,0x08,0x08,0x09,0x09,0x0d,0x0d,0x10,0x10,0x10,0x10,0x05,0x05,0x00,0x00,
    0x00,0x00,0x00,0x00,0x00,0x00,0x00,0x00,0x04,0x04,0x05,0x05,0x05,0x05,0x09,0x09,
    0x09,0x09,0x05,0x05,0x02,0x02,0x04,0x04,0x05,0x05,0x09,0x09,0x12,0x12,0x10,0x10,
    0x0d,0x0d,0x0d,0x0d,0x1b,0x1b,0x2e,0x2e,0x10,0x10,0x10,0x10,0x11,0x11,0x16,0x16,
    0x2f,0x2f,0x1b,0x1b,0x1f,0x1f,0x23,0x23,0x25,0x25,0x20,0x20,0x1c,0x1c,0x1c,0x1c,
    0x14,0x14,0x2c,0x2c,0x22,0x22,0x23,0x23,0x27,0x27,0x27,0x27,0x27,0x27,0x23,0x23,
    0x23,0x23,0x1d,0x1d,0x2c,0x2c,0x2c,0x2c,0x23,0x23,0x23,0x23,0x23,0x23,0x20,0x20,
    0x20,0x20,0x2e,0x2e,0x1e,0x1e,0x10,0x10,0x09,0x09,0x05,0x05,0x05,0x05,0x09,0x09,
    0x09,0x09,0x15,0x15,0x15,0x15,0x08,0x08,0x0a,0x0a,0x10,0x10,0x19,0x19,0x16,0x16,
    0x2f,0x2f,0x19,0x19,0x11,0x11,0x15,0x15,0x11,0x11,0x1c,0x1c,0x15,0x15,0x0a,0x0a,
    0x08,0x08,0x09,0x09,0x16,0x16,0x10,0x10,0x14,0x14,0x0c,0x0c,0x02,0x02,0x04,0x04,
    0x04,0x04,0x0e,0x0e,0x05,0x05,0x08,0x08,0x08,0x08,0x0b,0x0b,0x08,0x08,0x0c,0x0c,
    0x0b,0x0b,0x07,0x07,0x07,0x07,0x04,0x04,0x04,0x04,0x04,0x04,0x02,0x02,0x02,0x02,
    0x04,0x04,0x07,0x07,0x0a,0x0a,0x07,0x07,0x05,0x05,0x08,0x08,0x08,0x08,0x08,0x08,
    0x08,0x08,0x07,0x07,0x0a,0x0a,0x04,0x04,0x01,0x01,0x01,0x01,0x04,0x04,0x05,0x05,
    0x05,0x05,0x08,0x08,0x08,0x08,0x09,0x09,0x08,0x08,0x05,0x05,0x09,0x09,0x09,0x09,
    0x08,0x08,0x0a,0x0a,0x05,0x05,0x09,0x09,0x0d,0x0d,0x08,0x08,0x0d,0x0d,0x11,0x11,
    0x11,0x11,0x15,0x15,0x2c,0x2c,0x2b,0x2b,0x2b,0x2b,0x25,0x25,0x20,0x20,0x1d,0x1d,
    0x2f,0x2f,0x19,0x19,0x19,0x19,0x1f,0x1f,0x25,0x25,0x28,0x28,0x2a,0x2a,0x23,0x23,
    0x28,0x28,0x23,0x23,0x20,0x20,0x29,0x29,0x1f,0x1f,0x1a,0x1a,0x1f,0x1f,0x23,0x23,
    0x23,0x23,0x25,0x25,0x2b,0x2b,0x27,0x27,0x23,0x23,0x23,0x23,0x1f,0x1f,0x17,0x17,
    0x1b,0x1b,0x23,0x23,0x25,0x25,0x1c,0x1c,0x14,0x14,0x20,0x20,0x1c,0x1c,0x0e,0x0e,
    0x0f,0x0f,0x0e,0x0e,0x08,0x08,0x04,0x04,0x02,0x02,0x01,0x01,0x01,0x01,0x01,0x01,
    0x01,0x01,0x01,0x01,0x01,0x01,0x08,0x08,0x07,0x07,0x04,0x04,0x07,0x07,0x02,0x02,
    0x01,0x01,0x01,0x01,0x01,0x01,0x04,0x04,0x0b,0x0b,0x04,0x04,0x07,0x07,0x0f,0x0f,
    0x0b,0x0b,0x07,0x07,0x06,0x06,0x07,0x07,0x0b,0x0b,0x14,0x14,0x12,0x12,0x14,0x14,
    0x0f,0x0f,0x18,0x18,0x1d,0x1d,0x22,0x22,0x25,0x25,0x23,0x23,0x16,0x16,0x0f,0x0f,
    0x18,0x18,0x1a,0x1a,0x14,0x14,0x12,0x12,0x12,0x12,0x16,0x16,0x16,0x16,0x2d,0x2d,
    0x0f,0x0f,0x18,0x18,0x2f,0x2f,0x23,0x23,0x28,0x28,0x2b,0x2b,0x2b,0x2b,0x2a,0x2a,
    0x27,0x27,0x23,0x23,0x28,0x28,0x27,0x27,0x27,0x27,0x23,0x23,0x23,0x23,0x23,0x23,
    0x27,0x27,0x23,0x23,0x28,0x28,0x2c,0x2c,0x23,0x23,0x23,0x23,0x2a,0x2a,0x2b,0x2b,
    0x2b,0x2b,0x20,0x20,0x1b,0x1b,0x20,0x20,0x1b,0x1b,0x15,0x15,0x11,0x11,0x08,0x08,
    0x08,0x08,0x08,0x08,0x09,0x09,0x0d,0x0d,0x10,0x10,0x10,0x10,0x05,0x05,0x00,0x00,
    0x00,0x00,0x00,0x00,0x00,0x00,0x00,0x00,0x04,0x04,0x05,0x05,0x05,0x05,0x09,0x09,
    0x09,0x09,0x05,0x05,0x02,0x02,0x04,0x04,0x05,0x05,0x09,0x09,0x12,0x12,0x10,0x10,
    0x0d,0x0d,0x0d,0x0d,0x1b,0x1b,0x2e,0x2e,0x10,0x10,0x10,0x10,0x11,0x11,0x16,0x16,
    0x2f,0x2f,0x1b,0x1b,0x1f,0x1f,0x23,0x23,0x25,0x25,0x20,0x20,0x1c,0x1c,0x1c,0x1c,
    0x14,0x14,0x2c,0x2c,0x22,0x22,0x23,0x23,0x27,0x27,0x27,0x27,0x27,0x27,0x23,0x23,
    0x23,0x23,0x1d,0x1d,0x2c,0x2c,0x2c,0x2c,0x23,0x23,0x23,0x23,0x23,0x23,0x20,0x20,
    0x20,0x20,0x2e,0x2e,0x1e,0x1e,0x10,0x10,0x09,0x09,0x05,0x05,0x05,0x05,0x09,0x09,
    0x09,0x09,0x15,0x15,0x15,0x15,0x08,0x08,0x0a,0x0a,0x10,0x10,0x19,0x19,0x16,0x16,
    0x2f,0x2f,0x19,0x19,0x11,0x11,0x15,0x15,0x11,0x11,0x1c,0x1c,0x15,0x15,0x0a,0x0a,
    0x08,0x08,0x09,0x09,0x16,0x16,0x10,0x10,0x14,0x14,0x0c,0x0c,0x02,0x02,0x04,0x04,
    0x04,0x04,0x0e,0x0e,0x05,0x05,0x08,0x08,0x08,0x08,0x0b,0x0b,0x08,0x08,0x0c,0x0c,
    0x0b,0x0b,0x07,0x07,0x07,0x07,0x04,0x04,0x04,0x04,0x04,0x04,0x02,0x02,0x02,0x02,
    0x04,0x04,0x07,0x07,0x0a,0x0a,0x07,0x07,0x05,0x05,0x08,0x08,0x08,0x08,0x08,0x08,
    0x08,0x08,0x07,0x07,0x0a,0x0a,0x04,0x04,0x01,0x01,0x01,0x01,0x04,0x04,0x05,0x05,
    0x05,0x05,0x08,0x08,0x08,0x08,0x09,0x09,0x08,0x08,0x05,0x05,0x09,0x09,0x09,0x09,
    0x08,0x08,0x0a,0x0a,0x05,0x05,0x09,0x09,0x0d,0x0d,0x08,0x08,0x0d,0x0d,0x11,0x11,
    0x11,0x11,0x15,0x15,0x2c,0x2c,0x2b,0x2b,0x2b,0x2b,0x25,0x25,0x20,0x20,0x1d,0x1d,
    0x2f,0x2f,0x19,0x19,0x19,0x19,0x1f,0x1f,0x25,0x25,0x28,0x28,0x2a,0x2a,0x23,0x23,
    0x28,0x28,0x23,0x23,0x20,0x20,0x29,0x29,0x1f,0x1f,0x1a,0x1a,0x1f,0x1f,0x23,0x23,
    0x23,0x23,0x25,0x25,0x2b,0x2b,0x27,0x27,0x23,0x23,0x23,0x23,0x1f,0x1f,0x17,0x17,
    0x1b,0x1b,0x23,0x23,0x25,0x25,0x1c,0x1c,0x14,0x14,0x20,0x20,0x1c,0x1c,0x0e,0x0e,
    0x0d,0x0d,0x17,0x17,0x14,0x14,0x04,0x04,0x02,0x02,0x01,0x01,0x01,0x01,0x01,0x01,
    0x01,0x01,0x01,0x01,0x01,0x01,0x0c,0x0c,0x07,0x07,0x04,0x04,0x01,0x01,0x01,0x01,
    0x01,0x01,0x01,0x01,0x01,0x01,0x02,0x02,0x04,0x04,0x07,0x07,0x04,0x04,0x0b,0x0b,
    0x06,0x06,0x04,0x04,0x04,0x04,0x06,0x06,0x0f,0x0f,0x14,0x14,0x1a,0x1a,0x12,0x12,
    0x1b,0x1b,0x1f,0x1f,0x25,0x25,0x25,0x25,0x2e,0x2e,0x1d,0x1d,0x14,0x14,0x14,0x14,
    0x0c,0x0c,0x15,0x15,0x12,0x12,0x0e,0x0e,0x16,0x16,0x1b,0x1b,0x2d,0x2d,0x1b,0x1b,
    0x1c,0x1c,0x1f,0x1f,0x2b,0x2b,0x28,0x28,0x27,0x27,0x28,0x28,0x2b,0x2b,0x2a,0x2a,
    0x28,0x28,0x23,0x23,0x2a,0x2a,0x28,0x28,0x23,0x23,0x23,0x23,0x23,0x23,0x23,0x23,
    0x23,0x23,0x23,0x23,0x20,0x20,0x1b,0x1b,0x2c,0x2c,0x2c,0x2c,0x2b,0x2b,0x1f,0x1f,
    0x18,0x18,0x16,0x16,0x10,0x10,0x15,0x15,0x11,0x11,0x12,0x12,0x09,0x09,0x0d,0x0d,
    0x05,0x05,0x02,0x02,0x0a,0x0a,0x05,0x05,0x05,0x05,0x02,0x02,0x00,0x00,0x00,0x00,
    0x00,0x00,0x05,0x05,0x02,0x02,0x02,0x02,0x02,0x02,0x02,0x02,0x05,0x05,0x09,0x09,
    0x09,0x09,0x05,0x05,0x05,0x05,0x09,0x09,0x0d,0x0d,0x19,0x19,0x16,0x16,0x11,0x11,
    0x11,0x11,0x14,0x14,0x19,0x19,0x17,0x17,0x16,0x16,0x10,0x10,0x15,0x15,0x1c,0x1c,
    0x18,0x18,0x1a,0x1a,0x19,0x19,0x25,0x25,0x22,0x22,0x25,0x25,0x2c,0x2c,0x22,0x22,
    0x22,0x22,0x23,0x23,0x23,0x23,0x23,0x23,0x27,0x27,0x27,0x27,0x23,0x23,0x23,0x23,
    0x2c,0x2c,0x16,0x16,0x16,0x16,0x1a,0x1a,0x25,0x25,0x23,0x23,0x27,0x27,0x23,0x23,
    0x25,0x25,0x1c,0x1c,0x1e,0x1e,0x11,0x11,0x10,0x10,0x0a,0x0a,0x0d,0x0d,0x09,0x09,
    0x05,0x05,0x10,0x10,0x16,0x16,0x11,0x11,0x08,0x08,0x0a,0x0a,0x12,0x12,0x15,0x15,
    0x1e,0x1e,0x22,0x22,0x15,0x15,0x18,0x18,0x1c,0x1c,0x1a,0x1a,0x15,0x15,0x16,0x16,
    0x0d,0x0d,0x11,0x11,0x2f,0x2f,0x16,0x16,0x1c,0x1c,0x12,0x12,0x0f,0x0f,0x12,0x12,
    0x0c,0x0c,0x0e,0x0e,0x0d,0x0d,0x09,0x09,0x07,0x07,0x0c,0x0c,0x07,0x07,0x0b,0x0b,
    0x0b,0x0b,0x04,0x04,0x04,0x04,0x04,0x04,0x04,0x04,0x04,0x04,0x04,0x04,0x01,0x01,
    0x01,0x01,0x01,0x01,0x04,0x04,0x04,0x04,0x04,0x04,0x08,0x08,0x08,0x08,0x09,0x09,
    0x04,0x04,0x02,0x02,0x04,0x04,0x04,0x04,0x01,0x01,0x01,0x01,0x02,0x02,0x05,0x05,
    0x08,0x08,0x09,0x09,0x08,0x08,0x08,0x08,0x08,0x08,0x05,0x05,0x08,0x08,0x04,0x04,
    0x05,0x05,0x08,0x08,0x10,0x10,0x15,0x15,0x0a,0x0a,0x0a,0x0a,0x08,0x08,0x09,0x09,
    0x13,0x13,0x1a,0x1a,0x28,0x28,0x1d,0x1d,0x23,0x23,0x21,0x21,0x17,0x17,0x16,0x16,
    0x1d,0x1d,0x1c,0x1c,0x16,0x16,0x1a,0x1a,0x2e,0x2e,0x23,0x23,0x2b,0x2b,0x2b,0x2b,
    0x2b,0x2b,0x28,0x28,0x25,0x25,0x23,0x23,0x23,0x23,0x25,0x25,0x21,0x21,0x23,0x23,
    0x23,0x23,0x25,0x25,0x2b,0x2b,0x27,0x27,0x23,0x23,0x2b,0x2b,0x17,0x17,0x14,0x14,
    0x16,0x16,0x23,0x23,0x2c,0x2c,0x16,0x16,0x0e,0x0e,0x17,0x17,0x1a,0x1a,0x12,0x12,
    0x0d,0x0d,0x17,0x17,0x14,0x14,0x04,0x04,0x02,0x02,0x01,0x01,0x01,0x01,0x01,0x01,
    0x01,0x01,0x01,0x01,0x01,0x01,0x0c,0x0c,0x07,0x07,0x04,0x04,0x01,0x01,0x01,0x01,
    0x01,0x01,0x01,0x01,0x01,0x01,0x02,0x02,0x04,0x04,0x07,0x07,0x04,0x04,0x0b,0x0b,
    0x06,0x06,0x04,0x04,0x04,0x04,0x06,0x06,0x0f,0x0f,0x14,0x14,0x1a,0x1a,0x12,0x12,
    0x1b,0x1b,0x1f,0x1f,0x25,0x25,0x25,0x25,0x2e,0x2e,0x1d,0x1d,0x14,0x14,0x14,0x14,
    0x0c,0x0c,0x15,0x15,0x12,0x12,0x0e,0x0e,0x16,0x16,0x1b,0x1b,0x2d,0x2d,0x1b,0x1b,
    0x1c,0x1c,0x1f,0x1f,0x2b,0x2b,0x28,0x28,0x27,0x27,0x28,0x28,0x2b,0x2b,0x2a,0x2a,
    0x28,0x28,0x23,0x23,0x2a,0x2a,0x28,0x28,0x23,0x23,0x23,0x23,0x23,0x23,0x23,0x23,
    0x23,0x23,0x23,0x23,0x20,0x20,0x1b,0x1b,0x2c,0x2c,0x2c,0x2c,0x2b,0x2b,0x1f,0x1f,
    0x18,0x18,0x16,0x16,0x10,0x10,0x15,0x15,0x11,0x11,0x12,0x12,0x09,0x09,0x0d,0x0d,
    0x05,0x05,0x02,0x02,0x0a,0x0a,0x05,0x05,0x05,0x05,0x02,0x02,0x00,0x00,0x00,0x00,
    0x00,0x00,0x05,0x05,0x02,0x02,0x02,0x02,0x02,0x02,0x02,0x02,0x05,0x05,0x09,0x09,
    0x09,0x09,0x05,0x05,0x05,0x05,0x09,0x09,0x0d,0x0d,0x19,0x19,0x16,0x16,0x11,0x11,
    0x11,0x11,0x14,0x14,0x19,0x19,0x17,0x17,0x16,0x16,0x10,0x10,0x15,0x15,0x1c,0x1c,
    0x18,0x18,0x1a,0x1a,0x19,0x19,0x25,0x25,0x22,0x22,0x25,0x25,0x2c,0x2c,0x22,0x22,
    0x22,0x22,0x23,0x23,0x23,0x23,0x23,0x23,0x27,0x27,0x27,0x27,0x23,0x23,0x23,0x23,
    0x2c,0x2c,0x16,0x16,0x16,0x16,0x1a,0x1a,0x25,0x25,0x23,0x23,0x27,0x27,0x23,0x23,
    0x25,0x25,0x1c,0x1c,0x1e,0x1e,0x11,0x11,0x10,0x10,0x0a,0x0a,0x0d,0x0d,0x09,0x09,
    0x05,0x05,0x10,0x10,0x16,0x16,0x11,0x11,0x08,0x08,0x0a,0x0a,0x12,0x12,0x15,0x15,
    0x1e,0x1e,0x22,0x22,0x15,0x15,0x18,0x18,0x1c,0x1c,0x1a,0x1a,0x15,0x15,0x16,0x16,
    0x0d,0x0d,0x11,0x11,0x2f,0x2f,0x16,0x16,0x1c,0x1c,0x12,0x12,0x0f,0x0f,0x12,0x12,
    0x0c,0x0c,0x0e,0x0e,0x0d,0x0d,0x09,0x09,0x07,0x07,0x0c,0x0c,0x07,0x07,0x0b,0x0b,
    0x0b,0x0b,0x04,0x04,0x04,0x04,0x04,0x04,0x04,0x04,0x04,0x04,0x04,0x04,0x01,0x01,
    0x01,0x01,0x01,0x01,0x04,0x04,0x04,0x04,0x04,0x04,0x08,0x08,0x08,0x08,0x09,0x09,
    0x04,0x04,0x02,0x02,0x04,0x04,0x04,0x04,0x01,0x01,0x01,0x01,0x02,0x02,0x05,0x05,
    0x08,0x08,0x09,0x09,0x08,0x08,0x08,0x08,0x08,0x08,0x05,0x05,0x08,0x08,0x04,0x04,
    0x05,0x05,0x08,0x08,0x10,0x10,0x15,0x15,0x0a,0x0a,0x0a,0x0a,0x08,0x08,0x09,0x09,
    0x13,0x13,0x1a,0x1a,0x28,0x28,0x1d,0x1d,0x23,0x23,0x21,0x21,0x17,0x17,0x16,0x16,
    0x1d,0x1d,0x1c,0x1c,0x16,0x16,0x1a,0x1a,0x2e,0x2e,0x23,0x23,0x2b,0x2b,0x2b,0x2b,
    0x2b,0x2b,0x28,0x28,0x25,0x25,0x23,0x23,0x23,0x23,0x25,0x25,0x21,0x21,0x23,0x23,
    0x23,0x23,0x25,0x25,0x2b,0x2b,0x27,0x27,0x23,0x23,0x2b,0x2b,0x17,0x17,0x14,0x14,
    0x16,0x16,0x23,0x23,0x2c,0x2c,0x16,0x16,0x0e,0x0e,0x17,0x17,0x1a,0x1a,0x12,0x12,
    0x18,0x18,0x1a,0x1a,0x0d,0x0d,0x0d,0x0d,0x04,0x04,0x01,0x01,0x04,0x04,0x05,0x05,
    0x01,0x01,0x01,0x01,0x01,0x01,0x01,0x01,0x01,0x01,0x01,0x01,0x01,0x01,0x01,0x01,
    0x04,0x04,0x04,0x04,0x04,0x04,0x01,0x01,0x04,0x04,0x02,0x02,0x01,0x01,0x07,0x07,
    0x03,0x03,0x03,0x03,0x04,0x04,0x0b,0x0b,0x0f,0x0f,0x12,0x12,0x1a,0x1a,0x18,0x18,
    0x2f,0x2f,0x1d,0x1d,0x1d,0x1d,0x1d,0x1d,0x2c,0x2c,0x12,0x12,0x12,0x12,0x0c,0x0c,
    0x0c,0x0c,0x0c,0x0c,0x0e,0x0e,0x0c,0x0c,0x0f,0x0f,0x12,0x12,0x14,0x14,0x0c,0x0c,
    0x1b,0x1b,0x2e,0x2e,0x23,0x23,0x2a,0x2a,0x2b,0x2b,0x28,0x28,0x27,0x27,0x27,0x27,
    0x2b,0x2b,0x27,0x27,0x27,0x27,0x23,0x23,0x23,0x23,0x23,0x23,0x23,0x23,0x23,0x23,
    0x23,0x23,0x25,0x25,0x1f,0x1f,0x19,0x19,0x1a,0x1a,0x19,0x19,0x2e,0x2e,0x1b,0x1b,
    0x16,0x16,0x11,0x11,0x08,0x08,0x11,0x11,0x10,0x10,0x0a,0x0a,0x0a,0x0a,0x08,0x08,
    0x00,0x00,0x05,0x05,0x05,0x05,0x05,0x05,0x02,0x02,0x02,0x02,0x00,0x00,0x05,0x05,
    0x05,0x05,0x09,0x09,0x10,0x10,0x05,0x05,0x05,0x05,0x05,0x05,0x02,0x02,0x0a,0x0a,
    0x13,0x13,0x09,0x09,0x10,0x10,0x10,0x10,0x19,0x19,0x1d,0x1d,0x18,0x18,0x18,0x18,
    0x1b,0x1b,0x20,0x20,0x11,0x11,0x1c,0x1c,0x2f,0x2f,0x1a,0x1a,0x1a,0x1a,0x1a,0x1a,
    0x13,0x13,0x1a,0x1a,0x19,0x19,0x28,0x28,0x23,0x23,0x23,0x23,0x23,0x23,0x25,0x25,
    0x28,0x28,0x27,0x27,0x27,0x27,0x23,0x23,0x23,0x23,0x23,0x23,0x23,0x23,0x23,0x23,
    0x23,0x23,0x23,0x23,0x10,0x10,0x16,0x16,0x2c,0x2c,0x23,0x23,0x23,0x23,0x23,0x23,
    0x28,0x28,0x1c,0x1c,0x15,0x15,0x2f,0x2f,0x1a,0x1a,0x0d,0x0d,0x13,0x13,0x0d,0x0d,
    0x0a,0x0a,0x10,0x10,0x15,0x15,0x11,0x11,0x09,0x09,0x11,0x11,0x11,0x11,0x1b,0x1b,
    0x17,0x17,0x1c,0x1c,0x22,0x22,0x1e,0x1e,0x2f,0x2f,0x1e,0x1e,0x0d,0x0d,0x16,0x16,
    0x1c,0x1c,0x13,0x13,0x16,0x16,0x25,0x25,0x1f,0x1f,0x2f,0x2f,0x1a,0x1a,0x1d,0x1d,
    0x19,0x19,0x12,0x12,0x0e,0x0e,0x09,0x09,0x0d,0x0d,0x0e,0x0e,0x0c,0x0c,0x0b,0x0b,
    0x07,0x07,0x04,0x04,0x04,0x04,0x07,0x07,0x04,0x04,0x04,0x04,0x04,0x04,0x02,0x02,
    0x01,0x01,0x01,0x01,0x01,0x01,0x01,0x01,0x01,0x01,0x04,0x04,0x04,0x04,0x05,0x05,
    0x02,0x02,0x01,0x01,0x01,0x01,0x02,0x02,0x01,0x01,0x01,0x01,0x01,0x01,0x05,0x05,
    0x07,0x07,0x09,0x09,0x08,0x08,0x08,0x08,0x09,0x09,0x05,0x05,0x02,0x02,0x02,0x02,
    0x05,0x05,0x08,0x08,0x09,0x09,0x09,0x09,0x08,0x08,0x05,0x05,0x0d,0x0d,0x16,0x16,
    0x16,0x16,0x24,0x24,0x1f,0x1f,0x16,0x16,0x1d,0x1d,0x13,0x13,0x13,0x13,0x11,0x11,
    0x16,0x16,0x15,0x15,0x1a,0x1a,0x2e,0x2e,0x23,0x23,0x2b,0x2b,0x2b,0x2b,0x28,0x28,
    0x2b,0x2b,0x23,0x23,0x27,0x27,0x23,0x23,0x23,0x23,0x1f,0x1f,0x23,0x23,0x23,0x23,
    0x23,0x23,0x23,0x23,0x2b,0x2b,0x23,0x23,0x2b,0x2b,0x23,0x23,0x2c,0x2c,0x1a,0x1a,
    0x20,0x20,0x27,0x27,0x23,0x23,0x1c,0x1c,0x18,0x18,0x1a,0x1a,0x2b,0x2b,0x23,0x23,
    0x18,0x18,0x1a,0x1a,0x0d,0x0d,0x0d,0x0d,0x04,0x04,0x01,0x01,0x04,0x04,0x05,0x05,
    0x01,0x01,0x01,0x01,0x01,0x01,0x01,0x01,0x01,0x01,0x01,0x01,0x01,0x01,0x01,0x01,
    0x04,0x04,0x04,0x04,0x04,0x04,0x01,0x01,0x04,0x04,0x02,0x02,0x01,0x01,0x07,0x07,
    0x03,0x03,0x03,0x03,0x04,0x04,0x0b,0x0b,0x0f,0x0f,0x12,0x12,0x1a,0x1a,0x18,0x18,
    0x2f,0x2f,0x1d,0x1d,0x1d,0x1d,0x1d,0x1d,0x2c,0x2c,0x12,0x12,0x12,0x12,0x0c,0x0c,
    0x0c,0x0c,0x0c,0x0c,0x0e,0x0e,0x0c,0x0c,0x0f,0x0f,0x12,0x12,0x14,0x14,0x0c,0x0c,
    0x1b,0x1b,0x2e,0x2e,0x23,0x23,0x2a,0x2a,0x2b,0x2b,0x28,0x28,0x27,0x27,0x27,0x27,
    0x2b,0x2b,0x27,0x27,0x27,0x27,0x23,0x23,0x23,0x23,0x23,0x23,0x23,0x23,0x23,0x23,
    0x23,0x23,0x25,0x25,0x1f,0x1f,0x19,0x19,0x1a,0x1a,0x19,0x19,0x2e,0x2e,0x1b,0x1b,
    0x16,0x16,0x11,0x11,0x08,0x08,0x11,0x11,0x10,0x10,0x0a,0x0a,0x0a,0x0a,0x08,0x08,
    0x00,0x00,0x05,0x05,0x05,0x05,0x05,0x05,0x02,0x02,0x02,0x02,0x00,0x00,0x05,0x05,
    0x05,0x05,0x09,0x09,0x10,0x10,0x05,0x05,0x05,0x05,0x05,0x05,0x02,0x02,0x0a,0x0a,
    0x13,0x13,0x09,0x09,0x10,0x10,0x10,0x10,0x19,0x19,0x1d,0x1d,0x18,0x18,0x18,0x18,
    0x1b,0x1b,0x20,0x20,0x11,0x11,0x1c,0x1c,0x2f,0x2f,0x1a,0x1a,0x1a,0x1a,0x1a,0x1a,
    0x13,0x13,0x1a,0x1a,0x19,0x19,0x28,0x28,0x23,0x23,0x23,0x23,0x23,0x23,0x25,0x25,
    0x28,0x28,0x27,0x27,0x27,0x27,0x23,0x23,0x23,0x23,0x23,0x23,0x23,0x23,0x23,0x23,
    0x23,0x23,0x23,0x23,0x10,0x10,0x16,0x16,0x2c,0x2c,0x23,0x23,0x23,0x23,0x23,0x23,
    0x28,0x28,0x1c,0x1c,0x15,0x15,0x2f,0x2f,0x1a,0x1a,0x0d,0x0d,0x13,0x13,0x0d,0x0d,
    0x0a,0x0a,0x10,0x10,0x15,0x15,0x11,0x11,0x09,0x09,0x11,0x11,0x11,0x11,0x1b,0x1b,
    0x17,0x17,0x1c,0x1c,0x22,0x22,0x1e,0x1e,0x2f,0x2f,0x1e,0x1e,0x0d,0x0d,0x16,0x16,
    0x1c,0x1c,0x13,0x13,0x16,0x16,0x25,0x25,0x1f,0x1f,0x2f,0x2f,0x1a,0x1a,0x1d,0x1d,
    0x19,0x19,0x12,0x12,0x0e,0x0e,0x09,0x09,0x0d,0x0d,0x0e,0x0e,0x0c,0x0c,0x0b,0x0b,
    0x07,0x07,0x04,0x04,0x04,0x04,0x07,0x07,0x04,0x04,0x04,0x04,0x04,0x04,0x02,0x02,
    0x01,0x01,0x01,0x01,0x01,0x01,0x01,0x01,0x01,0x01,0x04,0x04,0x04,0x04,0x05,0x05,
    0x02,0x02,0x01,0x01,0x01,0x01,0x02,0x02,0x01,0x01,0x01,0x01,0x01,0x01,0x05,0x05,
    0x07,0x07,0x09,0x09,0x08,0x08,0x08,0x08,0x09,0x09,0x05,0x05,0x02,0x02,0x02,0x02,
    0x05,0x05,0x08,0x08,0x09,0x09,0x09,0x09,0x08,0x08,0x05,0x05,0x0d,0x0d,0x16,0x16,
    0x16,0x16,0x24,0x24,0x1f,0x1f,0x16,0x16,0x1d,0x1d,0x13,0x13,0x13,0x13,0x11,0x11,
    0x16,0x16,0x15,0x15,0x1a,0x1a,0x2e,0x2e,0x23,0x23,0x2b,0x2b,0x2b,0x2b,0x28,0x28,
    0x2b,0x2b,0x23,0x23,0x27,0x27,0x23,0x23,0x23,0x23,0x1f,0x1f,0x23,0x23,0x23,0x23,
    0x23,0x23,0x23,0x23,0x2b,0x2b,0x23,0x23,0x2b,0x2b,0x23,0x23,0x2c,0x2c,0x1a,0x1a,
    0x20,0x20,0x27,0x27,0x23,0x23,0x1c,0x1c,0x18,0x18,0x1a,0x1a,0x2b,0x2b,0x23,0x23,
    0x1c,0x1c,0x0e,0x0e,0x14,0x14,0x0d,0x0d,0x05,0x05,0x04,0x04,0x05,0x05,0x05,0x05,
    0x02,0x02,0x01,0x01,0x01,0x01,0x01,0x01,0x01,0x01,0x01,0x01,0x01,0x01,0x02,0x02,
    0x04,0x04,0x08,0x08,0x04,0x04,0x02,0x02,0x01,0x01,0x04,0x04,0x01,0x01,0x01,0x01,
    0x01,0x01,0x03,0x03,0x04,0x04,0x07,0x07,0x08,0x08,0x0c,0x0c,0x0f,0x0f,0x0f,0x0f,
    0x1f,0x1f,0x1c,0x1c,0x0f,0x0f,0x17,0x17,0x27,0x27,0x14,0x14,0x0b,0x0b,0x0e,0x0e,
    0x0b,0x0b,0x0b,0x0b,0x0f,0x0f,0x0f,0x0f,0x0b,0x0b,0x0c,0x0c,0x0b,0x0b,0x14,0x14,
    0x12,0x12,0x1b,0x1b,0x2f,0x2f,0x2c,0x2c,0x1f,0x1f,0x23,0x23,0x2c,0x2c,0x23,0x23,
    0x27,0x27,0x27,0x27,0x23,0x23,0x23,0x23,0x23,0x23,0x23,0x23,0x23,0x23,0x23,0x23,
    0x23,0x23,0x23,0x23,0x1d,0x1d,0x18,0x18,0x0a,0x0a,0x0a,0x0a,0x19,0x19,0x20,0x20,
    0x13,0x13,0x0a,0x0a,0x09,0x09,0x08,0x08,0x0a,0x0a,0x05,0x05,0x02,0x02,0x05,0x05,
    0x05,0x05,0x05,0x05,0x09,0x09,0x05,0x05,0x05,0x05,0x08,0x08,0x02,0x02,0x09,0x09,
    0x05,0x05,0x05,0x05,0x0a,0x0a,0x05,0x05,0x05,0x05,0x05,0x05,0x05,0x05,0x13,0x13,
    0x15,0x15,0x19,0x19,0x26,0x26,0x13,0x13,0x1a,0x1a,0x2f,0x2f,0x2f,0x2f,0x1b,0x1b,
    0x17,0x17,0x12,0x12,0x0d,0x0d,0x13,0x13,0x18,0x18,0x2c,0x2c,0x1c,0x1c,0x1a,0x1a,
    0x2f,0x2f,0x1e,0x1e,0x23,0x23,0x25,0x25,0x23,0x23,0x27,0x27,0x28,0x28,0x23,0x23,
    0x2b,0x2b,0x2b,0x2b,0x2a,0x2a,0x28,0x28,0x23,0x23,0x27,0x27,0x23,0x23,0x23,0x23,
    0x23,0x23,0x23,0x23,0x1d,0x1d,0x2e,0x2e,0x23,0x23,0x23,0x23,0x23,0x23,0x23,0x23,
    0x23,0x23,0x2e,0x2e,0x1a,0x1a,0x15,0x15,0x18,0x18,0x15,0x15,0x15,0x15,0x15,0x15,
    0x11,0x11,0x0a,0x0a,0x11,0x11,0x1a,0x1a,0x11,0x11,0x16,0x16,0x15,0x15,0x1a,0x1a,
    0x18,0x18,0x2c,0x2c,0x25,0x25,0x2e,0x2e,0x16,0x16,0x15,0x15,0x19,0x19,0x18,0x18,
    0x17,0x17,0x23,0x23,0x1c,0x1c,0x2b,0x2b,0x26,0x26,0x25,0x25,0x2f,0x2f,0x17,0x17,
    0x0f,0x0f,0x0f,0x0f,0x0e,0x0e,0x0f,0x0f,0x0f,0x0f,0x16,0x16,0x0e,0x0e,0x0e,0x0e,
    0x0c,0x0c,0x07,0x07,0x04,0x04,0x0b,0x0b,0x0b,0x0b,0x04,0x04,0x04,0x04,0x02,0x02,
    0x02,0x02,0x01,0x01,0x01,0x01,0x01,0x01,0x01,0x01,0x01,0x01,0x04,0x04,0x04,0x04,
    0x01,0x01,0x01,0x01,0x01,0x01,0x01,0x01,0x01,0x01,0x01,0x01,0x01,0x01,0x03,0x03,
    0x04,0x04,0x08,0x08,0x05,0x05,0x08,0x08,0x09,0x09,0x09,0x09,0x05,0x05,0x09,0x09,
    0x05,0x05,0x05,0x05,0x08,0x08,0x0a,0x0a,0x08,0x08,0x0a,0x0a,0x18,0x18,0x15,0x15,
    0x15,0x15,0x18,0x18,0x1a,0x1a,0x11,0x11,0x18,0x18,0x1a,0x1a,0x14,0x14,0x0d,0x0d,
    0x12,0x12,0x1c,0x1c,0x1a,0x1a,0x20,0x20,0x2b,0x2b,0x2a,0x2a,0x2b,0x2b,0x2b,0x2b,
    0x2b,0x2b,0x23,0x23,0x2c,0x2c,0x25,0x25,0x23,0x23,0x25,0x25,0x1f,0x1f,0x23,0x23,
    0x2c,0x2c,0x2c,0x2c,0x2c,0x2c,0x2a,0x2a,0x1e,0x1e,0x2e,0x2e,0x23,0x23,0x2c,0x2c,
    0x23,0x23,0x23,0x23,0x23,0x23,0x23,0x23,0x27,0x27,0x25,0x25,0x23,0x23,0x17,0x17,
    0x1c,0x1c,0x0e,0x0e,0x14,0x14,0x0d,0x0d,0x05,0x05,0x04,0x04,0x05,0x05,0x05,0x05,
    0x02,0x02,0x01,0x01,0x01,0x01,0x01,0x01,0x01,0x01,0x01,0x01,0x01,0x01,0x02,0x02,
    0x04,0x04,0x08,0x08,0x04,0x04,0x02,0x02,0x01,0x01,0x04,0x04,0x01,0x01,0x01,0x01,
    0x01,0x01,0x03,0x03,0x04,0x04,0x07,0x07,0x08,0x08,0x0c,0x0c,0x0f,0x0f,0x0f,0x0f,
    0x1f,0x1f,0x1c,0x1c,0x0f,0x0f,0x17,0x17,0x27,0x27,0x14,0x14,0x0b,0x0b,0x0e,0x0e,
    0x0b,0x0b,0x0b,0x0b,0x0f,0x0f,0x0f,0x0f,0x0b,0x0b,0x0c,0x0c,0x0b,0x0b,0x14,0x14,
    0x12,0x12,0x1b,0x1b,0x2f,0x2f,0x2c,0x2c,0x1f,0x1f,0x23,0x23,0x2c,0x2c,0x23,0x23,
    0x27,0x27,0x27,0x27,0x23,0x23,0x23,0x23,0x23,0x23,0x23,0x23,0x23,0x23,0x23,0x23,
    0x23,0x23,0x23,0x23,0x1d,0x1d,0x18,0x18,0x0a,0x0a,0x0a,0x0a,0x19,0x19,0x20,0x20,
    0x13,0x13,0x0a,0x0a,0x09,0x09,0x08,0x08,0x0a,0x0a,0x05,0x05,0x02,0x02,0x05,0x05,
    0x05,0x05,0x05,0x05,0x09,0x09,0x05,0x05,0x05,0x05,0x08,0x08,0x02,0x02,0x09,0x09,
    0x05,0x05,0x05,0x05,0x0a,0x0a,0x05,0x05,0x05,0x05,0x05,0x05,0x05,0x05,0x13,0x13,
    0x15,0x15,0x19,0x19,0x26,0x26,0x13,0x13,0x1a,0x1a,0x2f,0x2f,0x2f,0x2f,0x1b,0x1b,
    0x17,0x17,0x12,0x12,0x0d,0x0d,0x13,0x13,0x18,0x18,0x2c,0x2c,0x1c,0x1c,0x1a,0x1a,
    0x2f,0x2f,0x1e,0x1e,0x23,0x23,0x25,0x25,0x23,0x23,0x27,0x27,0x28,0x28,0x23,0x23,
    0x2b,0x2b,0x2b,0x2b,0x2a,0x2a,0x28,0x28,0x23,0x23,0x27,0x27,0x23,0x23,0x23,0x23,
    0x23,0x23,0x23,0x23,0x1d,0x1d,0x2e,0x2e,0x23,0x23,0x23,0x23,0x23,0x23,0x23,0x23,
    0x23,0x23,0x2e,0x2e,0x1a,0x1a,0x15,0x15,0x18,0x18,0x15,0x15,0x15,0x15,0x15,0x15,
    0x11,0x11,0x0a,0x0a,0x11,0x11,0x1a,0x1a,0x11,0x11,0x16,0x16,0x15,0x15,0x1a,0x1a,
    0x18,0x18,0x2c,0x2c,0x25,0x25,0x2e,0x2e,0x16,0x16,0x15,0x15,0x19,0x19,0x18,0x18,
    0x17,0x17,0x23,0x23,0x1c,0x1c,0x2b,0x2b,0x26,0x26,0x25,0x25,0x2f,0x2f,0x17,0x17,
    0x0f,0x0f,0x0f,0x0f,0x0e,0x0e,0x0f,0x0f,0x0f,0x0f,0x16,0x16,0x0e,0x0e,0x0e,0x0e,
    0x0c,0x0c,0x07,0x07,0x04,0x04,0x0b,0x0b,0x0b,0x0b,0x04,0x04,0x04,0x04,0x02,0x02,
    0x02,0x02,0x01,0x01,0x01,0x01,0x01,0x01,0x01,0x01,0x01,0x01,0x04,0x04,0x04,0x04,
    0x01,0x01,0x01,0x01,0x01,0x01,0x01,0x01,0x01,0x01,0x01,0x01,0x01,0x01,0x03,0x03,
    0x04,0x04,0x08,0x08,0x05,0x05,0x08,0x08,0x09,0x09,0x09,0x09,0x05,0x05,0x09,0x09,
    0x05,0x05,0x05,0x05,0x08,0x08,0x0a,0x0a,0x08,0x08,0x0a,0x0a,0x18,0x18,0x15,0x15,
    0x15,0x15,0x18,0x18,0x1a,0x1a,0x11,0x11,0x18,0x18,0x1a,0x1a,0x14,0x14,0x0d,0x0d,
    0x12,0x12,0x1c,0x1c,0x1a,0x1a,0x20,0x20,0x2b,0x2b,0x2a,0x2a,0x2b,0x2b,0x2b,0x2b,
    0x2b,0x2b,0x23,0x23,0x2c,0x2c,0x25,0x25,0x23,0x23,0x25,0x25,0x1f,0x1f,0x23,0x23,
    0x2c,0x2c,0x2c,0x2c,0x2c,0x2c,0x2a,0x2a,0x1e,0x1e,0x2e,0x2e,0x23,0x23,0x2c,0x2c,
    0x23,0x23,0x23,0x23,0x23,0x23,0x23,0x23,0x27,0x27,0x25,0x25,0x23,0x23,0x17,0x17,
    0x2c,0x2c,0x19,0x19,0x1e,0x1e,0x0d,0x0d,0x05,0x05,0x11,0x11,0x0d,0x0d,0x05,0x05,
    0x04,0x04,0x04,0x04,0x02,0x02,0x01,0x01,0x01,0x01,0x01,0x01,0x02,0x02,0x07,0x07,
    0x08,0x08,0x11,0x11,0x0b,0x0b,0x02,0x02,0x04,0x04,0x07,0x07,0x01,0x01,0x01,0x01,
    0x01,0x01,0x04,0x04,0x0b,0x0b,0x0b,0x0b,0x0f,0x0f,0x12,0x12,0x0c,0x0c,0x0f,0x0f,
    0x0f,0x0f,0x0b,0x0b,0x08,0x08,0x0b,0x0b,0x17,0x17,0x27,0x27,0x0e,0x0e,0x0c,0x0c,
    0x0f,0x0f,0x0e,0x0e,0x14,0x14,0x18,0x18,0x0b,0x0b,0x0b,0x0b,0x18,0x18,0x2b,0x2b,
    0x17,0x17,0x1a,0x1a,0x1a,0x1a,0x18,0x18,0x1c,0x1c,0x18,0x18,0x1d,0x1d,0x2b,0x2b,
    0x23,0x23,0x23,0x23,0x27,0x27,0x23,0x23,0x23,0x23,0x23,0x23,0x23,0x23,0x23,0x23,
    0x23,0x23,0x23,0x23,0x23,0x23,0x1a,0x1a,0x13,0x13,0x13,0x13,0x1d,0x1d,0x2f,0x2f,
    0x16,0x16,0x0d,0x0d,0x10,0x10,0x05,0x05,0x05,0x05,0x08,0x08,0x05,0x05,0x09,0x09,
    0x12,0x12,0x0a,0x0a,0x0a,0x0a,0x0a,0x0a,0x09,0x09,0x09,0x09,0x05,0x05,0x05,0x05,
    0x0a,0x0a,0x0a,0x0a,0x10,0x10,0x10,0x10,0x0d,0x0d,0x09,0x09,0x09,0x09,0x10,0x10,
    0x11,0x11,0x1c,0x1c,0x25,0x25,0x2e,0x2e,0x2c,0x2c,0x2b,0x2b,0x25,0x25,0x1c,0x1c,
    0x1b,0x1b,0x11,0x11,0x0a,0x0a,0x1c,0x1c,0x1e,0x1e,0x22,0x22,0x2c,0x2c,0x1c,0x1c,
    0x1c,0x1c,0x2e,0x2e,0x23,0x23,0x23,0x23,0x23,0x23,0x23,0x23,0x27,0x27,0x23,0x23,
    0x2b,0x2b,0x2a,0x2a,0x2b,0x2b,0x23,0x23,0x28,0x28,0x23,0x23,0x28,0x28,0x23,0x23,
    0x23,0x23,0x25,0x25,0x26,0x26,0x23,0x23,0x23,0x23,0x28,0x28,0x23,0x23,0x23,0x23,
    0x23,0x23,0x22,0x22,0x2e,0x2e,0x1c,0x1c,0x19,0x19,0x2f,0x2f,0x19,0x19,0x16,0x16,
    0x1c,0x1c,0x0d,0x0d,0x15,0x15,0x1a,0x1a,0x18,0x18,0x28,0x28,0x20,0x20,0x1a,0x1a,
    0x1e,0x1e,0x2e,0x2e,0x25,0x25,0x25,0x25,0x19,0x19,0x1b,0x1b,0x19,0x19,0x28,0x28,
    0x1a,0x1a,0x2c,0x2c,0x2c,0x2c,0x2b,0x2b,0x1d,0x1d,0x1b,0x1b,0x2f,0x2f,0x16,0x16,
    0x0e,0x0e,0x0d,0x0d,0x0d,0x0d,0x15,0x15,0x16,0x16,0x12,0x12,0x0e,0x0e,0x0e,0x0e,
    0x0c,0x0c,0x07,0x07,0x07,0x07,0x04,0x04,0x07,0x07,0x04,0x04,0x02,0x02,0x02,0x02,
    0x03,0x03,0x02,0x02,0x04,0x04,0x02,0x02,0x01,0x01,0x01,0x01,0x01,0x01,0x01,0x01,
    0x01,0x01,0x01,0x01,0x01,0x01,0x01,0x01,0x04,0x04,0x04,0x04,0x04,0x04,0x04,0x04,
    0x04,0x04,0x02,0x02,0x04,0x04,0x02,0x02,0x05,0x05,0x05,0x05,0x05,0x05,0x08,0x08,
    0x09,0x09,0x05,0x05,0x02,0x02,0x05,0x05,0x08,0x08,0x09,0x09,0x10,0x10,0x0a,0x0a,
    0x16,0x16,0x13,0x13,0x10,0x10,0x10,0x10,0x10,0x10,0x11,0x11,0x10,0x10,0x11,0x11,
    0x0d,0x0d,0x13,0x13,0x18,0x18,0x1c,0x1c,0x2c,0x2c,0x2b,0x2b,0x28,0x28,0x2b,0x2b,
    0x23,0x23,0x2e,0x2e,0x18,0x18,0x1a,0x1a,0x1f,0x1f,0x19,0x19,0x2e,0x2e,0x1f,0x1f,
    0x19,0x19,0x1a,0x1a,0x1c,0x1c,0x20,0x20,0x16,0x16,0x18,0x18,0x23,0x23,0x23,0x23,
    0x23,0x23,0x23,0x23,0x23,0x23,0x23,0x23,0x23,0x23,0x23,0x23,0x28,0x28,0x23,0x23,
    0x2c,0x2c,0x19,0x19,0x1e,0x1e,0x0d,0x0d,0x05,0x05,0x11,0x11,0x0d,0x0d,0x05,0x05,
    0x04,0x04,0x04,0x04,0x02,0x02,0x01,0x01,0x01,0x01,0x01,0x01,0x02,0x02,0x07,0x07,
    0x08,0x08,0x11,0x11,0x0b,0x0b,0x02,0x02,0x04,0x04,0x07,0x07,0x01,0x01,0x01,0x01,
    0x01,0x01,0x04,0x04,0x0b,0x0b,0x0b,0x0b,0x0f,0x0f,0x12,0x12,0x0c,0x0c,0x0f,0x0f,
    0x0f,0x0f,0x0b,0x0b,0x08,0x08,0x0b,0x0b,0x17,0x17,0x27,0x27,0x0e,0x0e,0x0c,0x0c,
    0x0f,0x0f,0x0e,0x0e,0x14,0x14,0x18,0x18,0x0b,0x0b,0x0b,0x0b,0x18,0x18,0x2b,0x2b,
    0x17,0x17,0x1a,0x1a,0x1a,0x1a,0x18,0x18,0x1c,0x1c,0x18,0x18,0x1d,0x1d,0x2b,0x2b,
    0x23,0x23,0x23,0x23,0x27,0x27,0x23,0x23,0x23,0x23,0x23,0x23,0x23,0x23,0x23,0x23,
    0x23,0x23,0x23,0x23,0x23,0x23,0x1a,0x1a,0x13,0x13,0x13,0x13,0x1d,0x1d,0x2f,0x2f,
    0x16,0x16,0x0d,0x0d,0x10,0x10,0x05,0x05,0x05,0x05,0x08,0x08,0x05,0x05,0x09,0x09,
    0x12,0x12,0x0a,0x0a,0x0a,0x0a,0x0a,0x0a,0x09,0x09,0x09,0x09,0x05,0x05,0x05,0x05,
    0x0a,0x0a,0x0a,0x0a,0x10,0x10,0x10,0x10,0x0d,0x0d,0x09,0x09,0x09,0x09,0x10,0x10,
    0x11,0x11,0x1c,0x1c,0x25,0x25,0x2e,0x2e,0x2c,0x2c,0x2b,0x2b,0x25,0x25,0x1c,0x1c,
    0x1b,0x1b,0x11,0x11,0x0a,0x0a,0x1c,0x1c,0x1e,0x1e,0x22,0x22,0x2c,0x2c,0x1c,0x1c,
    0x1c,0x1c,0x2e,0x2e,0x23,0x23,0x23,0x23,0x23,0x23,0x23,0x23,0x27,0x27,0x23,0x23,
    0x2b,0x2b,0x2a,0x2a,0x2b,0x2b,0x23,0x23,0x28,0x28,0x23,0x23,0x28,0x28,0x23,0x23,
    0x23,0x23,0x25,0x25,0x26,0x26,0x23,0x23,0x23,0x23,0x28,0x28,0x23,0x23,0x23,0x23,
    0x23,0x23,0x22,0x22,0x2e,0x2e,0x1c,0x1c,0x19,0x19,0x2f,0x2f,0x19,0x19,0x16,0x16,
    0x1c,0x1c,0x0d,0x0d,0x15,0x15,0x1a,0x1a,0x18,0x18,0x28,0x28,0x20,0x20,0x1a,0x1a,
    0x1e,0x1e,0x2e,0x2e,0x25,0x25,0x25,0x25,0x19,0x19,0x1b,0x1b,0x19,0x19,0x28,0x28,
    0x1a,0x1a,0x2c,0x2c,0x2c,0x2c,0x2b,0x2b,0x1d,0x1d,0x1b,0x1b,0x2f,0x2f,0x16,0x16,
    0x0e,0x0e,0x0d,0x0d,0x0d,0x0d,0x15,0x15,0x16,0x16,0x12,0x12,0x0e,0x0e,0x0e,0x0e,
    0x0c,0x0c,0x07,0x07,0x07,0x07,0x04,0x04,0x07,0x07,0x04,0x04,0x02,0x02,0x02,0x02,
    0x03,0x03,0x02,0x02,0x04,0x04,0x02,0x02,0x01,0x01,0x01,0x01,0x01,0x01,0x01,0x01,
    0x01,0x01,0x01,0x01,0x01,0x01,0x01,0x01,0x04,0x04,0x04,0x04,0x04,0x04,0x04,0x04,
    0x04,0x04,0x02,0x02,0x04,0x04,0x02,0x02,0x05,0x05,0x05,0x05,0x05,0x05,0x08,0x08,
    0x09,0x09,0x05,0x05,0x02,0x02,0x05,0x05,0x08,0x08,0x09,0x09,0x10,0x10,0x0a,0x0a,
    0x16,0x16,0x13,0x13,0x10,0x10,0x10,0x10,0x10,0x10,0x11,0x11,0x10,0x10,0x11,0x11,
    0x0d,0x0d,0x13,0x13,0x18,0x18,0x1c,0x1c,0x2c,0x2c,0x2b,0x2b,0x28,0x28,0x2b,0x2b,
    0x23,0x23,0x2e,0x2e,0x18,0x18,0x1a,0x1a,0x1f,0x1f,0x19,0x19,0x2e,0x2e,0x1f,0x1f,
    0x19,0x19,0x1a,0x1a,0x1c,0x1c,0x20,0x20,0x16,0x16,0x18,0x18,0x23,0x23,0x23,0x23,
    0x23,0x23,0x23,0x23,0x23,0x23,0x23,0x23,0x23,0x23,0x23,0x23,0x28,0x28,0x23,0x23,
    0x2f,0x2f,0x1a,0x1a,0x1c,0x1c,0x12,0x12,0x09,0x09,0x18,0x18,0x10,0x10,0x08,0x08,
    0x05,0x05,0x04,0x04,0x01,0x01,0x01,0x01,0x01,0x01,0x02,0x02,0x04,0x04,0x08,0x08,
    0x10,0x10,0x10,0x10,0x09,0x09,0x08,0x08,0x0e,0x0e,0x07,0x07,0x01,0x01,0x01,0x01,
    0x03,0x03,0x03,0x03,0x06,0x06,0x0e,0x0e,0x14,0x14,0x15,0x15,0x16,0x16,0x14,0x14,
    0x0b,0x0b,0x0f,0x0f,0x12,0x12,0x0e,0x0e,0x12,0x12,0x14,0x14,0x12,0x12,0x06,0x06,
    0x0b,0x0b,0x14,0x14,0x14,0x14,0x16,0x16,0x18,0x18,0x18,0x18,0x17,0x17,0x1c,0x1c,
    0x2f,0x2f,0x1b,0x1b,0x14,0x14,0x0f,0x0f,0x18,0x18,0x1d,0x1d,0x1d,0x1d,0x28,0x28,
    0x25,0x25,0x23,0x23,0x23,0x23,0x23,0x23,0x23,0x23,0x23,0x23,0x23,0x23,0x23,0x23,
    0x23,0x23,0x1f,0x1f,0x2c,0x2c,0x19,0x19,0x1b,0x1b,0x2e,0x2e,0x29,0x29,0x1c,0x1c,
    0x11,0x11,0x1e,0x1e,0x10,0x10,0x08,0x08,0x05,0x05,0x0d,0x0d,0x09,0x09,0x11,0x11,
    0x13,0x13,0x0a,0x0a,0x0a,0x0a,0x0a,0x0a,0x09,0x09,0x08,0x08,0x05,0x05,0x0a,0x0a,
    0x0a,0x0a,0x0a,0x0a,0x0a,0x0a,0x12,0x12,0x13,0x13,0x11,0x11,0x0d,0x0d,0x13,0x13,
    0x11,0x11,0x15,0x15,0x1a,0x1a,0x1c,0x1c,0x2e,0x2e,0x25,0x25,0x26,0x26,0x1e,0x1e,
    0x1a,0x1a,0x18,0x18,0x16,0x16,0x19,0x19,0x19,0x19,0x23,0x23,0x2c,0x2c,0x1e,0x1e,
    0x15,0x15,0x23,0x23,0x23,0x23,0x23,0x23,0x28,0x28,0x23,0x23,0x23,0x23,0x23,0x23,
    0x25,0x25,0x28,0x28,0x2b,0x2b,0x25,0x25,0x25,0x25,0x23,0x23,0x2a,0x2a,0x25,0x25,
    0x23,0x23,0x23,0x23,0x23,0x23,0x23,0x23,0x23,0x23,0x28,0x28,0x25,0x25,0x23,0x23,
    0x23,0x23,0x23,0x23,0x23,0x23,0x2c,0x2c,0x2c,0x2c,0x25,0x25,0x2b,0x2b,0x1a,0x1a,
    0x1b,0x1b,0x18,0x18,0x15,0x15,0x1e,0x1e,0x19,0x19,0x15,0x15,0x2e,0x2e,0x19,0x19,
    0x1e,0x1e,0x2c,0x2c,0x23,0x23,0x23,0x23,0x2e,0x2e,0x2c,0x2c,0x2c,0x2c,0x25,0x25,
    0x2e,0x2e,0x23,0x23,0x23,0x23,0x2b,0x2b,0x12,0x12,0x0f,0x0f,0x23,0x23,0x16,0x16,
    0x18,0x18,0x16,0x16,0x0f,0x0f,0x0e,0x0e,0x18,0x18,0x0e,0x0e,0x0e,0x0e,0x0e,0x0e,
    0x0c,0x0c,0x04,0x04,0x04,0x04,0x04,0x04,0x04,0x04,0x02,0x02,0x01,0x01,0x04,0x04,
    0x05,0x05,0x05,0x05,0x0f,0x0f,0x04,0x04,0x02,0x02,0x01,0x01,0x01,0x01,0x01,0x01,
    0x01,0x01,0x01,0x01,0x01,0x01,0x01,0x01,0x04,0x04,0x07,0x07,0x05,0x05,0x02,0x02,
    0x01,0x01,0x01,0x01,0x02,0x02,0x00,0x00,0x02,0x02,0x04,0x04,0x04,0x04,0x05,0x05,
    0x05,0x05,0x00,0x00,0x00,0x00,0x02,0x02,0x05,0x05,0x05,0x05,0x0a,0x0a,0x0a,0x0a,
    0x13,0x13,0x15,0x15,0x15,0x15,0x0d,0x0d,0x09,0x09,0x0a,0x0a,0x09,0x09,0x17,0x17,
    0x11,0x11,0x1c,0x1c,0x18,0x18,0x1c,0x1c,0x2c,0x2c,0x25,0x25,0x28,0x28,0x23,0x23,
    0x2c,0x2c,0x1a,0x1a,0x15,0x15,0x1a,0x1a,0x16,0x16,0x11,0x11,0x16,0x16,0x2a,0x2a,
    0x16,0x16,0x15,0x15,0x13,0x13,0x13,0x13,0x20,0x20,0x18,0x18,0x23,0x23,0x23,0x23,
    0x23,0x23,0x27,0x27,0x23,0x23,0x23,0x23,0x23,0x23,0x23,0x23,0x23,0x23,0x2b,0x2b,
    0x2f,0x2f,0x1a,0x1a,0x1c,0x1c,0x12,0x12,0x09,0x09,0x18,0x18,0x10,0x10,0x08,0x08,
    0x05,0x05,0x04,0x04,0x01,0x01,0x01,0x01,0x01,0x01,0x02,0x02,0x04,0x04,0x08,0x08,
    0x10,0x10,0x10,0x10,0x09,0x09,0x08,0x08,0x0e,0x0e,0x07,0x07,0x01,0x01,0x01,0x01,
    0x03,0x03,0x03,0x03,0x06,0x06,0x0e,0x0e,0x14,0x14,0x15,0x15,0x16,0x16,0x14,0x14,
    0x0b,0x0b,0x0f,0x0f,0x12,0x12,0x0e,0x0e,0x12,0x12,0x14,0x14,0x12,0x12,0x06,0x06,
    0x0b,0x0b,0x14,0x14,0x14,0x14,0x16,0x16,0x18,0x18,0x18,0x18,0x17,0x17,0x1c,0x1c,
    0x2f,0x2f,0x1b,0x1b,0x14,0x14,0x0f,0x0f,0x18,0x18,0x1d,0x1d,0x1d,0x1d,0x28,0x28,
    0x25,0x25,0x23,0x23,0x23,0x23,0x23,0x23,0x23,0x23,0x23,0x23,0x23,0x23,0x23,0x23,
    0x23,0x23,0x1f,0x1f,0x2c,0x2c,0x19,0x19,0x1b,0x1b,0x2e,0x2e,0x29,0x29,0x1c,0x1c,
    0x11,0x11,0x1e,0x1e,0x10,0x10,0x08,0x08,0x05,0x05,0x0d,0x0d,0x09,0x09,0x11,0x11,
    0x13,0x13,0x0a,0x0a,0x0a,0x0a,0x0a,0x0a,0x09,0x09,0x08,0x08,0x05,0x05,0x0a,0x0a,
    0x0a,0x0a,0x0a,0x0a,0x0a,0x0a,0x12,0x12,0x13,0x13,0x11,0x11,0x0d,0x0d,0x13,0x13,
    0x11,0x11,0x15,0x15,0x1a,0x1a,0x1c,0x1c,0x2e,0x2e,0x25,0x25,0x26,0x26,0x1e,0x1e,
    0x1a,0x1a,0x18,0x18,0x16,0x16,0x19,0x19,0x19,0x19,0x23,0x23,0x2c,0x2c,0x1e,0x1e,
    0x15,0x15,0x23,0x23,0x23,0x23,0x23,0x23,0x28,0x28,0x23,0x23,0x23,0x23,0x23,0x23,
    0x25,0x25,0x28,0x28,0x2b,0x2b,0x25,0x25,0x25,0x25,0x23,0x23,0x2a,0x2a,0x25,0x25,
    0x23,0x23,0x23,0x23,0x23,0x23,0x23,0x23,0x23,0x23,0x28,0x28,0x25,0x25,0x23,0x23,
    0x23,0x23,0x23,0x23,0x23,0x23,0x2c,0x2c,0x2c,0x2c,0x25,0x25,0x2b,0x2b,0x1a,0x1a,
    0x1b,0x1b,0x18,0x18,0x15,0x15,0x1e,0x1e,0x19,0x19,0x15,0x15,0x2e,0x2e,0x19,0x19,
    0x1e,0x1e,0x2c,0x2c,0x23,0x23,0x23,0x23,0x2e,0x2e,0x2c,0x2c,0x2c,0x2c,0x25,0x25,
    0x2e,0x2e,0x23,0x23,0x23,0x23,0x2b,0x2b,0x12,0x12,0x0f,0x0f,0x23,0x23,0x16,0x16,
    0x18,0x18,0x16,0x16,0x0f,0x0f,0x0e,0x0e,0x18,0x18,0x0e,0x0e,0x0e,0x0e,0x0e,0x0e,
    0x0c,0x0c,0x04,0x04,0x04,0x04,0x04,0x04,0x04,0x04,0x02,0x02,0x01,0x01,0x04,0x04,
    0x05,0x05,0x05,0x05,0x0f,0x0f,0x04,0x04,0x02,0x02,0x01,0x01,0x01,0x01,0x01,0x01,
    0x01,0x01,0x01,0x01,0x01,0x01,0x01,0x01,0x04,0x04,0x07,0x07,0x05,0x05,0x02,0x02,
    0x01,0x01,0x01,0x01,0x02,0x02,0x00,0x00,0x02,0x02,0x04,0x04,0x04,0x04,0x05,0x05,
    0x05,0x05,0x00,0x00,0x00,0x00,0x02,0x02,0x05,0x05,0x05,0x05,0x0a,0x0a,0x0a,0x0a,
    0x13,0x13,0x15,0x15,0x15,0x15,0x0d,0x0d,0x09,0x09,0x0a,0x0a,0x09,0x09,0x17,0x17,
    0x11,0x11,0x1c,0x1c,0x18,0x18,0x1c,0x1c,0x2c,0x2c,0x25,0x25,0x28,0x28,0x23,0x23,
    0x2c,0x2c,0x1a,0x1a,0x15,0x15,0x1a,0x1a,0x16,0x16,0x11,0x11,0x16,0x16,0x2a,0x2a,
    0x16,0x16,0x15,0x15,0x13,0x13,0x13,0x13,0x20,0x20,0x18,0x18,0x23,0x23,0x23,0x23,
    0x23,0x23,0x27,0x27,0x23,0x23,0x23,0x23,0x23,0x23,0x23,0x23,0x23,0x23,0x2b,0x2b,
    0x22,0x22,0x2e,0x2e,0x26,0x26,0x1f,0x1f,0x1c,0x1c,0x1f,0x1f,0x15,0x15,0x0d,0x0d,
    0x09,0x09,0x02,0x02,0x01,0x01,0x02,0x02,0x07,0x07,0x04,0x04,0x04,0x04,0x0a,0x0a,
    0x09,0x09,0x09,0x09,0x12,0x12,0x0e,0x0e,0x07,0x07,0x02,0x02,0x01,0x01,0x04,0x04,
    0x06,0x06,0x03,0x03,0x04,0x04,0x07,0x07,0x04,0x04,0x0f,0x0f,0x17,0x17,0x0c,0x0c,
    0x14,0x14,0x2f,0x2f,0x23,0x23,0x17,0x17,0x0f,0x0f,0x0b,0x0b,0x0b,0x0b,0x03,0x03,
    0x0b,0x0b,0x0f,0x0f,0x17,0x17,0x16,0x16,0x16,0x16,0x18,0x18,0x1b,0x1b,0x2c,0x2c,
    0x25,0x25,0x17,0x17,0x14,0x14,0x0e,0x0e,0x0e,0x0e,0x18,0x18,0x1e,0x1e,0x25,0x25,
    0x23,0x23,0x23,0x23,0x27,0x27,0x23,0x23,0x23,0x23,0x23,0x23,0x23,0x23,0x20,0x20,
    0x1f,0x1f,0x23,0x23,0x20,0x20,0x2c,0x2c,0x1f,0x1f,0x2b,0x2b,0x2f,0x2f,0x13,0x13,
    0x10,0x10,0x16,0x16,0x08,0x08,0x09,0x09,0x09,0x09,0x09,0x09,0x10,0x10,0x1e,0x1e,
    0x10,0x10,0x09,0x09,0x13,0x13,0x09,0x09,0x0a,0x0a,0x05,0x05,0x05,0x05,0x05,0x05,
    0x0a,0x0a,0x0a,0x0a,0x11,0x11,0x10,0x10,0x19,0x19,0x1a,0x1a,0x09,0x09,0x11,0x11,
    0x15,0x15,0x19,0x19,0x19,0x19,0x1f,0x1f,0x26,0x26,0x2c,0x2c,0x2b,0x2b,0x2e,0x2e,
    0x1c,0x1c,0x20,0x20,0x2f,0x2f,0x1c,0x1c,0x25,0x25,0x2b,0x2b,0x23,0x23,0x2c,0x2c,
    0x1f,0x1f,0x23,0x23,0x23,0x23,0x21,0x21,0x1f,0x1f,0x20,0x20,0x22,0x22,0x2b,0x2b,
    0x23,0x23,0x27,0x27,0x27,0x27,0x28,0x28,0x23,0x23,0x27,0x27,0x2a,0x2a,0x23,0x23,
    0x27,0x27,0x23,0x23,0x2b,0x2b,0x2b,0x2b,0x2c,0x2c,0x20,0x20,0x25,0x25,0x27,0x27,
    0x26,0x26,0x2c,0x2c,0x27,0x27,0x23,0x23,0x23,0x23,0x27,0x27,0x2b,0x2b,0x22,0x22,
    0x1c,0x1c,0x2c,0x2c,0x1c,0x1c,0x1c,0x1c,0x1e,0x1e,0x1a,0x1a,0x1f,0x1f,0x20,0x20,
    0x18,0x18,0x1d,0x1d,0x2b,0x2b,0x23,0x23,0x23,0x23,0x28,0x28,0x2a,0x2a,0x2b,0x2b,
    0x2b,0x2b,0x23,0x23,0x2c,0x2c,0x18,0x18,0x16,0x16,0x14,0x14,0x27,0x27,0x1b,0x1b,
    0x18,0x18,0x1b,0x1b,0x1d,0x1d,0x1a,0x1a,0x1c,0x1c,0x1c,0x1c,0x16,0x16,0x12,0x12,
    0x0c,0x0c,0x08,0x08,0x04,0x04,0x04,0x04,0x01,0x01,0x02,0x02,0x02,0x02,0x07,0x07,
    0x0b,0x0b,0x0c,0x0c,0x0b,0x0b,0x07,0x07,0x0c,0x0c,0x04,0x04,0x01,0x01,0x01,0x01,
    0x01,0x01,0x01,0x01,0x02,0x02,0x04,0x04,0x04,0x04,0x07,0x07,0x08,0x08,0x04,0x04,
    0x02,0x02,0x02,0x02,0x02,0x02,0x00,0x00,0x01,0x01,0x02,0x02,0x02,0x02,0x00,0x00,
    0x00,0x00,0x00,0x00,0x00,0x00,0x08,0x08,0x02,0x02,0x05,0x05,0x05,0x05,0x0a,0x0a,
    0x0d,0x0d,0x11,0x11,0x11,0x11,0x0d,0x0d,0x1c,0x1c,0x0a,0x0a,0x11,0x11,0x13,0x13,
    0x19,0x19,0x19,0x19,0x1d,0x1d,0x1d,0x1d,0x2b,0x2b,0x2b,0x2b,0x25,0x25,0x23,0x23,
    0x2e,0x2e,0x16,0x16,0x1a,0x1a,0x13,0x13,0x0a,0x0a,0x10,0x10,0x15,0x15,0x13,0x13,
    0x16,0x16,0x09,0x09,0x0a,0x0a,0x09,0x09,0x11,0x11,0x26,0x26,0x1d,0x1d,0x28,0x28,
    0x23,0x23,0x23,0x23,0x23,0x23,0x23,0x23,0x23,0x23,0x23,0x23,0x23,0x23,0x28,0x28,
    0x22,0x22,0x2e,0x2e,0x26,0x26,0x1f,0x1f,0x1c,0x1c,0x1f,0x1f,0x15,0x15,0x0d,0x0d,
    0x09,0x09,0x02,0x02,0x01,0x01,0x02,0x02,0x07,0x07,0x04,0x04,0x04,0x04,0x0a,0x0a,
    0x09,0x09,0x09,0x09,0x12,0x12,0x0e,0x0e,0x07,0x07,0x02,0x02,0x01,0x01,0x04,0x04,
    0x06,0x06,0x03,0x03,0x04,0x04,0x07,0x07,0x04,0x04,0x0f,0x0f,0x17,0x17,0x0c,0x0c,
    0x14,0x14,0x2f,0x2f,0x23,0x23,0x17,0x17,0x0f,0x0f,0x0b,0x0b,0x0b,0x0b,0x03,0x03,
    0x0b,0x0b,0x0f,0x0f,0x17,0x17,0x16,0x16,0x16,0x16,0x18,0x18,0x1b,0x1b,0x2c,0x2c,
    0x25,0x25,0x17,0x17,0x14,0x14,0x0e,0x0e,0x0e,0x0e,0x18,0x18,0x1e,0x1e,0x25,0x25,
    0x23,0x23,0x23,0x23,0x27,0x27,0x23,0x23,0x23,0x23,0x23,0x23,0x23,0x23,0x20,0x20,
    0x1f,0x1f,0x23,0x23,0x20,0x20,0x2c,0x2c,0x1f,0x1f,0x2b,0x2b,0x2f,0x2f,0x13,0x13,
    0x10,0x10,0x16,0x16,0x08,0x08,0x09,0x09,0x09,0x09,0x09,0x09,0x10,0x10,0x1e,0x1e,
    0x10,0x10,0x09,0x09,0x13,0x13,0x09,0x09,0x0a,0x0a,0x05,0x05,0x05,0x05,0x05,0x05,
    0x0a,0x0a,0x0a,0x0a,0x11,0x11,0x10,0x10,0x19,0x19,0x1a,0x1a,0x09,0x09,0x11,0x11,
    0x15,0x15,0x19,0x19,0x19,0x19,0x1f,0x1f,0x26,0x26,0x2c,0x2c,0x2b,0x2b,0x2e,0x2e,
    0x1c,0x1c,0x20,0x20,0x2f,0x2f,0x1c,0x1c,0x25,0x25,0x2b,0x2b,0x23,0x23,0x2c,0x2c,
    0x1f,0x1f,0x23,0x23,0x23,0x23,0x21,0x21,0x1f,0x1f,0x20,0x20,0x22,0x22,0x2b,0x2b,
    0x23,0x23,0x27,0x27,0x27,0x27,0x28,0x28,0x23,0x23,0x27,0x27,0x2a,0x2a,0x23,0x23,
    0x27,0x27,0x23,0x23,0x2b,0x2b,0x2b,0x2b,0x2c,0x2c,0x20,0x20,0x25,0x25,0x27,0x27,
    0x26,0x26,0x2c,0x2c,0x27,0x27,0x23,0x23,0x23,0x23,0x27,0x27,0x2b,0x2b,0x22,0x22,
    0x1c,0x1c,0x2c,0x2c,0x1c,0x1c,0x1c,0x1c,0x1e,0x1e,0x1a,0x1a,0x1f,0x1f,0x20,0x20,
    0x18,0x18,0x1d,0x1d,0x2b,0x2b,0x23,0x23,0x23,0x23,0x28,0x28,0x2a,0x2a,0x2b,0x2b,
    0x2b,0x2b,0x23,0x23,0x2c,0x2c,0x18,0x18,0x16,0x16,0x14,0x14,0x27,0x27,0x1b,0x1b,
    0x18,0x18,0x1b,0x1b,0x1d,0x1d,0x1a,0x1a,0x1c,0x1c,0x1c,0x1c,0x16,0x16,0x12,0x12,
    0x0c,0x0c,0x08,0x08,0x04,0x04,0x04,0x04,0x01,0x01,0x02,0x02,0x02,0x02,0x07,0x07,
    0x0b,0x0b,0x0c,0x0c,0x0b,0x0b,0x07,0x07,0x0c,0x0c,0x04,0x04,0x01,0x01,0x01,0x01,
    0x01,0x01,0x01,0x01,0x02,0x02,0x04,0x04,0x04,0x04,0x07,0x07,0x08,0x08,0x04,0x04,
    0x02,0x02,0x02,0x02,0x02,0x02,0x00,0x00,0x01,0x01,0x02,0x02,0x02,0x02,0x00,0x00,
    0x00,0x00,0x00,0x00,0x00,0x00,0x08,0x08,0x02,0x02,0x05,0x05,0x05,0x05,0x0a,0x0a,
    0x0d,0x0d,0x11,0x11,0x11,0x11,0x0d,0x0d,0x1c,0x1c,0x0a,0x0a,0x11,0x11,0x13,0x13,
    0x19,0x19,0x19,0x19,0x1d,0x1d,0x1d,0x1d,0x2b,0x2b,0x2b,0x2b,0x25,0x25,0x23,0x23,
    0x2e,0x2e,0x16,0x16,0x1a,0x1a,0x13,0x13,0x0a,0x0a,0x10,0x10,0x15,0x15,0x13,0x13,
    0x16,0x16,0x09,0x09,0x0a,0x0a,0x09,0x09,0x11,0x11,0x26,0x26,0x1d,0x1d,0x28,0x28,
    0x23,0x23,0x23,0x23,0x23,0x23,0x23,0x23,0x23,0x23,0x23,0x23,0x23,0x23,0x28,0x28,
    0x2e,0x2e,0x1f,0x1f,0x11,0x11,0x1b,0x1b,0x10,0x10,0x17,0x17,0x11,0x11,0x0d,0x0d,
    0x09,0x09,0x01,0x01,0x01,0x01,0x04,0x04,0x08,0x08,0x08,0x08,0x08,0x08,0x0d,0x0d,
    0x08,0x08,0x09,0x09,0x12,0x12,0x07,0x07,0x04,0x04,0x04,0x04,0x04,0x04,0x07,0x07,
    0x07,0x07,0x03,0x03,0x04,0x04,0x03,0x03,0x02,0x02,0x0c,0x0c,0x0f,0x0f,0x0f,0x0f,
    0x14,0x14,0x16,0x16,0x0f,0x0f,0x0f,0x0f,0x14,0x14,0x0c,0x0c,0x0b,0x0b,0x07,0x07,
    0x0b,0x0b,0x0f,0x0f,0x14,0x14,0x14,0x14,0x0c,0x0c,0x1a,0x1a,0x2f,0x2f,0x1f,0x1f,
    0x2c,0x2c,0x1a,0x1a,0x1a,0x1a,0x0f,0x0f,0x16,0x16,0x1c,0x1c,0x1c,0x1c,0x2c,0x2c,
    0x2b,0x2b,0x23,0x23,0x25,0x25,0x23,0x23,0x23,0x23,0x23,0x23,0x28,0x28,0x1e,0x1e,
    0x15,0x15,0x1e,0x1e,0x23,0x23,0x2f,0x2f,0x15,0x15,0x13,0x13,0x19,0x19,0x13,0x13,
    0x09,0x09,0x13,0x13,0x10,0x10,0x09,0x09,0x0a,0x0a,0x0d,0x0d,0x0d,0x0d,0x10,0x10,
    0x0a,0x0a,0x0a,0x0a,0x0d,0x0d,0x05,0x05,0x05,0x05,0x05,0x05,0x05,0x05,0x0a,0x0a,
    0x0d,0x0d,0x13,0x13,0x18,0x18,0x11,0x11,0x1a,0x1a,0x1e,0x1e,0x13,0x13,0x11,0x11,
    0x18,0x18,0x1c,0x1c,0x1a,0x1a,0x2f,0x2f,0x2b,0x2b,0x1f,0x1f,0x1f,0x1f,0x1c,0x1c,
    0x25,0x25,0x2b,0x2b,0x23,0x23,0x2c,0x2c,0x25,0x25,0x28,0x28,0x28,0x28,0x23,0x23,
    0x2b,0x2b,0x28,0x28,0x2b,0x2b,0x1d,0x1d,0x15,0x15,0x1c,0x1c,0x22,0x22,0x25,0x25,
    0x23,0x23,0x28,0x28,0x28,0x28,0x27,0x27,0x2b,0x2b,0x23,0x23,0x23,0x23,0x2c,0x2c,
    0x22,0x22,0x1d,0x1d,0x1c,0x1c,0x1c,0x1c,0x16,0x16,0x1a,0x1a,0x25,0x25,0x25,0x25,
    0x1e,0x1e,0x1b,0x1b,0x25,0x25,0x23,0x23,0x25,0x25,0x28,0x28,0x2a,0x2a,0x2b,0x2b,
    0x2c,0x2c,0x27,0x27,0x2e,0x2e,0x1f,0x1f,0x23,0x23,0x22,0x22,0x1b,0x1b,0x16,0x16,
    0x17,0x17,0x2f,0x2f,0x23,0x23,0x25,0x25,0x25,0x25,0x25,0x25,0x28,0x28,0x2b,0x2b,
    0x2b,0x2b,0x2b,0x2b,0x2b,0x2b,0x20,0x20,0x2b,0x2b,0x1f,0x1f,0x23,0x23,0x18,0x18,
    0x1c,0x1c,0x22,0x22,0x25,0x25,0x2e,0x2e,0x2e,0x2e,0x14,0x14,0x0f,0x0f,0x14,0x14,
    0x0b,0x0b,0x08,0x08,0x04,0x04,0x01,0x01,0x01,0x01,0x04,0x04,0x07,0x07,0x07,0x07,
    0x0e,0x0e,0x14,0x14,0x0e,0x0e,0x0b,0x0b,0x0e,0x0e,0x06,0x06,0x01,0x01,0x01,0x01,
    0x01,0x01,0x01,0x01,0x02,0x02,0x07,0x07,0x07,0x07,0x04,0x04,0x0b,0x0b,0x08,0x08,
    0x04,0x04,0x07,0x07,0x04,0x04,0x01,0x01,0x01,0x01,0x00,0x00,0x00,0x00,0x00,0x00,
    0x00,0x00,0x00,0x00,0x00,0x00,0x00,0x00,0x02,0x02,0x09,0x09,0x05,0x05,0x09,0x09,
    0x0a,0x0a,0x0d,0x0d,0x0a,0x0a,0x10,0x10,0x18,0x18,0x13,0x13,0x15,0x15,0x16,0x16,
    0x2c,0x2c,0x20,0x20,0x2c,0x2c,0x2b,0x2b,0x23,0x23,0x23,0x23,0x2b,0x2b,0x25,0x25,
    0x23,0x23,0x2c,0x2c,0x1f,0x1f,0x10,0x10,0x11,0x11,0x11,0x11,0x10,0x10,0x0a,0x0a,
    0x0a,0x0a,0x0a,0x0a,0x0d,0x0d,0x0a,0x0a,0x13,0x13,0x19,0x19,0x1a,0x1a,0x2c,0x2c,
    0x23,0x23,0x23,0x23,0x23,0x23,0x23,0x23,0x22,0x22,0x23,0x23,0x23,0x23,0x28,0x28,
    0x2e,0x2e,0x1f,0x1f,0x11,0x11,0x1b,0x1b,0x10,0x10,0x17,0x17,0x11,0x11,0x0d,0x0d,
    0x09,0x09,0x01,0x01,0x01,0x01,0x04,0x04,0x08,0x08,0x08,0x08,0x08,0x08,0x0d,0x0d,
    0x08,0x08,0x09,0x09,0x12,0x12,0x07,0x07,0x04,0x04,0x04,0x04,0x04,0x04,0x07,0x07,
    0x07,0x07,0x03,0x03,0x04,0x04,0x03,0x03,0x02,0x02,0x0c,0x0c,0x0f,0x0f,0x0f,0x0f,
    0x14,0x14,0x16,0x16,0x0f,0x0f,0x0f,0x0f,0x14,0x14,0x0c,0x0c,0x0b,0x0b,0x07,0x07,
    0x0b,0x0b,0x0f,0x0f,0x14,0x14,0x14,0x14,0x0c,0x0c,0x1a,0x1a,0x2f,0x2f,0x1f,0x1f,
    0x2c,0x2c,0x1a,0x1a,0x1a,0x1a,0x0f,0x0f,0x16,0x16,0x1c,0x1c,0x1c,0x1c,0x2c,0x2c,
    0x2b,0x2b,0x23,0x23,0x25,0x25,0x23,0x23,0x23,0x23,0x23,0x23,0x28,0x28,0x1e,0x1e,
    0x15,0x15,0x1e,0x1e,0x23,0x23,0x2f,0x2f,0x15,0x15,0x13,0x13,0x19,0x19,0x13,0x13,
    0x09,0x09,0x13,0x13,0x10,0x10,0x09,0x09,0x0a,0x0a,0x0d,0x0d,0x0d,0x0d,0x10,0x10,
    0x0a,0x0a,0x0a,0x0a,0x0d,0x0d,0x05,0x05,0x05,0x05,0x05,0x05,0x05,0x05,0x0a,0x0a,
    0x0d,0x0d,0x13,0x13,0x18,0x18,0x11,0x11,0x1a,0x1a,0x1e,0x1e,0x13,0x13,0x11,0x11,
    0x18,0x18,0x1c,0x1c,0x1a,0x1a,0x2f,0x2f,0x2b,0x2b,0x1f,0x1f,0x1f,0x1f,0x1c,0x1c,
    0x25,0x25,0x2b,0x2b,0x23,0x23,0x2c,0x2c,0x25,0x25,0x28,0x28,0x28,0x28,0x23,0x23,
    0x2b,0x2b,0x28,0x28,0x2b,0x2b,0x1d,0x1d,0x15,0x15,0x1c,0x1c,0x22,0x22,0x25,0x25,
    0x23,0x23,0x28,0x28,0x28,0x28,0x27,0x27,0x2b,0x2b,0x23,0x23,0x23,0x23,0x2c,0x2c,
    0x22,0x22,0x1d,0x1d,0x1c,0x1c,0x1c,0x1c,0x16,0x16,0x1a,0x1a,0x25,0x25,0x25,0x25,
    0x1e,0x1e,0x1b,0x1b,0x25,0x25,0x23,0x23,0x25,0x25,0x28,0x28,0x2a,0x2a,0x2b,0x2b,
    0x2c,0x2c,0x27,0x27,0x2e,0x2e,0x1f,0x1f,0x23,0x23,0x22,0x22,0x1b,0x1b,0x16,0x16,
    0x17,0x17,0x2f,0x2f,0x23,0x23,0x25,0x25,0x25,0x25,0x25,0x25,0x28,0x28,0x2b,0x2b,
    0x2b,0x2b,0x2b,0x2b,0x2b,0x2b,0x20,0x20,0x2b,0x2b,0x1f,0x1f,0x23,0x23,0x18,0x18,
    0x1c,0x1c,0x22,0x22,0x25,0x25,0x2e,0x2e,0x2e,0x2e,0x14,0x14,0x0f,0x0f,0x14,0x14,
    0x0b,0x0b,0x08,0x08,0x04,0x04,0x01,0x01,0x01,0x01,0x04,0x04,0x07,0x07,0x07,0x07,
    0x0e,0x0e,0x14,0x14,0x0e,0x0e,0x0b,0x0b,0x0e,0x0e,0x06,0x06,0x01,0x01,0x01,0x01,
    0x01,0x01,0x01,0x01,0x02,0x02,0x07,0x07,0x07,0x07,0x04,0x04,0x0b,0x0b,0x08,0x08,
    0x04,0x04,0x07,0x07,0x04,0x04,0x01,0x01,0x01,0x01,0x00,0x00,0x00,0x00,0x00,0x00,
    0x00,0x00,0x00,0x00,0x00,0x00,0x00,0x00,0x02,0x02,0x09,0x09,0x05,0x05,0x09,0x09,
    0x0a,0x0a,0x0d,0x0d,0x0a,0x0a,0x10,0x10,0x18,0x18,0x13,0x13,0x15,0x15,0x16,0x16,
    0x2c,0x2c,0x20,0x20,0x2c,0x2c,0x2b,0x2b,0x23,0x23,0x23,0x23,0x2b,0x2b,0x25,0x25,
    0x23,0x23,0x2c,0x2c,0x1f,0x1f,0x10,0x10,0x11,0x11,0x11,0x11,0x10,0x10,0x0a,0x0a,
    0x0a,0x0a,0x0a,0x0a,0x0d,0x0d,0x0a,0x0a,0x13,0x13,0x19,0x19,0x1a,0x1a,0x2c,0x2c,
    0x23,0x23,0x23,0x23,0x23,0x23,0x23,0x23,0x22,0x22,0x23,0x23,0x23,0x23,0x28,0x28,
    0x1e,0x1e,0x0a,0x0a,0x15,0x15,0x15,0x15,0x08,0x08,0x13,0x13,0x0a,0x0a,0x05,0x05,
    0x02,0x02,0x04,0x04,0x02,0x02,0x02,0x02,0x0d,0x0d,0x14,0x14,0x08,0x08,0x05,0x05,
    0x0d,0x0d,0x0e,0x0e,0x0e,0x0e,0x0d,0x0d,0x05,0x05,0x05,0x05,0x0e,0x0e,0x0b,0x0b,
    0x0e,0x0e,0x04,0x04,0x07,0x07,0x02,0x02,0x07,0x07,0x04,0x04,0x0b,0x0b,0x0c,0x0c,
    0x12,0x12,0x12,0x12,0x0b,0x0b,0x0c,0x0c,0x0e,0x0e,0x0b,0x0b,0x06,0x06,0x06,0x06,
    0x06,0x06,0x0c,0x0c,0x0c,0x0c,0x0f,0x0f,0x17,0x17,0x17,0x17,0x2e,0x2e,0x1b,0x1b,
    0x20,0x20,0x2c,0x2c,0x23,0x23,0x16,0x16,0x1b,0x1b,0x1d,0x1d,0x1c,0x1c,0x2c,0x2c,
    0x25,0x25,0x27,0x27,0x23,0x23,0x23,0x23,0x23,0x23,0x23,0x23,0x20,0x20,0x2f,0x2f,
    0x15,0x15,0x13,0x13,0x20,0x20,0x15,0x15,0x09,0x09,0x02,0x02,0x11,0x11,0x17,0x17,
    0x10,0x10,0x10,0x10,0x17,0x17,0x13,0x13,0x15,0x15,0x11,0x11,0x0d,0x0d,0x09,0x09,
    0x09,0x09,0x09,0x09,0x05,0x05,0x05,0x05,0x09,0x09,0x09,0x09,0x08,0x08,0x09,0x09,
    0x0d,0x0d,0x11,0x11,0x10,0x10,0x18,0x18,0x1b,0x1b,0x25,0x25,0x2b,0x2b,0x19,0x19,
    0x1a,0x1a,0x25,0x25,0x23,0x23,0x23,0x23,0x26,0x26,0x11,0x11,0x10,0x10,0x17,0x17,
    0x23,0x23,0x23,0x23,0x2b,0x2b,0x28,0x28,0x28,0x28,0x25,0x25,0x28,0x28,0x23,0x23,
    0x27,0x27,0x27,0x27,0x23,0x23,0x20,0x20,0x1a,0x1a,0x1c,0x1c,0x25,0x25,0x23,0x23,
    0x25,0x25,0x2a,0x2a,0x23,0x23,0x23,0x23,0x23,0x23,0x28,0x28,0x2c,0x2c,0x20,0x20,
    0x0f,0x0f,0x16,0x16,0x18,0x18,0x19,0x19,0x0f,0x0f,0x18,0x18,0x2f,0x2f,0x1a,0x1a,
    0x12,0x12,0x17,0x17,0x1c,0x1c,0x2b,0x2b,0x23,0x23,0x25,0x25,0x28,0x28,0x23,0x23,
    0x23,0x23,0x23,0x23,0x23,0x23,0x25,0x25,0x25,0x25,0x1c,0x1c,0x19,0x19,0x16,0x16,
    0x0d,0x0d,0x15,0x15,0x25,0x25,0x25,0x25,0x25,0x25,0x2c,0x2c,0x2c,0x2c,0x2b,0x2b,
    0x28,0x28,0x2b,0x2b,0x28,0x28,0x2b,0x2b,0x23,0x23,0x25,0x25,0x25,0x25,0x23,0x23,
    0x25,0x25,0x25,0x25,0x2c,0x2c,0x1d,0x1d,0x1a,0x1a,0x0c,0x0c,0x0c,0x0c,0x0c,0x0c,
    0x07,0x07,0x02,0x02,0x01,0x01,0x01,0x01,0x02,0x02,0x02,0x02,0x04,0x04,0x07,0x07,
    0x0e,0x0e,0x12,0x12,0x0b,0x0b,0x08,0x08,0x08,0x08,0x04,0x04,0x01,0x01,0x03,0x03,
    0x01,0x01,0x01,0x01,0x04,0x04,0x04,0x04,0x07,0x07,0x08,0x08,0x07,0x07,0x04,0x04,
    0x07,0x07,0x09,0x09,0x05,0x05,0x02,0x02,0x02,0x02,0x01,0x01,0x00,0x00,0x00,0x00,
    0x00,0x00,0x00,0x00,0x00,0x00,0x02,0x02,0x05,0x05,0x09,0x09,0x10,0x10,0x0a,0x0a,
    0x0d,0x0d,0x0a,0x0a,0x10,0x10,0x19,0x19,0x09,0x09,0x19,0x19,0x2b,0x2b,0x16,0x16,
    0x22,0x22,0x2c,0x2c,0x2b,0x2b,0x2b,0x2b,0x23,0x23,0x23,0x23,0x2b,0x2b,0x2b,0x2b,
    0x2b,0x2b,0x2b,0x2b,0x20,0x20,0x15,0x15,0x20,0x20,0x10,0x10,0x0a,0x0a,0x10,0x10,
    0x09,0x09,0x0d,0x0d,0x13,0x13,0x0d,0x0d,0x1c,0x1c,0x1a,0x1a,0x2c,0x2c,0x2c,0x2c,
    0x25,0x25,0x23,0x23,0x23,0x23,0x25,0x25,0x23,0x23,0x23,0x23,0x23,0x23,0x25,0x25,
    0x1e,0x1e,0x0a,0x0a,0x15,0x15,0x15,0x15,0x08,0x08,0x13,0x13,0x0a,0x0a,0x05,0x05,
    0x02,0x02,0x04,0x04,0x02,0x02,0x02,0x02,0x0d,0x0d,0x14,0x14,0x08,0x08,0x05,0x05,
    0x0d,0x0d,0x0e,0x0e,0x0e,0x0e,0x0d,0x0d,0x05,0x05,0x05,0x05,0x0e,0x0e,0x0b,0x0b,
    0x0e,0x0e,0x04,0x04,0x07,0x07,0x02,0x02,0x07,0x07,0x04,0x04,0x0b,0x0b,0x0c,0x0c,
    0x12,0x12,0x12,0x12,0x0b,0x0b,0x0c,0x0c,0x0e,0x0e,0x0b,0x0b,0x06,0x06,0x06,0x06,
    0x06,0x06,0x0c,0x0c,0x0c,0x0c,0x0f,0x0f,0x17,0x17,0x17,0x17,0x2e,0x2e,0x1b,0x1b,
    0x20,0x20,0x2c,0x2c,0x23,0x23,0x16,0x16,0x1b,0x1b,0x1d,0x1d,0x1c,0x1c,0x2c,0x2c,
    0x25,0x25,0x27,0x27,0x23,0x23,0x23,0x23,0x23,0x23,0x23,0x23,0x20,0x20,0x2f,0x2f,
    0x15,0x15,0x13,0x13,0x20,0x20,0x15,0x15,0x09,0x09,0x02,0x02,0x11,0x11,0x17,0x17,
    0x10,0x10,0x10,0x10,0x17,0x17,0x13,0x13,0x15,0x15,0x11,0x11,0x0d,0x0d,0x09,0x09,
    0x09,0x09,0x09,0x09,0x05,0x05,0x05,0x05,0x09,0x09,0x09,0x09,0x08,0x08,0x09,0x09,
    0x0d,0x0d,0x11,0x11,0x10,0x10,0x18,0x18,0x1b,0x1b,0x25,0x25,0x2b,0x2b,0x19,0x19,
    0x1a,0x1a,0x25,0x25,0x23,0x23,0x23,0x23,0x26,0x26,0x11,0x11,0x10,0x10,0x17,0x17,
    0x23,0x23,0x23,0x23,0x2b,0x2b,0x28,0x28,0x28,0x28,0x25,0x25,0x28,0x28,0x23,0x23,
    0x27,0x27,0x27,0x27,0x23,0x23,0x20,0x20,0x1a,0x1a,0x1c,0x1c,0x25,0x25,0x23,0x23,
    0x25,0x25,0x2a,0x2a,0x23,0x23,0x23,0x23,0x23,0x23,0x28,0x28,0x2c,0x2c,0x20,0x20,
    0x0f,0x0f,0x16,0x16,0x18,0x18,0x19,0x19,0x0f,0x0f,0x18,0x18,0x2f,0x2f,0x1a,0x1a,
    0x12,0x12,0x17,0x17,0x1c,0x1c,0x2b,0x2b,0x23,0x23,0x25,0x25,0x28,0x28,0x23,0x23,
    0x23,0x23,0x23,0x23,0x23,0x23,0x25,0x25,0x25,0x25,0x1c,0x1c,0x19,0x19,0x16,0x16,
    0x0d,0x0d,0x15,0x15,0x25,0x25,0x25,0x25,0x25,0x25,0x2c,0x2c,0x2c,0x2c,0x2b,0x2b,
    0x28,0x28,0x2b,0x2b,0x28,0x28,0x2b,0x2b,0x23,0x23,0x25,0x25,0x25,0x25,0x23,0x23,
    0x25,0x25,0x25,0x25,0x2c,0x2c,0x1d,0x1d,0x1a,0x1a,0x0c,0x0c,0x0c,0x0c,0x0c,0x0c,
    0x07,0x07,0x02,0x02,0x01,0x01,0x01,0x01,0x02,0x02,0x02,0x02,0x04,0x04,0x07,0x07,
    0x0e,0x0e,0x12,0x12,0x0b,0x0b,0x08,0x08,0x08,0x08,0x04,0x04,0x01,0x01,0x03,0x03,
    0x01,0x01,0x01,0x01,0x04,0x04,0x04,0x04,0x07,0x07,0x08,0x08,0x07,0x07,0x04,0x04,
    0x07,0x07,0x09,0x09,0x05,0x05,0x02,0x02,0x02,0x02,0x01,0x01,0x00,0x00,0x00,0x00,
    0x00,0x00,0x00,0x00,0x00,0x00,0x02,0x02,0x05,0x05,0x09,0x09,0x10,0x10,0x0a,0x0a,
    0x0d,0x0d,0x0a,0x0a,0x10,0x10,0x19,0x19,0x09,0x09,0x19,0x19,0x2b,0x2b,0x16,0x16,
    0x22,0x22,0x2c,0x2c,0x2b,0x2b,0x2b,0x2b,0x23,0x23,0x23,0x23,0x2b,0x2b,0x2b,0x2b,
    0x2b,0x2b,0x2b,0x2b,0x20,0x20,0x15,0x15,0x20,0x20,0x10,0x10,0x0a,0x0a,0x10,0x10,
    0x09,0x09,0x0d,0x0d,0x13,0x13,0x0d,0x0d,0x1c,0x1c,0x1a,0x1a,0x2c,0x2c,0x2c,0x2c,
    0x25,0x25,0x23,0x23,0x23,0x23,0x25,0x25,0x23,0x23,0x23,0x23,0x23,0x23,0x25,0x25,
    0x29,0x29,0x10,0x10,0x11,0x11,0x09,0x09,0x09,0x09,0x09,0x09,0x04,0x04,0x04,0x04,
    0x01,0x01,0x01,0x01,0x05,0x05,0x08,0x08,0x0e,0x0e,0x12,0x12,0x0d,0x0d,0x09,0x09,
    0x0f,0x0f,0x14,0x14,0x14,0x14,0x0f,0x0f,0x0c,0x0c,0x0b,0x0b,0x06,0x06,0x0c,0x0c,
    0x0e,0x0e,0x0c,0x0c,0x07,0x07,0x04,0x04,0x04,0x04,0x07,0x07,0x07,0x07,0x0c,0x0c,
    0x0e,0x0e,0x14,0x14,0x0b,0x0b,0x06,0x06,0x07,0x07,0x06,0x06,0x03,0x03,0x01,0x01,
    0x03,0x03,0x06,0x06,0x0c,0x0c,0x0f,0x0f,0x0f,0x0f,0x16,0x16,0x16,0x16,0x16,0x16,
    0x0e,0x0e,0x1c,0x1c,0x2c,0x2c,0x1f,0x1f,0x1b,0x1b,0x2c,0x2c,0x2b,0x2b,0x2c,0x2c,
    0x2b,0x2b,0x27,0x27,0x2c,0x2c,0x25,0x25,0x23,0x23,0x23,0x23,0x2b,0x2b,0x1c,0x1c,
    0x13,0x13,0x1b,0x1b,0x25,0x25,0x15,0x15,0x10,0x10,0x09,0x09,0x19,0x19,0x2f,0x2f,
    0x1a,0x1a,0x16,0x16,0x11,0x11,0x1c,0x1c,0x13,0x13,0x09,0x09,0x09,0x09,0x0a,0x0a,
    0x09,0x09,0x0a,0x0a,0x08,0x08,0x09,0x09,0x0a,0x0a,0x09,0x09,0x0a,0x0a,0x09,0x09,
    0x10,0x10,0x09,0x09,0x10,0x10,0x13,0x13,0x1a,0x1a,0x2f,0x2f,0x23,0x23,0x2f,0x2f,
    0x1e,0x1e,0x1f,0x1f,0x25,0x25,0x16,0x16,0x1a,0x1a,0x0a,0x0a,0x12,0x12,0x1c,0x1c,
    0x18,0x18,0x2c,0x2c,0x23,0x23,0x28,0x28,0x2b,0x2b,0x2b,0x2b,0x23,0x23,0x23,0x23,
    0x28,0x28,0x23,0x23,0x23,0x23,0x23,0x23,0x28,0x28,0x25,0x25,0x23,0x23,0x2c,0x2c,
    0x2b,0x2b,0x2a,0x2a,0x23,0x23,0x23,0x23,0x2c,0x2c,0x1a,0x1a,0x1a,0x1a,0x23,0x23,
    0x15,0x15,0x0f,0x0f,0x19,0x19,0x25,0x25,0x1f,0x1f,0x1b,0x1b,0x21,0x21,0x1b,0x1b,
    0x1a,0x1a,0x1a,0x1a,0x1a,0x1a,0x2c,0x2c,0x23,0x23,0x27,0x27,0x27,0x27,0x23,0x23,
    0x25,0x25,0x27,0x27,0x2b,0x2b,0x20,0x20,0x21,0x21,0x1d,0x1d,0x16,0x16,0x0d,0x0d,
    0x0d,0x0d,0x16,0x16,0x23,0x23,0x23,0x23,0x1c,0x1c,0x15,0x15,0x1b,0x1b,0x23,0x23,
    0x25,0x25,0x23,0x23,0x27,0x27,0x23,0x23,0x25,0x25,0x23,0x23,0x23,0x23,0x23,0x23,
    0x2a,0x2a,0x23,0x23,0x29,0x29,0x16,0x16,0x12,0x12,0x0e,0x0e,0x07,0x07,0x06,0x06,
    0x04,0x04,0x02,0x02,0x01,0x01,0x01,0x01,0x0c,0x0c,0x0b,0x0b,0x07,0x07,0x12,0x12,
    0x18,0x18,0x0f,0x0f,0x14,0x14,0x0b,0x0b,0x08,0x08,0x04,0x04,0x02,0x02,0x03,0x03,
    0x01,0x01,0x01,0x01,0x01,0x01,0x04,0x04,0x04,0x04,0x0c,0x0c,0x07,0x07,0x0b,0x0b,
    0x0a,0x0a,0x05,0x05,0x04,0x04,0x02,0x02,0x02,0x02,0x02,0x02,0x05,0x05,0x00,0x00,
    0x00,0x00,0x00,0x00,0x00,0x00,0x00,0x00,0x00,0x00,0x05,0x05,0x09,0x09,0x09,0x09,
    0x05,0x05,0x05,0x05,0x10,0x10,0x16,0x16,0x0a,0x0a,0x19,0x19,0x2f,0x2f,0x2c,0x2c,
    0x2b,0x2b,0x2b,0x2b,0x2b,0x2b,0x28,0x28,0x2e,0x2e,0x1a,0x1a,0x19,0x19,0x25,0x25,
    0x1d,0x1d,0x23,0x23,0x23,0x23,0x2e,0x2e,0x19,0x19,0x10,0x10,0x10,0x10,0x08,0x08,
    0x09,0x09,0x13,0x13,0x15,0x15,0x16,0x16,0x22,0x22,0x2c,0x2c,0x1f,0x1f,0x12,0x12,
    0x1b,0x1b,0x1f,0x1f,0x1f,0x1f,0x15,0x15,0x18,0x18,0x12,0x12,0x2e,0x2e,0x23,0x23,
    0x29,0x29,0x10,0x10,0x11,0x11,0x09,0x09,0x09,0x09,0x09,0x09,0x04,0x04,0x04,0x04,
    0x01,0x01,0x01,0x01,0x05,0x05,0x08,0x08,0x0e,0x0e,0x12,0x12,0x0d,0x0d,0x09,0x09,
    0x0f,0x0f,0x14,0x14,0x14,0x14,0x0f,0x0f,0x0c,0x0c,0x0b,0x0b,0x06,0x06,0x0c,0x0c,
    0x0e,0x0e,0x0c,0x0c,0x07,0x07,0x04,0x04,0x04,0x04,0x07,0x07,0x07,0x07,0x0c,0x0c,
    0x0e,0x0e,0x14,0x14,0x0b,0x0b,0x06,0x06,0x07,0x07,0x06,0x06,0x03,0x03,0x01,0x01,
    0x03,0x03,0x06,0x06,0x0c,0x0c,0x0f,0x0f,0x0f,0x0f,0x16,0x16,0x16,0x16,0x16,0x16,
    0x0e,0x0e,0x1c,0x1c,0x2c,0x2c,0x1f,0x1f,0x1b,0x1b,0x2c,0x2c,0x2b,0x2b,0x2c,0x2c,
    0x2b,0x2b,0x27,0x27,0x2c,0x2c,0x25,0x25,0x23,0x23,0x23,0x23,0x2b,0x2b,0x1c,0x1c,
    0x13,0x13,0x1b,0x1b,0x25,0x25,0x15,0x15,0x10,0x10,0x09,0x09,0x19,0x19,0x2f,0x2f,
    0x1a,0x1a,0x16,0x16,0x11,0x11,0x1c,0x1c,0x13,0x13,0x09,0x09,0x09,0x09,0x0a,0x0a,
    0x09,0x09,0x0a,0x0a,0x08,0x08,0x09,0x09,0x0a,0x0a,0x09,0x09,0x0a,0x0a,0x09,0x09,
    0x10,0x10,0x09,0x09,0x10,0x10,0x13,0x13,0x1a,0x1a,0x2f,0x2f,0x23,0x23,0x2f,0x2f,
    0x1e,0x1e,0x1f,0x1f,0x25,0x25,0x16,0x16,0x1a,0x1a,0x0a,0x0a,0x12,0x12,0x1c,0x1c,
    0x18,0x18,0x2c,0x2c,0x23,0x23,0x28,0x28,0x2b,0x2b,0x2b,0x2b,0x23,0x23,0x23,0x23,
    0x28,0x28,0x23,0x23,0x23,0x23,0x23,0x23,0x28,0x28,0x25,0x25,0x23,0x23,0x2c,0x2c,
    0x2b,0x2b,0x2a,0x2a,0x23,0x23,0x23,0x23,0x2c,0x2c,0x1a,0x1a,0x1a,0x1a,0x23,0x23,
    0x15,0x15,0x0f,0x0f,0x19,0x19,0x25,0x25,0x1f,0x1f,0x1b,0x1b,0x21,0x21,0x1b,0x1b,
    0x1a,0x1a,0x1a,0x1a,0x1a,0x1a,0x2c,0x2c,0x23,0x23,0x27,0x27,0x27,0x27,0x23,0x23,
    0x25,0x25,0x27,0x27,0x2b,0x2b,0x20,0x20,0x21,0x21,0x1d,0x1d,0x16,0x16,0x0d,0x0d,
    0x0d,0x0d,0x16,0x16,0x23,0x23,0x23,0x23,0x1c,0x1c,0x15,0x15,0x1b,0x1b,0x23,0x23,
    0x25,0x25,0x23,0x23,0x27,0x27,0x23,0x23,0x25,0x25,0x23,0x23,0x23,0x23,0x23,0x23,
    0x2a,0x2a,0x23,0x23,0x29,0x29,0x16,0x16,0x12,0x12,0x0e,0x0e,0x07,0x07,0x06,0x06,
    0x04,0x04,0x02,0x02,0x01,0x01,0x01,0x01,0x0c,0x0c,0x0b,0x0b,0x07,0x07,0x12,0x12,
    0x18,0x18,0x0f,0x0f,0x14,0x14,0x0b,0x0b,0x08,0x08,0x04,0x04,0x02,0x02,0x03,0x03,
    0x01,0x01,0x01,0x01,0x01,0x01,0x04,0x04,0x04,0x04,0x0c,0x0c,0x07,0x07,0x0b,0x0b,
    0x0a,0x0a,0x05,0x05,0x04,0x04,0x02,0x02,0x02,0x02,0x02,0x02,0x05,0x05,0x00,0x00,
    0x00,0x00,0x00,0x00,0x00,0x00,0x00,0x00,0x00,0x00,0x05,0x05,0x09,0x09,0x09,0x09,
    0x05,0x05,0x05,0x05,0x10,0x10,0x16,0x16,0x0a,0x0a,0x19,0x19,0x2f,0x2f,0x2c,0x2c,
    0x2b,0x2b,0x2b,0x2b,0x2b,0x2b,0x28,0x28,0x2e,0x2e,0x1a,0x1a,0x19,0x19,0x25,0x25,
    0x1d,0x1d,0x23,0x23,0x23,0x23,0x2e,0x2e,0x19,0x19,0x10,0x10,0x10,0x10,0x08,0x08,
    0x09,0x09,0x13,0x13,0x15,0x15,0x16,0x16,0x22,0x22,0x2c,0x2c,0x1f,0x1f,0x12,0x12,
    0x1b,0x1b,0x1f,0x1f,0x1f,0x1f,0x15,0x15,0x18,0x18,0x12,0x12,0x2e,0x2e,0x23,0x23,
    0x1c,0x1c,0x1a,0x1a,0x13,0x13,0x10,0x10,0x08,0x08,0x05,0x05,0x02,0x02,0x02,0x02,
    0x01,0x01,0x04,0x04,0x04,0x04,0x08,0x08,0x0a,0x0a,0x12,0x12,0x15,0x15,0x17,0x17,
    0x16,0x16,0x27,0x27,0x14,0x14,0x0f,0x0f,0x0e,0x0e,0x0f,0x0f,0x0f,0x0f,0x0e,0x0e,
    0x07,0x07,0x0f,0x0f,0x0b,0x0b,0x04,0x04,0x07,0x07,0x0e,0x0e,0x04,0x04,0x07,0x07,
    0x0c,0x0c,0x0b,0x0b,0x06,0x06,0x0b,0x0b,0x03,0x03,0x06,0x06,0x06,0x06,0x03,0x03,
    0x03,0x03,0x06,0x06,0x0c,0x0c,0x0e,0x0e,0x0c,0x0c,0x12,0x12,0x16,0x16,0x0e,0x0e,
    0x14,0x14,0x1f,0x1f,0x23,0x23,0x23,0x23,0x2c,0x2c,0x23,0x23,0x1f,0x1f,0x1d,0x1d,
    0x23,0x23,0x1f,0x1f,0x1c,0x1c,0x1f,0x1f,0x28,0x28,0x25,0x25,0x25,0x25,0x1f,0x1f,
    0x1e,0x1e,0x2c,0x2c,0x2b,0x2b,0x2b,0x2b,0x20,0x20,0x20,0x20,0x20,0x20,0x1d,0x1d,
    0x15,0x15,0x10,0x10,0x09,0x09,0x11,0x11,0x0a,0x0a,0x08,0x08,0x0a,0x0a,0x15,0x15,
    0x10,0x10,0x0d,0x0d,0x0a,0x0a,0x0a,0x0a,0x0d,0x0d,0x0d,0x0d,0x11,0x11,0x0d,0x0d,
    0x12,0x12,0x10,0x10,0x0d,0x0d,0x11,0x11,0x16,0x16,0x15,0x15,0x1e,0x1e,0x23,0x23,
    0x23,0x23,0x23,0x23,0x23,0x23,0x1e,0x1e,0x20,0x20,0x20,0x20,0x19,0x19,0x1a,0x1a,
    0x20,0x20,0x25,0x25,0x2b,0x2b,0x25,0x25,0x25,0x25,0x23,0x23,0x2c,0x2c,0x23,0x23,
    0x23,0x23,0x23,0x23,0x23,0x23,0x23,0x23,0x22,0x22,0x23,0x23,0x25,0x25,0x1c,0x1c,
    0x1f,0x1f,0x23,0x23,0x25,0x25,0x27,0x27,0x23,0x23,0x20,0x20,0x14,0x14,0x17,0x17,
    0x29,0x29,0x1b,0x1b,0x1f,0x1f,0x1d,0x1d,0x16,0x16,0x14,0x14,0x16,0x16,0x1b,0x1b,
    0x2e,0x2e,0x1f,0x1f,0x23,0x23,0x23,0x23,0x23,0x23,0x23,0x23,0x23,0x23,0x23,0x23,
    0x23,0x23,0x23,0x23,0x2c,0x2c,0x18,0x18,0x17,0x17,0x16,0x16,0x2b,0x2b,0x12,0x12,
    0x14,0x14,0x23,0x23,0x2e,0x2e,0x14,0x14,0x17,0x17,0x16,0x16,0x15,0x15,0x2e,0x2e,
    0x23,0x23,0x2c,0x2c,0x23,0x23,0x23,0x23,0x23,0x23,0x23,0x23,0x23,0x23,0x27,0x27,
    0x25,0x25,0x23,0x23,0x2c,0x2c,0x17,0x17,0x0f,0x0f,0x0e,0x0e,0x0b,0x0b,0x04,0x04,
    0x07,0x07,0x07,0x07,0x02,0x02,0x07,0x07,0x0c,0x0c,0x17,0x17,0x0c,0x0c,0x12,0x12,
    0x25,0x25,0x17,0x17,0x16,0x16,0x0b,0x0b,0x07,0x07,0x02,0x02,0x03,0x03,0x04,0x04,
    0x02,0x02,0x04,0x04,0x01,0x01,0x01,0x01,0x02,0x02,0x04,0x04,0x07,0x07,0x0e,0x0e,
    0x0c,0x0c,0x05,0x05,0x05,0x05,0x04,0x04,0x04,0x04,0x08,0x08,0x09,0x09,0x08,0x08,
    0x00,0x00,0x00,0x00,0x00,0x00,0x00,0x00,0x00,0x00,0x00,0x00,0x09,0x09,0x05,0x05,
    0x02,0x02,0x05,0x05,0x09,0x09,0x0a,0x0a,0x09,0x09,0x11,0x11,0x1b,0x1b,0x2c,0x2c,
    0x25,0x25,0x2b,0x2b,0x2c,0x2c,0x20,0x20,0x1b,0x1b,0x1c,0x1c,0x1d,0x1d,0x19,0x19,
    0x18,0x18,0x2f,0x2f,0x23,0x23,0x2f,0x2f,0x18,0x18,0x10,0x10,0x05,0x05,0x04,0x04,
    0x09,0x09,0x15,0x15,0x1e,0x1e,0x2b,0x2b,0x2e,0x2e,0x2c,0x2c,0x12,0x12,0x16,0x16,
    0x12,0x12,0x16,0x16,0x18,0x18,0x18,0x18,0x0d,0x0d,0x11,0x11,0x15,0x15,0x1a,0x1a,
    0x1c,0x1c,0x1a,0x1a,0x13,0x13,0x10,0x10,0x08,0x08,0x05,0x05,0x02,0x02,0x02,0x02,
    0x01,0x01,0x04,0x04,0x04,0x04,0x08,0x08,0x0a,0x0a,0x12,0x12,0x15,0x15,0x17,0x17,
    0x16,0x16,0x27,0x27,0x14,0x14,0x0f,0x0f,0x0e,0x0e,0x0f,0x0f,0x0f,0x0f,0x0e,0x0e,
    0x07,0x07,0x0f,0x0f,0x0b,0x0b,0x04,0x04,0x07,0x07,0x0e,0x0e,0x04,0x04,0x07,0x07,
    0x0c,0x0c,0x0b,0x0b,0x06,0x06,0x0b,0x0b,0x03,0x03,0x06,0x06,0x06,0x06,0x03,0x03,
    0x03,0x03,0x06,0x06,0x0c,0x0c,0x0e,0x0e,0x0c,0x0c,0x12,0x12,0x16,0x16,0x0e,0x0e,
    0x14,0x14,0x1f,0x1f,0x23,0x23,0x23,0x23,0x2c,0x2c,0x23,0x23,0x1f,0x1f,0x1d,0x1d,
    0x23,0x23,0x1f,0x1f,0x1c,0x1c,0x1f,0x1f,0x28,0x28,0x25,0x25,0x25,0x25,0x1f,0x1f,
    0x1e,0x1e,0x2c,0x2c,0x2b,0x2b,0x2b,0x2b,0x20,0x20,0x20,0x20,0x20,0x20,0x1d,0x1d,
    0x15,0x15,0x10,0x10,0x09,0x09,0x11,0x11,0x0a,0x0a,0x08,0x08,0x0a,0x0a,0x15,0x15,
    0x10,0x10,0x0d,0x0d,0x0a,0x0a,0x0a,0x0a,0x0d,0x0d,0x0d,0x0d,0x11,0x11,0x0d,0x0d,
    0x12,0x12,0x10,0x10,0x0d,0x0d,0x11,0x11,0x16,0x16,0x15,0x15,0x1e,0x1e,0x23,0x23,
    0x23,0x23,0x23,0x23,0x23,0x23,0x1e,0x1e,0x20,0x20,0x20,0x20,0x19,0x19,0x1a,0x1a,
    0x20,0x20,0x25,0x25,0x2b,0x2b,0x25,0x25,0x25,0x25,0x23,0x23,0x2c,0x2c,0x23,0x23,
    0x23,0x23,0x23,0x23,0x23,0x23,0x23,0x23,0x22,0x22,0x23,0x23,0x25,0x25,0x1c,0x1c,
    0x1f,0x1f,0x23,0x23,0x25,0x25,0x27,0x27,0x23,0x23,0x20,0x20,0x14,0x14,0x17,0x17,
    0x29,0x29,0x1b,0x1b,0x1f,0x1f,0x1d,0x1d,0x16,0x16,0x14,0x14,0x16,0x16,0x1b,0x1b,
    0x2e,0x2e,0x1f,0x1f,0x23,0x23,0x23,0x23,0x23,0x23,0x23,0x23,0x23,0x23,0x23,0x23,
    0x23,0x23,0x23,0x23,0x2c,0x2c,0x18,0x18,0x17,0x17,0x16,0x16,0x2b,0x2b,0x12,0x12,
    0x14,0x14,0x23,0x23,0x2e,0x2e,0x14,0x14,0x17,0x17,0x16,0x16,0x15,0x15,0x2e,0x2e,
    0x23,0x23,0x2c,0x2c,0x23,0x23,0x23,0x23,0x23,0x23,0x23,0x23,0x23,0x23,0x27,0x27,
    0x25,0x25,0x23,0x23,0x2c,0x2c,0x17,0x17,0x0f,0x0f,0x0e,0x0e,0x0b,0x0b,0x04,0x04,
    0x07,0x07,0x07,0x07,0x02,0x02,0x07,0x07,0x0c,0x0c,0x17,0x17,0x0c,0x0c,0x12,0x12,
    0x25,0x25,0x17,0x17,0x16,0x16,0x0b,0x0b,0x07,0x07,0x02,0x02,0x03,0x03,0x04,0x04,
    0x02,0x02,0x04,0x04,0x01,0x01,0x01,0x01,0x02,0x02,0x04,0x04,0x07,0x07,0x0e,0x0e,
    0x0c,0x0c,0x05,0x05,0x05,0x05,0x04,0x04,0x04,0x04,0x08,0x08,0x09,0x09,0x08,0x08,
    0x00,0x00,0x00,0x00,0x00,0x00,0x00,0x00,0x00,0x00,0x00,0x00,0x09,0x09,0x05,0x05,
    0x02,0x02,0x05,0x05,0x09,0x09,0x0a,0x0a,0x09,0x09,0x11,0x11,0x1b,0x1b,0x2c,0x2c,
    0x25,0x25,0x2b,0x2b,0x2c,0x2c,0x20,0x20,0x1b,0x1b,0x1c,0x1c,0x1d,0x1d,0x19,0x19,
    0x18,0x18,0x2f,0x2f,0x23,0x23,0x2f,0x2f,0x18,0x18,0x10,0x10,0x05,0x05,0x04,0x04,
    0x09,0x09,0x15,0x15,0x1e,0x1e,0x2b,0x2b,0x2e,0x2e,0x2c,0x2c,0x12,0x12,0x16,0x16,
    0x12,0x12,0x16,0x16,0x18,0x18,0x18,0x18,0x0d,0x0d,0x11,0x11,0x15,0x15,0x1a,0x1a,
    0x09,0x09,0x18,0x18,0x18,0x18,0x15,0x15,0x10,0x10,0x05,0x05,0x02,0x02,0x00,0x00,
    0x02,0x02,0x05,0x05,0x08,0x08,0x09,0x09,0x0d,0x0d,0x12,0x12,0x16,0x16,0x0d,0x0d,
    0x12,0x12,0x19,0x19,0x1a,0x1a,0x1a,0x1a,0x1c,0x1c,0x16,0x16,0x16,0x16,0x17,0x17,
    0x0e,0x0e,0x0d,0x0d,0x0f,0x0f,0x07,0x07,0x0b,0x0b,0x0e,0x0e,0x07,0x07,0x07,0x07,
    0x08,0x08,0x0b,0x0b,0x0b,0x0b,0x0e,0x0e,0x0b,0x0b,0x0b,0x0b,0x0b,0x0b,0x0b,0x0b,
    0x03,0x03,0x06,0x06,0x0b,0x0b,0x0b,0x0b,0x0c,0x0c,0x07,0x07,0x0b,0x0b,0x0f,0x0f,
    0x14,0x14,0x1b,0x1b,0x2d,0x2d,0x22,0x22,0x23,0x23,0x23,0x23,0x23,0x23,0x17,0x17,
    0x1a,0x1a,0x22,0x22,0x1a,0x1a,0x1d,0x1d,0x2b,0x2b,0x23,0x23,0x23,0x23,0x2b,0x2b,
    0x2b,0x2b,0x23,0x23,0x25,0x25,0x28,0x28,0x28,0x28,0x28,0x28,0x2b,0x2b,0x1d,0x1d,
    0x1e,0x1e,0x17,0x17,0x0a,0x0a,0x0a,0x0a,0x12,0x12,0x0a,0x0a,0x08,0x08,0x13,0x13,
    0x19,0x19,0x0a,0x0a,0x09,0x09,0x08,0x08,0x0a,0x0a,0x16,0x16,0x15,0x15,0x14,0x14,
    0x19,0x19,0x0a,0x0a,0x0a,0x0a,0x0a,0x0a,0x11,0x11,0x18,0x18,0x20,0x20,0x25,0x25,
    0x28,0x28,0x2b,0x2b,0x25,0x25,0x25,0x25,0x25,0x25,0x1c,0x1c,0x1c,0x1c,0x2c,0x2c,
    0x2c,0x2c,0x23,0x23,0x25,0x25,0x23,0x23,0x25,0x25,0x2c,0x2c,0x19,0x19,0x1f,0x1f,
    0x23,0x23,0x23,0x23,0x2c,0x2c,0x23,0x23,0x26,0x26,0x23,0x23,0x19,0x19,0x15,0x15,
    0x18,0x18,0x2c,0x2c,0x2b,0x2b,0x2b,0x2b,0x20,0x20,0x25,0x25,0x1b,0x1b,0x1a,0x1a,
    0x1b,0x1b,0x15,0x15,0x14,0x14,0x12,0x12,0x15,0x15,0x1a,0x1a,0x1a,0x1a,0x18,0x18,
    0x23,0x23,0x2b,0x2b,0x28,0x28,0x28,0x28,0x23,0x23,0x2c,0x2c,0x28,0x28,0x23,0x23,
    0x23,0x23,0x23,0x23,0x23,0x23,0x22,0x22,0x16,0x16,0x17,0x17,0x23,0x23,0x18,0x18,
    0x15,0x15,0x1a,0x1a,0x18,0x18,0x12,0x12,0x10,0x10,0x18,0x18,0x18,0x18,0x2e,0x2e,
    0x1f,0x1f,0x1a,0x1a,0x2e,0x2e,0x23,0x23,0x22,0x22,0x25,0x25,0x2c,0x2c,0x28,0x28,
    0x23,0x23,0x25,0x25,0x2e,0x2e,0x18,0x18,0x1a,0x1a,0x0e,0x0e,0x0c,0x0c,0x0c,0x0c,
    0x07,0x07,0x07,0x07,0x07,0x07,0x0c,0x0c,0x12,0x12,0x1b,0x1b,0x18,0x18,0x29,0x29,
    0x2b,0x2b,0x20,0x20,0x14,0x14,0x07,0x07,0x07,0x07,0x07,0x07,0x0b,0x0b,0x04,0x04,
    0x04,0x04,0x04,0x04,0x02,0x02,0x01,0x01,0x01,0x01,0x04,0x04,0x07,0x07,0x0b,0x0b,
    0x0e,0x0e,0x08,0x08,0x08,0x08,0x08,0x08,0x09,0x09,0x09,0x09,0x09,0x09,0x09,0x09,
    0x05,0x05,0x04,0x04,0x02,0x02,0x00,0x00,0x00,0x00,0x00,0x00,0x00,0x00,0x05,0x05,
    0x05,0x05,0x00,0x00,0x05,0x05,0x02,0x02,0x09,0x09,0x11,0x11,0x15,0x15,0x2e,0x2e,
    0x2c,0x2c,0x2b,0x2b,0x2b,0x2b,0x20,0x20,0x18,0x18,0x13,0x13,0x10,0x10,0x20,0x20,
    0x1a,0x1a,0x19,0x19,0x21,0x21,0x15,0x15,0x13,0x13,0x09,0x09,0x05,0x05,0x05,0x05,
    0x11,0x11,0x1f,0x1f,0x2b,0x2b,0x2b,0x2b,0x23,0x23,0x2c,0x2c,0x1a,0x1a,0x1e,0x1e,
    0x11,0x11,0x10,0x10,0x0d,0x0d,0x11,0x11,0x0d,0x0d,0x0a,0x0a,0x0d,0x0d,0x12,0x12,
    0x09,0x09,0x18,0x18,0x18,0x18,0x15,0x15,0x10,0x10,0x05,0x05,0x02,0x02,0x00,0x00,
    0x02,0x02,0x05,0x05,0x08,0x08,0x09,0x09,0x0d,0x0d,0x12,0x12,0x16,0x16,0x0d,0x0d,
    0x12,0x12,0x19,0x19,0x1a,0x1a,0x1a,0x1a,0x1c,0x1c,0x16,0x16,0x16,0x16,0x17,0x17,
    0x0e,0x0e,0x0d,0x0d,0x0f,0x0f,0x07,0x07,0x0b,0x0b,0x0e,0x0e,0x07,0x07,0x07,0x07,
    0x08,0x08,0x0b,0x0b,0x0b,0x0b,0x0e,0x0e,0x0b,0x0b,0x0b,0x0b,0x0b,0x0b,0x0b,0x0b,
    0x03,0x03,0x06,0x06,0x0b,0x0b,0x0b,0x0b,0x0c,0x0c,0x07,0x07,0x0b,0x0b,0x0f,0x0f,
    0x14,0x14,0x1b,0x1b,0x2d,0x2d,0x22,0x22,0x23,0x23,0x23,0x23,0x23,0x23,0x17,0x17,
    0x1a,0x1a,0x22,0x22,0x1a,0x1a,0x1d,0x1d,0x2b,0x2b,0x23,0x23,0x23,0x23,0x2b,0x2b,
    0x2b,0x2b,0x23,0x23,0x25,0x25,0x28,0x28,0x28,0x28,0x28,0x28,0x2b,0x2b,0x1d,0x1d,
    0x1e,0x1e,0x17,0x17,0x0a,0x0a,0x0a,0x0a,0x12,0x12,0x0a,0x0a,0x08,0x08,0x13,0x13,
    0x19,0x19,0x0a,0x0a,0x09,0x09,0x08,0x08,0x0a,0x0a,0x16,0x16,0x15,0x15,0x14,0x14,
    0x19,0x19,0x0a,0x0a,0x0a,0x0a,0x0a,0x0a,0x11,0x11,0x18,0x18,0x20,0x20,0x25,0x25,
    0x28,0x28,0x2b,0x2b,0x25,0x25,0x25,0x25,0x25,0x25,0x1c,0x1c,0x1c,0x1c,0x2c,0x2c,
    0x2c,0x2c,0x23,0x23,0x25,0x25,0x23,0x23,0x25,0x25,0x2c,0x2c,0x19,0x19,0x1f,0x1f,
    0x23,0x23,0x23,0x23,0x2c,0x2c,0x23,0x23,0x26,0x26,0x23,0x23,0x19,0x19,0x15,0x15,
    0x18,0x18,0x2c,0x2c,0x2b,0x2b,0x2b,0x2b,0x20,0x20,0x25,0x25,0x1b,0x1b,0x1a,0x1a,
    0x1b,0x1b,0x15,0x15,0x14,0x14,0x12,0x12,0x15,0x15,0x1a,0x1a,0x1a,0x1a,0x18,0x18,
    0x23,0x23,0x2b,0x2b,0x28,0x28,0x28,0x28,0x23,0x23,0x2c,0x2c,0x28,0x28,0x23,0x23,
    0x23,0x23,0x23,0x23,0x23,0x23,0x22,0x22,0x16,0x16,0x17,0x17,0x23,0x23,0x18,0x18,
    0x15,0x15,0x1a,0x1a,0x18,0x18,0x12,0x12,0x10,0x10,0x18,0x18,0x18,0x18,0x2e,0x2e,
    0x1f,0x1f,0x1a,0x1a,0x2e,0x2e,0x23,0x23,0x22,0x22,0x25,0x25,0x2c,0x2c,0x28,0x28,
    0x23,0x23,0x25,0x25,0x2e,0x2e,0x18,0x18,0x1a,0x1a,0x0e,0x0e,0x0c,0x0c,0x0c,0x0c,
    0x07,0x07,0x07,0x07,0x07,0x07,0x0c,0x0c,0x12,0x12,0x1b,0x1b,0x18,0x18,0x29,0x29,
    0x2b,0x2b,0x20,0x20,0x14,0x14,0x07,0x07,0x07,0x07,0x07,0x07,0x0b,0x0b,0x04,0x04,
    0x04,0x04,0x04,0x04,0x02,0x02,0x01,0x01,0x01,0x01,0x04,0x04,0x07,0x07,0x0b,0x0b,
    0x0e,0x0e,0x08,0x08,0x08,0x08,0x08,0x08,0x09,0x09,0x09,0x09,0x09,0x09,0x09,0x09,
    0x05,0x05,0x04,0x04,0x02,0x02,0x00,0x00,0x00,0x00,0x00,0x00,0x00,0x00,0x05,0x05,
    0x05,0x05,0x00,0x00,0x05,0x05,0x02,0x02,0x09,0x09,0x11,0x11,0x15,0x15,0x2e,0x2e,
    0x2c,0x2c,0x2b,0x2b,0x2b,0x2b,0x20,0x20,0x18,0x18,0x13,0x13,0x10,0x10,0x20,0x20,
    0x1a,0x1a,0x19,0x19,0x21,0x21,0x15,0x15,0x13,0x13,0x09,0x09,0x05,0x05,0x05,0x05,
    0x11,0x11,0x1f,0x1f,0x2b,0x2b,0x2b,0x2b,0x23,0x23,0x2c,0x2c,0x1a,0x1a,0x1e,0x1e,
    0x11,0x11,0x10,0x10,0x0d,0x0d,0x11,0x11,0x0d,0x0d,0x0a,0x0a,0x0d,0x0d,0x12,0x12,
    0x0d,0x0d,0x15,0x15,0x16,0x16,0x09,0x09,0x05,0x05,0x02,0x02,0x05,0x05,0x08,0x08,
    0x02,0x02,0x05,0x05,0x08,0x08,0x08,0x08,0x0d,0x0d,0x0f,0x0f,0x14,0x14,0x14,0x14,
    0x0f,0x0f,0x17,0x17,0x23,0x23,0x1c,0x1c,0x2e,0x2e,0x1b,0x1b,0x16,0x16,0x12,0x12,
    0x17,0x17,0x0e,0x0e,0x0b,0x0b,0x07,0x07,0x0c,0x0c,0x0e,0x0e,0x0c,0x0c,0x0b,0x0b,
    0x0e,0x0e,0x0e,0x0e,0x0e,0x0e,0x0f,0x0f,0x16,0x16,0x0e,0x0e,0x0c,0x0c,0x0c,0x0c,
    0x0b,0x0b,0x0b,0x0b,0x06,0x06,0x03,0x03,0x07,0x07,0x0b,0x0b,0x0f,0x0f,0x1a,0x1a,
    0x14,0x14,0x0e,0x0e,0x17,0x17,0x1a,0x1a,0x2f,0x2f,0x2f,0x2f,0x17,0x17,0x17,0x17,
    0x0e,0x0e,0x18,0x18,0x18,0x18,0x20,0x20,0x2b,0x2b,0x2a,0x2a,0x27,0x27,0x23,0x23,
    0x28,0x28,0x2b,0x2b,0x2b,0x2b,0x2b,0x2b,0x25,0x25,0x23,0x23,0x2c,0x2c,0x1a,0x1a,
    0x13,0x13,0x2f,0x2f,0x15,0x15,0x13,0x13,0x1b,0x1b,0x11,0x11,0x10,0x10,0x19,0x19,
    0x20,0x20,0x16,0x16,0x10,0x10,0x13,0x13,0x18,0x18,0x18,0x18,0x12,0x12,0x15,0x15,
    0x0d,0x0d,0x15,0x15,0x10,0x10,0x08,0x08,0x11,0x11,0x19,0x19,0x20,0x20,0x2b,0x2b,
    0x2b,0x2b,0x1b,0x1b,0x13,0x13,0x19,0x19,0x2f,0x2f,0x15,0x15,0x11,0x11,0x1c,0x1c,
    0x16,0x16,0x2f,0x2f,0x20,0x20,0x2e,0x2e,0x19,0x19,0x19,0x19,0x19,0x19,0x15,0x15,
    0x20,0x20,0x2b,0x2b,0x1b,0x1b,0x25,0x25,0x19,0x19,0x20,0x20,0x1e,0x1e,0x23,0x23,
    0x1e,0x1e,0x2e,0x2e,0x19,0x19,0x1b,0x1b,0x2c,0x2c,0x23,0x23,0x28,0x28,0x2e,0x2e,
    0x1d,0x1d,0x16,0x16,0x0e,0x0e,0x0e,0x0e,0x0e,0x0e,0x16,0x16,0x16,0x16,0x12,0x12,
    0x27,0x27,0x2c,0x2c,0x2c,0x2c,0x25,0x25,0x25,0x25,0x17,0x17,0x1c,0x1c,0x2b,0x2b,
    0x28,0x28,0x22,0x22,0x23,0x23,0x20,0x20,0x1e,0x1e,0x1a,0x1a,0x23,0x23,0x1c,0x1c,
    0x1c,0x1c,0x1f,0x1f,0x16,0x16,0x0a,0x0a,0x0d,0x0d,0x15,0x15,0x15,0x15,0x15,0x15,
    0x1d,0x1d,0x15,0x15,0x15,0x15,0x1f,0x1f,0x23,0x23,0x1f,0x1f,0x17,0x17,0x1f,0x1f,
    0x2c,0x2c,0x1b,0x1b,0x16,0x16,0x2e,0x2e,0x16,0x16,0x0c,0x0c,0x12,0x12,0x12,0x12,
    0x0c,0x0c,0x0b,0x0b,0x0b,0x0b,0x14,0x14,0x1a,0x1a,0x16,0x16,0x23,0x23,0x23,0x23,
    0x2f,0x2f,0x16,0x16,0x0e,0x0e,0x0c,0x0c,0x0b,0x0b,0x07,0x07,0x07,0x07,0x07,0x07,
    0x0c,0x0c,0x08,0x08,0x02,0x02,0x01,0x01,0x02,0x02,0x04,0x04,0x08,0x08,0x0b,0x0b,
    0x0c,0x0c,0x08,0x08,0x0c,0x0c,0x0a,0x0a,0x09,0x09,0x09,0x09,0x09,0x09,0x09,0x09,
    0x09,0x09,0x05,0x05,0x02,0x02,0x00,0x00,0x00,0x00,0x00,0x00,0x00,0x00,0x00,0x00,
    0x00,0x00,0x05,0x05,0x09,0x09,0x05,0x05,0x09,0x09,0x15,0x15,0x2f,0x2f,0x2e,0x2e,
    0x1e,0x1e,0x23,0x23,0x23,0x23,0x16,0x16,0x15,0x15,0x09,0x09,0x0a,0x0a,0x19,0x19,
    0x10,0x10,0x13,0x13,0x1a,0x1a,0x09,0x09,0x11,0x11,0x05,0x05,0x05,0x05,0x0a,0x0a,
    0x08,0x08,0x13,0x13,0x18,0x18,0x18,0x18,0x2e,0x2e,0x2e,0x2e,0x1d,0x1d,0x20,0x20,
    0x10,0x10,0x09,0x09,0x0d,0x0d,0x0a,0x0a,0x0d,0x0d,0x0a,0x0a,0x11,0x11,0x10,0x10,
    0x0d,0x0d,0x15,0x15,0x16,0x16,0x09,0x09,0x05,0x05,0x02,0x02,0x05,0x05,0x08,0x08,
    0x02,0x02,0x05,0x05,0x08,0x08,0x08,0x08,0x0d,0x0d,0x0f,0x0f,0x14,0x14,0x14,0x14,
    0x0f,0x0f,0x17,0x17,0x23,0x23,0x1c,0x1c,0x2e,0x2e,0x1b,0x1b,0x16,0x16,0x12,0x12,
    0x17,0x17,0x0e,0x0e,0x0b,0x0b,0x07,0x07,0x0c,0x0c,0x0e,0x0e,0x0c,0x0c,0x0b,0x0b,
    0x0e,0x0e,0x0e,0x0e,0x0e,0x0e,0x0f,0x0f,0x16,0x16,0x0e,0x0e,0x0c,0x0c,0x0c,0x0c,
    0x0b,0x0b,0x0b,0x0b,0x06,0x06,0x03,0x03,0x07,0x07,0x0b,0x0b,0x0f,0x0f,0x1a,0x1a,
    0x14,0x14,0x0e,0x0e,0x17,0x17,0x1a,0x1a,0x2f,0x2f,0x2f,0x2f,0x17,0x17,0x17,0x17,
    0x0e,0x0e,0x18,0x18,0x18,0x18,0x20,0x20,0x2b,0x2b,0x2a,0x2a,0x27,0x27,0x23,0x23,
    0x28,0x28,0x2b,0x2b,0x2b,0x2b,0x2b,0x2b,0x25,0x25,0x23,0x23,0x2c,0x2c,0x1a,0x1a,
    0x13,0x13,0x2f,0x2f,0x15,0x15,0x13,0x13,0x1b,0x1b,0x11,0x11,0x10,0x10,0x19,0x19,
    0x20,0x20,0x16,0x16,0x10,0x10,0x13,0x13,0x18,0x18,0x18,0x18,0x12,0x12,0x15,0x15,
    0x0d,0x0d,0x15,0x15,0x10,0x10,0x08,0x08,0x11,0x11,0x19,0x19,0x20,0x20,0x2b,0x2b,
    0x2b,0x2b,0x1b,0x1b,0x13,0x13,0x19,0x19,0x2f,0x2f,0x15,0x15,0x11,0x11,0x1c,0x1c,
    0x16,0x16,0x2f,0x2f,0x20,0x20,0x2e,0x2e,0x19,0x19,0x19,0x19,0x19,0x19,0x15,0x15,
    0x20,0x20,0x2b,0x2b,0x1b,0x1b,0x25,0x25,0x19,0x19,0x20,0x20,0x1e,0x1e,0x23,0x23,
    0x1e,0x1e,0x2e,0x2e,0x19,0x19,0x1b,0x1b,0x2c,0x2c,0x23,0x23,0x28,0x28,0x2e,0x2e,
    0x1d,0x1d,0x16,0x16,0x0e,0x0e,0x0e,0x0e,0x0e,0x0e,0x16,0x16,0x16,0x16,0x12,0x12,
    0x27,0x27,0x2c,0x2c,0x2c,0x2c,0x25,0x25,0x25,0x25,0x17,0x17,0x1c,0x1c,0x2b,0x2b,
    0x28,0x28,0x22,0x22,0x23,0x23,0x20,0x20,0x1e,0x1e,0x1a,0x1a,0x23,0x23,0x1c,0x1c,
    0x1c,0x1c,0x1f,0x1f,0x16,0x16,0x0a,0x0a,0x0d,0x0d,0x15,0x15,0x15,0x15,0x15,0x15,
    0x1d,0x1d,0x15,0x15,0x15,0x15,0x1f,0x1f,0x23,0x23,0x1f,0x1f,0x17,0x17,0x1f,0x1f,
    0x2c,0x2c,0x1b,0x1b,0x16,0x16,0x2e,0x2e,0x16,0x16,0x0c,0x0c,0x12,0x12,0x12,0x12,
    0x0c,0x0c,0x0b,0x0b,0x0b,0x0b,0x14,0x14,0x1a,0x1a,0x16,0x16,0x23,0x23,0x23,0x23,
    0x2f,0x2f,0x16,0x16,0x0e,0x0e,0x0c,0x0c,0x0b,0x0b,0x07,0x07,0x07,0x07,0x07,0x07,
    0x0c,0x0c,0x08,0x08,0x02,0x02,0x01,0x01,0x02,0x02,0x04,0x04,0x08,0x08,0x0b,0x0b,
    0x0c,0x0c,0x08,0x08,0x0c,0x0c,0x0a,0x0a,0x09,0x09,0x09,0x09,0x09,0x09,0x09,0x09,
    0x09,0x09,0x05,0x05,0x02,0x02,0x00,0x00,0x00,0x00,0x00,0x00,0x00,0x00,0x00,0x00,
    0x00,0x00,0x05,0x05,0x09,0x09,0x05,0x05,0x09,0x09,0x15,0x15,0x2f,0x2f,0x2e,0x2e,
    0x1e,0x1e,0x23,0x23,0x23,0x23,0x16,0x16,0x15,0x15,0x09,0x09,0x0a,0x0a,0x19,0x19,
    0x10,0x10,0x13,0x13,0x1a,0x1a,0x09,0x09,0x11,0x11,0x05,0x05,0x05,0x05,0x0a,0x0a,
    0x08,0x08,0x13,0x13,0x18,0x18,0x18,0x18,0x2e,0x2e,0x2e,0x2e,0x1d,0x1d,0x20,0x20,
    0x10,0x10,0x09,0x09,0x0d,0x0d,0x0a,0x0a,0x0d,0x0d,0x0a,0x0a,0x11,0x11,0x10,0x10,
    0x0d,0x0d,0x10,0x10,0x09,0x09,0x05,0x05,0x04,0x04,0x02,0x02,0x05,0x05,0x09,0x09,
    0x09,0x09,0x05,0x05,0x04,0x04,0x08,0x08,0x0a,0x0a,0x0f,0x0f,0x12,0x12,0x18,0x18,
    0x12,0x12,0x21,0x21,0x2e,0x2e,0x2c,0x2c,0x25,0x25,0x2f,0x2f,0x16,0x16,0x0f,0x0f,
    0x0f,0x0f,0x0e,0x0e,0x07,0x07,0x07,0x07,0x0f,0x0f,0x0e,0x0e,0x0f,0x0f,0x0e,0x0e,
    0x14,0x14,0x0c,0x0c,0x0e,0x0e,0x16,0x16,0x17,0x17,0x17,0x17,0x0e,0x0e,0x0f,0x0f,
    0x0f,0x0f,0x0b,0x0b,0x03,0x03,0x03,0x03,0x06,0x06,0x07,0x07,0x0f,0x0f,0x0f,0x0f,
    0x0e,0x0e,0x0b,0x0b,0x0c,0x0c,0x1a,0x1a,0x1b,0x1b,0x1b,0x1b,0x18,0x18,0x0f,0x0f,
    0x0b,0x0b,0x0b,0x0b,0x18,0x18,0x1c,0x1c,0x23,0x23,0x2a,0x2a,0x2b,0x2b,0x25,0x25,
    0x2b,0x2b,0x2b,0x2b,0x25,0x25,0x2b,0x2b,0x25,0x25,0x27,0x27,0x23,0x23,0x18,0x18,
    0x16,0x16,0x14,0x14,0x15,0x15,0x17,0x17,0x2b,0x2b,0x16,0x16,0x19,0x19,0x2f,0x2f,
    0x2e,0x2e,0x2c,0x2c,0x18,0x18,0x18,0x18,0x1f,0x1f,0x10,0x10,0x10,0x10,0x15,0x15,
    0x16,0x16,0x19,0x19,0x10,0x10,0x11,0x11,0x18,0x18,0x1a,0x1a,0x1c,0x1c,0x2c,0x2c,
    0x23,0x23,0x13,0x13,0x10,0x10,0x19,0x19,0x19,0x19,0x11,0x11,0x09,0x09,0x18,0x18,
    0x17,0x17,0x1c,0x1c,0x2a,0x2a,0x15,0x15,0x13,0x13,0x1c,0x1c,0x11,0x11,0x15,0x15,
    0x15,0x15,0x20,0x20,0x13,0x13,0x13,0x13,0x1e,0x1e,0x13,0x13,0x1e,0x1e,0x23,0x23,
    0x1c,0x1c,0x20,0x20,0x1c,0x1c,0x18,0x18,0x2b,0x2b,0x2b,0x2b,0x25,0x25,0x1d,0x1d,
    0x1a,0x1a,0x1e,0x1e,0x12,0x12,0x0d,0x0d,0x0d,0x0d,0x0e,0x0e,0x0f,0x0f,0x1a,0x1a,
    0x25,0x25,0x1c,0x1c,0x20,0x20,0x2c,0x2c,0x1b,0x1b,0x18,0x18,0x18,0x18,0x1f,0x1f,
    0x1c,0x1c,0x2b,0x2b,0x1f,0x1f,0x25,0x25,0x2b,0x2b,0x2c,0x2c,0x23,0x23,0x2c,0x2c,
    0x20,0x20,0x15,0x15,0x1b,0x1b,0x13,0x13,0x0d,0x0d,0x1c,0x1c,0x15,0x15,0x16,0x16,
    0x16,0x16,0x1a,0x1a,0x16,0x16,0x18,0x18,0x25,0x25,0x16,0x16,0x0c,0x0c,0x17,0x17,
    0x23,0x23,0x18,0x18,0x1c,0x1c,0x0f,0x0f,0x0f,0x0f,0x17,0x17,0x12,0x12,0x1b,0x1b,
    0x0f,0x0f,0x0b,0x0b,0x17,0x17,0x12,0x12,0x18,0x18,0x1d,0x1d,0x20,0x20,0x2b,0x2b,
    0x20,0x20,0x17,0x17,0x0e,0x0e,0x0f,0x0f,0x0c,0x0c,0x0c,0x0c,0x08,0x08,0x08,0x08,
    0x07,0x07,0x04,0x04,0x04,0x04,0x04,0x04,0x04,0x04,0x0b,0x0b,0x08,0x08,0x08,0x08,
    0x12,0x12,0x0c,0x0c,0x0c,0x0c,0x0c,0x0c,0x0a,0x0a,0x09,0x09,0x08,0x08,0x09,0x09,
    0x05,0x05,0x04,0x04,0x02,0x02,0x00,0x00,0x00,0x00,0x00,0x00,0x00,0x00,0x02,0x02,
    0x02,0x02,0x09,0x09,0x12,0x12,0x05,0x05,0x09,0x09,0x11,0x11,0x1e,0x1e,0x1a,0x1a,
    0x10,0x10,0x1b,0x1b,0x23,0x23,0x20,0x20,0x10,0x10,0x09,0x09,0x0a,0x0a,0x0a,0x0a,
    0x05,0x05,0x13,0x13,0x1c,0x1c,0x0d,0x0d,0x05,0x05,0x05,0x05,0x08,0x08,0x09,0x09,
    0x0a,0x0a,0x18,0x18,0x11,0x11,0x19,0x19,0x1e,0x1e,0x19,0x19,0x23,0x23,0x18,0x18,
    0x12,0x12,0x13,0x13,0x1e,0x1e,0x12,0x12,0x0a,0x0a,0x09,0x09,0x08,0x08,0x10,0x10,
    0x0d,0x0d,0x10,0x10,0x09,0x09,0x05,0x05,0x04,0x04,0x02,0x02,0x05,0x05,0x09,0x09,
    0x09,0x09,0x05,0x05,0x04,0x04,0x08,0x08,0x0a,0x0a,0x0f,0x0f,0x12,0x12,0x18,0x18,
    0x12,0x12,0x21,0x21,0x2e,0x2e,0x2c,0x2c,0x25,0x25,0x2f,0x2f,0x16,0x16,0x0f,0x0f,
    0x0f,0x0f,0x0e,0x0e,0x07,0x07,0x07,0x07,0x0f,0x0f,0x0e,0x0e,0x0f,0x0f,0x0e,0x0e,
    0x14,0x14,0x0c,0x0c,0x0e,0x0e,0x16,0x16,0x17,0x17,0x17,0x17,0x0e,0x0e,0x0f,0x0f,
    0x0f,0x0f,0x0b,0x0b,0x03,0x03,0x03,0x03,0x06,0x06,0x07,0x07,0x0f,0x0f,0x0f,0x0f,
    0x0e,0x0e,0x0b,0x0b,0x0c,0x0c,0x1a,0x1a,0x1b,0x1b,0x1b,0x1b,0x18,0x18,0x0f,0x0f,
    0x0b,0x0b,0x0b,0x0b,0x18,0x18,0x1c,0x1c,0x23,0x23,0x2a,0x2a,0x2b,0x2b,0x25,0x25,
    0x2b,0x2b,0x2b,0x2b,0x25,0x25,0x2b,0x2b,0x25,0x25,0x27,0x27,0x23,0x23,0x18,0x18,
    0x16,0x16,0x14,0x14,0x15,0x15,0x17,0x17,0x2b,0x2b,0x16,0x16,0x19,0x19,0x2f,0x2f,
    0x2e,0x2e,0x2c,0x2c,0x18,0x18,0x18,0x18,0x1f,0x1f,0x10,0x10,0x10,0x10,0x15,0x15,
    0x16,0x16,0x19,0x19,0x10,0x10,0x11,0x11,0x18,0x18,0x1a,0x1a,0x1c,0x1c,0x2c,0x2c,
    0x23,0x23,0x13,0x13,0x10,0x10,0x19,0x19,0x19,0x19,0x11,0x11,0x09,0x09,0x18,0x18,
    0x17,0x17,0x1c,0x1c,0x2a,0x2a,0x15,0x15,0x13,0x13,0x1c,0x1c,0x11,0x11,0x15,0x15,
    0x15,0x15,0x20,0x20,0x13,0x13,0x13,0x13,0x1e,0x1e,0x13,0x13,0x1e,0x1e,0x23,0x23,
    0x1c,0x1c,0x20,0x20,0x1c,0x1c,0x18,0x18,0x2b,0x2b,0x2b,0x2b,0x25,0x25,0x1d,0x1d,
    0x1a,0x1a,0x1e,0x1e,0x12,0x12,0x0d,0x0d,0x0d,0x0d,0x0e,0x0e,0x0f,0x0f,0x1a,0x1a,
    0x25,0x25,0x1c,0x1c,0x20,0x20,0x2c,0x2c,0x1b,0x1b,0x18,0x18,0x18,0x18,0x1f,0x1f,
    0x1c,0x1c,0x2b,0x2b,0x1f,0x1f,0x25,0x25,0x2b,0x2b,0x2c,0x2c,0x23,0x23,0x2c,0x2c,
    0x20,0x20,0x15,0x15,0x1b,0x1b,0x13,0x13,0x0d,0x0d,0x1c,0x1c,0x15,0x15,0x16,0x16,
    0x16,0x16,0x1a,0x1a,0x16,0x16,0x18,0x18,0x25,0x25,0x16,0x16,0x0c,0x0c,0x17,0x17,
    0x23,0x23,0x18,0x18,0x1c,0x1c,0x0f,0x0f,0x0f,0x0f,0x17,0x17,0x12,0x12,0x1b,0x1b,
    0x0f,0x0f,0x0b,0x0b,0x17,0x17,0x12,0x12,0x18,0x18,0x1d,0x1d,0x20,0x20,0x2b,0x2b,
    0x20,0x20,0x17,0x17,0x0e,0x0e,0x0f,0x0f,0x0c,0x0c,0x0c,0x0c,0x08,0x08,0x08,0x08,
    0x07,0x07,0x04,0x04,0x04,0x04,0x04,0x04,0x04,0x04,0x0b,0x0b,0x08,0x08,0x08,0x08,
    0x12,0x12,0x0c,0x0c,0x0c,0x0c,0x0c,0x0c,0x0a,0x0a,0x09,0x09,0x08,0x08,0x09,0x09,
    0x05,0x05,0x04,0x04,0x02,0x02,0x00,0x00,0x00,0x00,0x00,0x00,0x00,0x00,0x02,0x02,
    0x02,0x02,0x09,0x09,0x12,0x12,0x05,0x05,0x09,0x09,0x11,0x11,0x1e,0x1e,0x1a,0x1a,
    0x10,0x10,0x1b,0x1b,0x23,0x23,0x20,0x20,0x10,0x10,0x09,0x09,0x0a,0x0a,0x0a,0x0a,
    0x05,0x05,0x13,0x13,0x1c,0x1c,0x0d,0x0d,0x05,0x05,0x05,0x05,0x08,0x08,0x09,0x09,
    0x0a,0x0a,0x18,0x18,0x11,0x11,0x19,0x19,0x1e,0x1e,0x19,0x19,0x23,0x23,0x18,0x18,
    0x12,0x12,0x13,0x13,0x1e,0x1e,0x12,0x12,0x0a,0x0a,0x09,0x09,0x08,0x08,0x10,0x10,
    0x0a,0x0a,0x02,0x02,0x05,0x05,0x00,0x00,0x05,0x05,0x08,0x08,0x05,0x05,0x05,0x05,
    0x09,0x09,0x05,0x05,0x05,0x05,0x0a,0x0a,0x10,0x10,0x0f,0x0f,0x16,0x16,0x19,0x19,
    0x12,0x12,0x2c,0x2c,0x25,0x25,0x2e,0x2e,0x1d,0x1d,0x1c,0x1c,0x16,0x16,0x0e,0x0e,
    0x0c,0x0c,0x0e,0x0e,0x0e,0x0e,0x0f,0x0f,0x12,0x12,0x0c,0x0c,0x0f,0x0f,0x18,0x18,
    0x16,0x16,0x0e,0x0e,0x0f,0x0f,0x14,0x14,0x2e,0x2e,0x2f,0x2f,0x18,0x18,0x0f,0x0f,
    0x14,0x14,0x0b,0x0b,0x07,0x07,0x06,0x06,0x03,0x03,0x03,0x03,0x0b,0x0b,0x06,0x06,
    0x0b,0x0b,0x0e,0x0e,0x07,0x07,0x0f,0x0f,0x18,0x18,0x0f,0x0f,0x0f,0x0f,0x0f,0x0f,
    0x06,0x06,0x0b,0x0b,0x14,0x14,0x17,0x17,0x2d,0x2d,0x2d,0x2d,0x1d,0x1d,0x1d,0x1d,
    0x23,0x23,0x2c,0x2c,0x2c,0x2c,0x28,0x28,0x25,0x25,0x23,0x23,0x23,0x23,0x28,0x28,
    0x18,0x18,0x0d,0x0d,0x18,0x18,0x1e,0x1e,0x20,0x20,0x2c,0x2c,0x22,0x22,0x2b,0x2b,
    0x28,0x28,0x28,0x28,0x25,0x25,0x2f,0x2f,0x15,0x15,0x09,0x09,0x08,0x08,0x10,0x10,
    0x1a,0x1a,0x1a,0x1a,0x10,0x10,0x1b,0x1b,0x16,0x16,0x1b,0x1b,0x15,0x15,0x1a,0x1a,
    0x2f,0x2f,0x1c,0x1c,0x1b,0x1b,0x19,0x19,0x0d,0x0d,0x10,0x10,0x15,0x15,0x0d,0x0d,
    0x10,0x10,0x15,0x15,0x1a,0x1a,0x11,0x11,0x19,0x19,0x16,0x16,0x09,0x09,0x10,0x10,
    0x16,0x16,0x15,0x15,0x11,0x11,0x11,0x11,0x16,0x16,0x0f,0x0f,0x15,0x15,0x15,0x15,
    0x18,0x18,0x2e,0x2e,0x28,0x28,0x2b,0x2b,0x2b,0x2b,0x23,0x23,0x2b,0x2b,0x1d,0x1d,
    0x1a,0x1a,0x14,0x14,0x0d,0x0d,0x0d,0x0d,0x05,0x05,0x0d,0x0d,0x15,0x15,0x14,0x14,
    0x1a,0x1a,0x12,0x12,0x1c,0x1c,0x2e,0x2e,0x23,0x23,0x2b,0x2b,0x2c,0x2c,0x1a,0x1a,
    0x14,0x14,0x1c,0x1c,0x23,0x23,0x25,0x25,0x28,0x28,0x23,0x23,0x23,0x23,0x23,0x23,
    0x28,0x28,0x1a,0x1a,0x1a,0x1a,0x1a,0x1a,0x15,0x15,0x15,0x15,0x18,0x18,0x1a,0x1a,
    0x1b,0x1b,0x17,0x17,0x2e,0x2e,0x2c,0x2c,0x1b,0x1b,0x17,0x17,0x1a,0x1a,0x21,0x21,
    0x23,0x23,0x18,0x18,0x0e,0x0e,0x0e,0x0e,0x0c,0x0c,0x14,0x14,0x17,0x17,0x1a,0x1a,
    0x1f,0x1f,0x16,0x16,0x20,0x20,0x1e,0x1e,0x22,0x22,0x2c,0x2c,0x28,0x28,0x28,0x28,
    0x23,0x23,0x2f,0x2f,0x18,0x18,0x14,0x14,0x14,0x14,0x0c,0x0c,0x0e,0x0e,0x06,0x06,
    0x04,0x04,0x02,0x02,0x04,0x04,0x04,0x04,0x07,0x07,0x0f,0x0f,0x0c,0x0c,0x0c,0x0c,
    0x12,0x12,0x0c,0x0c,0x0c,0x0c,0x0c,0x0c,0x0e,0x0e,0x0b,0x0b,0x05,0x05,0x08,0x08,
    0x04,0x04,0x00,0x00,0x00,0x00,0x02,0x02,0x00,0x00,0x00,0x00,0x00,0x00,0x05,0x05,
    0x09,0x09,0x10,0x10,0x10,0x10,0x16,0x16,0x0d,0x0d,0x11,0x11,0x18,0x18,0x0d,0x0d,
    0x09,0x09,0x11,0x11,0x19,0x19,0x13,0x13,0x0a,0x0a,0x11,0x11,0x0a,0x0a,0x08,0x08,
    0x02,0x02,0x05,0x05,0x09,0x09,0x09,0x09,0x05,0x05,0x0d,0x0d,0x10,0x10,0x0a,0x0a,
    0x11,0x11,0x0d,0x0d,0x0d,0x0d,0x13,0x13,0x15,0x15,0x13,0x13,0x1d,0x1d,0x2c,0x2c,
    0x18,0x18,0x16,0x16,0x20,0x20,0x12,0x12,0x10,0x10,0x0d,0x0d,0x05,0x05,0x09,0x09,
    0x0a,0x0a,0x02,0x02,0x05,0x05,0x00,0x00,0x05,0x05,0x08,0x08,0x05,0x05,0x05,0x05,
    0x09,0x09,0x05,0x05,0x05,0x05,0x0a,0x0a,0x10,0x10,0x0f,0x0f,0x16,0x16,0x19,0x19,
    0x12,0x12,0x2c,0x2c,0x25,0x25,0x2e,0x2e,0x1d,0x1d,0x1c,0x1c,0x16,0x16,0x0e,0x0e,
    0x0c,0x0c,0x0e,0x0e,0x0e,0x0e,0x0f,0x0f,0x12,0x12,0x0c,0x0c,0x0f,0x0f,0x18,0x18,
    0x16,0x16,0x0e,0x0e,0x0f,0x0f,0x14,0x14,0x2e,0x2e,0x2f,0x2f,0x18,0x18,0x0f,0x0f,
    0x14,0x14,0x0b,0x0b,0x07,0x07,0x06,0x06,0x03,0x03,0x03,0x03,0x0b,0x0b,0x06,0x06,
    0x0b,0x0b,0x0e,0x0e,0x07,0x07,0x0f,0x0f,0x18,0x18,0x0f,0x0f,0x0f,0x0f,0x0f,0x0f,
    0x06,0x06,0x0b,0x0b,0x14,0x14,0x17,0x17,0x2d,0x2d,0x2d,0x2d,0x1d,0x1d,0x1d,0x1d,
    0x23,0x23,0x2c,0x2c,0x2c,0x2c,0x28,0x28,0x25,0x25,0x23,0x23,0x23,0x23,0x28,0x28,
    0x18,0x18,0x0d,0x0d,0x18,0x18,0x1e,0x1e,0x20,0x20,0x2c,0x2c,0x22,0x22,0x2b,0x2b,
    0x28,0x28,0x28,0x28,0x25,0x25,0x2f,0x2f,0x15,0x15,0x09,0x09,0x08,0x08,0x10,0x10,
    0x1a,0x1a,0x1a,0x1a,0x10,0x10,0x1b,0x1b,0x16,0x16,0x1b,0x1b,0x15,0x15,0x1a,0x1a,
    0x2f,0x2f,0x1c,0x1c,0x1b,0x1b,0x19,0x19,0x0d,0x0d,0x10,0x10,0x15,0x15,0x0d,0x0d,
    0x10,0x10,0x15,0x15,0x1a,0x1a,0x11,0x11,0x19,0x19,0x16,0x16,0x09,0x09,0x10,0x10,
    0x16,0x16,0x15,0x15,0x11,0x11,0x11,0x11,0x16,0x16,0x0f,0x0f,0x15,0x15,0x15,0x15,
    0x18,0x18,0x2e,0x2e,0x28,0x28,0x2b,0x2b,0x2b,0x2b,0x23,0x23,0x2b,0x2b,0x1d,0x1d,
    0x1a,0x1a,0x14,0x14,0x0d,0x0d,0x0d,0x0d,0x05,0x05,0x0d,0x0d,0x15,0x15,0x14,0x14,
    0x1a,0x1a,0x12,0x12,0x1c,0x1c,0x2e,0x2e,0x23,0x23,0x2b,0x2b,0x2c,0x2c,0x1a,0x1a,
    0x14,0x14,0x1c,0x1c,0x23,0x23,0x25,0x25,0x28,0x28,0x23,0x23,0x23,0x23,0x23,0x23,
    0x28,0x28,0x1a,0x1a,0x1a,0x1a,0x1a,0x1a,0x15,0x15,0x15,0x15,0x18,0x18,0x1a,0x1a,
    0x1b,0x1b,0x17,0x17,0x2e,0x2e,0x2c,0x2c,0x1b,0x1b,0x17,0x17,0x1a,0x1a,0x21,0x21,
    0x23,0x23,0x18,0x18,0x0e,0x0e,0x0e,0x0e,0x0c,0x0c,0x14,0x14,0x17,0x17,0x1a,0x1a,
    0x1f,0x1f,0x16,0x16,0x20,0x20,0x1e,0x1e,0x22,0x22,0x2c,0x2c,0x28,0x28,0x28,0x28,
    0x23,0x23,0x2f,0x2f,0x18,0x18,0x14,0x14,0x14,0x14,0x0c,0x0c,0x0e,0x0e,0x06,0x06,
    0x04,0x04,0x02,0x02,0x04,0x04,0x04,0x04,0x07,0x07,0x0f,0x0f,0x0c,0x0c,0x0c,0x0c,
    0x12,0x12,0x0c,0x0c,0x0c,0x0c,0x0c,0x0c,0x0e,0x0e,0x0b,0x0b,0x05,0x05,0x08,0x08,
    0x04,0x04,0x00,0x00,0x00,0x00,0x02,0x02,0x00,0x00,0x00,0x00,0x00,0x00,0x05,0x05,
    0x09,0x09,0x10,0x10,0x10,0x10,0x16,0x16,0x0d,0x0d,0x11,0x11,0x18,0x18,0x0d,0x0d,
    0x09,0x09,0x11,0x11,0x19,0x19,0x13,0x13,0x0a,0x0a,0x11,0x11,0x0a,0x0a,0x08,0x08,
    0x02,0x02,0x05,0x05,0x09,0x09,0x09,0x09,0x05,0x05,0x0d,0x0d,0x10,0x10,0x0a,0x0a,
    0x11,0x11,0x0d,0x0d,0x0d,0x0d,0x13,0x13,0x15,0x15,0x13,0x13,0x1d,0x1d,0x2c,0x2c,
    0x18,0x18,0x16,0x16,0x20,0x20,0x12,0x12,0x10,0x10,0x0d,0x0d,0x05,0x05,0x09,0x09,
    0x05,0x05,0x00,0x00,0x02,0x02,0x05,0x05,0x05,0x05,0x05,0x05,0x05,0x05,0x0a,0x0a,
    0x09,0x09,0x0a,0x0a,0x10,0x10,0x0d,0x0d,0x0f,0x0f,0x0d,0x0d,0x15,0x15,0x14,0x14,
    0x15,0x15,0x1e,0x1e,0x2e,0x2e,0x25,0x25,0x1e,0x1e,0x1a,0x1a,0x16,0x16,0x16,0x16,
    0x0f,0x0f,0x15,0x15,0x12,0x12,0x0b,0x0b,0x0b,0x0b,0x0f,0x0f,0x17,0x17,0x17,0x17,
    0x1c,0x1c,0x14,0x14,0x16,0x16,0x1b,0x1b,0x2c,0x2c,0x25,0x25,0x14,0x14,0x16,0x16,
    0x0f,0x0f,0x0c,0x0c,0x0c,0x0c,0x0b,0x0b,0x03,0x03,0x03,0x03,0x03,0x03,0x03,0x03,
    0x03,0x03,0x0c,0x0c,0x03,0x03,0x0b,0x0b,0x16,0x16,0x0b,0x0b,0x06,0x06,0x0b,0x0b,
    0x0b,0x0b,0x0f,0x0f,0x0f,0x0f,0x14,0x14,0x18,0x18,0x1b,0x1b,0x0e,0x0e,0x20,0x20,
    0x1a,0x1a,0x1a,0x1a,0x1a,0x1a,0x1f,0x1f,0x23,0x23,0x23,0x23,0x2b,0x2b,0x1d,0x1d,
    0x16,0x16,0x1b,0x1b,0x18,0x18,0x23,0x23,0x1b,0x1b,0x2b,0x2b,0x2c,0x2c,0x2b,0x2b,
    0x25,0x25,0x23,0x23,0x2e,0x2e,0x18,0x18,0x19,0x19,0x16,0x16,0x0d,0x0d,0x15,0x15,
    0x13,0x13,0x2e,0x2e,0x20,0x20,0x1a,0x1a,0x2f,0x2f,0x1e,0x1e,0x10,0x10,0x13,0x13,
    0x16,0x16,0x1a,0x1a,0x18,0x18,0x11,0x11,0x0a,0x0a,0x11,0x11,0x10,0x10,0x08,0x08,
    0x0d,0x0d,0x10,0x10,0x11,0x11,0x15,0x15,0x0d,0x0d,0x0e,0x0e,0x12,0x12,0x0a,0x0a,
    0x11,0x11,0x11,0x11,0x08,0x08,0x11,0x11,0x0e,0x0e,0x0f,0x0f,0x0f,0x0f,0x15,0x15,
    0x17,0x17,0x25,0x25,0x23,0x23,0x25,0x25,0x25,0x25,0x1f,0x1f,0x23,0x23,0x23,0x23,
    0x2f,0x2f,0x1a,0x1a,0x0e,0x0e,0x12,0x12,0x0d,0x0d,0x0e,0x0e,0x0f,0x0f,0x0f,0x0f,
    0x12,0x12,0x16,0x16,0x2c,0x2c,0x23,0x23,0x2f,0x2f,0x17,0x17,0x1d,0x1d,0x1c,0x1c,
    0x1c,0x1c,0x1b,0x1b,0x2b,0x2b,0x25,0x25,0x2b,0x2b,0x25,0x25,0x23,0x23,0x23,0x23,
    0x23,0x23,0x2e,0x2e,0x1a,0x1a,0x16,0x16,0x1d,0x1d,0x1a,0x1a,0x2f,0x2f,0x19,0x19,
    0x1b,0x1b,0x2e,0x2e,0x23,0x23,0x23,0x23,0x28,0x28,0x2c,0x2c,0x2b,0x2b,0x23,0x23,
    0x2c,0x2c,0x18,0x18,0x12,0x12,0x0b,0x0b,0x16,0x16,0x14,0x14,0x1f,0x1f,0x2e,0x2e,
    0x2c,0x2c,0x2e,0x2e,0x25,0x25,0x28,0x28,0x28,0x28,0x25,0x25,0x28,0x28,0x1b,0x1b,
    0x23,0x23,0x17,0x17,0x1b,0x1b,0x14,0x14,0x0e,0x0e,0x0f,0x0f,0x0b,0x0b,0x04,0x04,
    0x07,0x07,0x04,0x04,0x04,0x04,0x02,0x02,0x06,0x06,0x07,0x07,0x0b,0x0b,0x0e,0x0e,
    0x0c,0x0c,0x0c,0x0c,0x0c,0x0c,0x0c,0x0c,0x0e,0x0e,0x08,0x08,0x05,0x05,0x05,0x05,
    0x01,0x01,0x02,0x02,0x02,0x02,0x02,0x02,0x00,0x00,0x00,0x00,0x00,0x00,0x05,0x05,
    0x05,0x05,0x09,0x09,0x0d,0x0d,0x11,0x11,0x13,0x13,0x0d,0x0d,0x11,0x11,0x0a,0x0a,
    0x05,0x05,0x0a,0x0a,0x12,0x12,0x09,0x09,0x08,0x08,0x11,0x11,0x09,0x09,0x05,0x05,
    0x05,0x05,0x00,0x00,0x05,0x05,0x0a,0x0a,0x09,0x09,0x0a,0x0a,0x12,0x12,0x0f,0x0f,
    0x0d,0x0d,0x0d,0x0d,0x0d,0x0d,0x0d,0x0d,0x10,0x10,0x13,0x13,0x1d,0x1d,0x2e,0x2e,
    0x25,0x25,0x25,0x25,0x1f,0x1f,0x18,0x18,0x15,0x15,0x05,0x05,0x05,0x05,0x0d,0x0d,
    0x05,0x05,0x00,0x00,0x02,0x02,0x05,0x05,0x05,0x05,0x05,0x05,0x05,0x05,0x0a,0x0a,
    0x09,0x09,0x0a,0x0a,0x10,0x10,0x0d,0x0d,0x0f,0x0f,0x0d,0x0d,0x15,0x15,0x14,0x14,
    0x15,0x15,0x1e,0x1e,0x2e,0x2e,0x25,0x25,0x1e,0x1e,0x1a,0x1a,0x16,0x16,0x16,0x16,
    0x0f,0x0f,0x15,0x15,0x12,0x12,0x0b,0x0b,0x0b,0x0b,0x0f,0x0f,0x17,0x17,0x17,0x17,
    0x1c,0x1c,0x14,0x14,0x16,0x16,0x1b,0x1b,0x2c,0x2c,0x25,0x25,0x14,0x14,0x16,0x16,
    0x0f,0x0f,0x0c,0x0c,0x0c,0x0c,0x0b,0x0b,0x03,0x03,0x03,0x03,0x03,0x03,0x03,0x03,
    0x03,0x03,0x0c,0x0c,0x03,0x03,0x0b,0x0b,0x16,0x16,0x0b,0x0b,0x06,0x06,0x0b,0x0b,
    0x0b,0x0b,0x0f,0x0f,0x0f,0x0f,0x14,0x14,0x18,0x18,0x1b,0x1b,0x0e,0x0e,0x20,0x20,
    0x1a,0x1a,0x1a,0x1a,0x1a,0x1a,0x1f,0x1f,0x23,0x23,0x23,0x23,0x2b,0x2b,0x1d,0x1d,
    0x16,0x16,0x1b,0x1b,0x18,0x18,0x23,0x23,0x1b,0x1b,0x2b,0x2b,0x2c,0x2c,0x2b,0x2b,
    0x25,0x25,0x23,0x23,0x2e,0x2e,0x18,0x18,0x19,0x19,0x16,0x16,0x0d,0x0d,0x15,0x15,
    0x13,0x13,0x2e,0x2e,0x20,0x20,0x1a,0x1a,0x2f,0x2f,0x1e,0x1e,0x10,0x10,0x13,0x13,
    0x16,0x16,0x1a,0x1a,0x18,0x18,0x11,0x11,0x0a,0x0a,0x11,0x11,0x10,0x10,0x08,0x08,
    0x0d,0x0d,0x10,0x10,0x11,0x11,0x15,0x15,0x0d,0x0d,0x0e,0x0e,0x12,0x12,0x0a,0x0a,
    0x11,0x11,0x11,0x11,0x08,0x08,0x11,0x11,0x0e,0x0e,0x0f,0x0f,0x0f,0x0f,0x15,0x15,
    0x17,0x17,0x25,0x25,0x23,0x23,0x25,0x25,0x25,0x25,0x1f,0x1f,0x23,0x23,0x23,0x23,
    0x2f,0x2f,0x1a,0x1a,0x0e,0x0e,0x12,0x12,0x0d,0x0d,0x0e,0x0e,0x0f,0x0f,0x0f,0x0f,
    0x12,0x12,0x16,0x16,0x2c,0x2c,0x23,0x23,0x2f,0x2f,0x17,0x17,0x1d,0x1d,0x1c,0x1c,
    0x1c,0x1c,0x1b,0x1b,0x2b,0x2b,0x25,0x25,0x2b,0x2b,0x25,0x25,0x23,0x23,0x23,0x23,
    0x23,0x23,0x2e,0x2e,0x1a,0x1a,0x16,0x16,0x1d,0x1d,0x1a,0x1a,0x2f,0x2f,0x19,0x19,
    0x1b,0x1b,0x2e,0x2e,0x23,0x23,0x23,0x23,0x28,0x28,0x2c,0x2c,0x2b,0x2b,0x23,0x23,
    0x2c,0x2c,0x18,0x18,0x12,0x12,0x0b,0x0b,0x16,0x16,0x14,0x14,0x1f,0x1f,0x2e,0x2e,
    0x2c,0x2c,0x2e,0x2e,0x25,0x25,0x28,0x28,0x28,0x28,0x25,0x25,0x28,0x28,0x1b,0x1b,
    0x23,0x23,0x17,0x17,0x1b,0x1b,0x14,0x14,0x0e,0x0e,0x0f,0x0f,0x0b,0x0b,0x04,0x04,
    0x07,0x07,0x04,0x04,0x04,0x04,0x02,0x02,0x06,0x06,0x07,0x07,0x0b,0x0b,0x0e,0x0e,
    0x0c,0x0c,0x0c,0x0c,0x0c,0x0c,0x0c,0x0c,0x0e,0x0e,0x08,0x08,0x05,0x05,0x05,0x05,
    0x01,0x01,0x02,0x02,0x02,0x02,0x02,0x02,0x00,0x00,0x00,0x00,0x00,0x00,0x05,0x05,
    0x05,0x05,0x09,0x09,0x0d,0x0d,0x11,0x11,0x13,0x13,0x0d,0x0d,0x11,0x11,0x0a,0x0a,
    0x05,0x05,0x0a,0x0a,0x12,0x12,0x09,0x09,0x08,0x08,0x11,0x11,0x09,0x09,0x05,0x05,
    0x05,0x05,0x00,0x00,0x05,0x05,0x0a,0x0a,0x09,0x09,0x0a,0x0a,0x12,0x12,0x0f,0x0f,
    0x0d,0x0d,0x0d,0x0d,0x0d,0x0d,0x0d,0x0d,0x10,0x10,0x13,0x13,0x1d,0x1d,0x2e,0x2e,
    0x25,0x25,0x25,0x25,0x1f,0x1f,0x18,0x18,0x15,0x15,0x05,0x05,0x05,0x05,0x0d,0x0d,
    0x09,0x09,0x05,0x05,0x05,0x05,0x02,0x02,0x09,0x09,0x08,0x08,0x05,0x05,0x05,0x05,
    0x09,0x09,0x10,0x10,0x0f,0x0f,0x0f,0x0f,0x0f,0x0f,0x10,0x10,0x05,0x05,0x0a,0x0a,
    0x10,0x10,0x1a,0x1a,0x1a,0x1a,0x2e,0x2e,0x2c,0x2c,0x1f,0x1f,0x1c,0x1c,0x17,0x17,
    0x16,0x16,0x27,0x27,0x14,0x14,0x0b,0x0b,0x0c,0x0c,0x0e,0x0e,0x0f,0x0f,0x12,0x12,
    0x2e,0x2e,0x1f,0x1f,0x23,0x23,0x2e,0x2e,0x2c,0x2c,0x16,0x16,0x14,0x14,0x0f,0x0f,
    0x0b,0x0b,0x0c,0x0c,0x0c,0x0c,0x0b,0x0b,0x07,0x07,0x03,0x03,0x03,0x03,0x03,0x03,
    0x01,0x01,0x03,0x03,0x03,0x03,0x03,0x03,0x07,0x07,0x03,0x03,0x03,0x03,0x06,0x06,
    0x0f,0x0f,0x0c,0x0c,0x16,0x16,0x0c,0x0c,0x14,0x14,0x16,0x16,0x0e,0x0e,0x0f,0x0f,
    0x17,0x17,0x1f,0x1f,0x1d,0x1d,0x2c,0x2c,0x2b,0x2b,0x23,0x23,0x20,0x20,0x20,0x20,
    0x1d,0x1d,0x1f,0x1f,0x20,0x20,0x15,0x15,0x18,0x18,0x2b,0x2b,0x28,0x28,0x27,0x27,
    0x22,0x22,0x2e,0x2e,0x19,0x19,0x15,0x15,0x19,0x19,0x20,0x20,0x15,0x15,0x12,0x12,
    0x2e,0x2e,0x2b,0x2b,0x25,0x25,0x2e,0x2e,0x19,0x19,0x10,0x10,0x09,0x09,0x0a,0x0a,
    0x15,0x15,0x13,0x13,0x1a,0x1a,0x11,0x11,0x18,0x18,0x13,0x13,0x08,0x08,0x09,0x09,
    0x09,0x09,0x0a,0x0a,0x0a,0x0a,0x10,0x10,0x09,0x09,0x10,0x10,0x20,0x20,0x0d,0x0d,
    0x09,0x09,0x09,0x09,0x0a,0x0a,0x08,0x08,0x13,0x13,0x18,0x18,0x11,0x11,0x18,0x18,
    0x18,0x18,0x20,0x20,0x2c,0x2c,0x2f,0x2f,0x17,0x17,0x16,0x16,0x2c,0x2c,0x2c,0x2c,
    0x16,0x16,0x18,0x18,0x17,0x17,0x12,0x12,0x11,0x11,0x0d,0x0d,0x07,0x07,0x0a,0x0a,
    0x0d,0x0d,0x0f,0x0f,0x0f,0x0f,0x21,0x21,0x17,0x17,0x14,0x14,0x1a,0x1a,0x1f,0x1f,
    0x2c,0x2c,0x2c,0x2c,0x25,0x25,0x25,0x25,0x28,0x28,0x25,0x25,0x23,0x23,0x23,0x23,
    0x23,0x23,0x23,0x23,0x1c,0x1c,0x1d,0x1d,0x27,0x27,0x19,0x19,0x1b,0x1b,0x2c,0x2c,
    0x1f,0x1f,0x23,0x23,0x25,0x25,0x23,0x23,0x23,0x23,0x23,0x23,0x22,0x22,0x2e,0x2e,
    0x17,0x17,0x17,0x17,0x28,0x28,0x0f,0x0f,0x1c,0x1c,0x1b,0x1b,0x17,0x17,0x29,0x29,
    0x23,0x23,0x23,0x23,0x23,0x23,0x2c,0x2c,0x2b,0x2b,0x23,0x23,0x2e,0x2e,0x14,0x14,
    0x17,0x17,0x16,0x16,0x0b,0x0b,0x1c,0x1c,0x14,0x14,0x0e,0x0e,0x0c,0x0c,0x07,0x07,
    0x07,0x07,0x02,0x02,0x04,0x04,0x02,0x02,0x02,0x02,0x07,0x07,0x0e,0x0e,0x0e,0x0e,
    0x0e,0x0e,0x07,0x07,0x07,0x07,0x0e,0x0e,0x0c,0x0c,0x0c,0x0c,0x0a,0x0a,0x05,0x05,
    0x02,0x02,0x05,0x05,0x02,0x02,0x02,0x02,0x00,0x00,0x00,0x00,0x02,0x02,0x00,0x00,
    0x02,0x02,0x05,0x05,0x10,0x10,0x0d,0x0d,0x10,0x10,0x13,0x13,0x0d,0x0d,0x0d,0x0d,
    0x05,0x05,0x0a,0x0a,0x0a,0x0a,0x0a,0x0a,0x10,0x10,0x0a,0x0a,0x0a,0x0a,0x05,0x05,
    0x0a,0x0a,0x05,0x05,0x02,0x02,0x09,0x09,0x09,0x09,0x12,0x12,0x11,0x11,0x15,0x15,
    0x15,0x15,0x0d,0x0d,0x0d,0x0d,0x10,0x10,0x18,0x18,0x1b,0x1b,0x25,0x25,0x28,0x28,
    0x2f,0x2f,0x1a,0x1a,0x15,0x15,0x0d,0x0d,0x0a,0x0a,0x09,0x09,0x09,0x09,0x0d,0x0d,
    0x09,0x09,0x05,0x05,0x05,0x05,0x02,0x02,0x09,0x09,0x08,0x08,0x05,0x05,0x05,0x05,
    0x09,0x09,0x10,0x10,0x0f,0x0f,0x0f,0x0f,0x0f,0x0f,0x10,0x10,0x05,0x05,0x0a,0x0a,
    0x10,0x10,0x1a,0x1a,0x1a,0x1a,0x2e,0x2e,0x2c,0x2c,0x1f,0x1f,0x1c,0x1c,0x17,0x17,
    0x16,0x16,0x27,0x27,0x14,0x14,0x0b,0x0b,0x0c,0x0c,0x0e,0x0e,0x0f,0x0f,0x12,0x12,
    0x2e,0x2e,0x1f,0x1f,0x23,0x23,0x2e,0x2e,0x2c,0x2c,0x16,0x16,0x14,0x14,0x0f,0x0f,
    0x0b,0x0b,0x0c,0x0c,0x0c,0x0c,0x0b,0x0b,0x07,0x07,0x03,0x03,0x03,0x03,0x03,0x03,
    0x01,0x01,0x03,0x03,0x03,0x03,0x03,0x03,0x07,0x07,0x03,0x03,0x03,0x03,0x06,0x06,
    0x0f,0x0f,0x0c,0x0c,0x16,0x16,0x0c,0x0c,0x14,0x14,0x16,0x16,0x0e,0x0e,0x0f,0x0f,
    0x17,0x17,0x1f,0x1f,0x1d,0x1d,0x2c,0x2c,0x2b,0x2b,0x23,0x23,0x20,0x20,0x20,0x20,
    0x1d,0x1d,0x1f,0x1f,0x20,0x20,0x15,0x15,0x18,0x18,0x2b,0x2b,0x28,0x28,0x27,0x27,
    0x22,0x22,0x2e,0x2e,0x19,0x19,0x15,0x15,0x19,0x19,0x20,0x20,0x15,0x15,0x12,0x12,
    0x2e,0x2e,0x2b,0x2b,0x25,0x25,0x2e,0x2e,0x19,0x19,0x10,0x10,0x09,0x09,0x0a,0x0a,
    0x15,0x15,0x13,0x13,0x1a,0x1a,0x11,0x11,0x18,0x18,0x13,0x13,0x08,0x08,0x09,0x09,
    0x09,0x09,0x0a,0x0a,0x0a,0x0a,0x10,0x10,0x09,0x09,0x10,0x10,0x20,0x20,0x0d,0x0d,
    0x09,0x09,0x09,0x09,0x0a,0x0a,0x08,0x08,0x13,0x13,0x18,0x18,0x11,0x11,0x18,0x18,
    0x18,0x18,0x20,0x20,0x2c,0x2c,0x2f,0x2f,0x17,0x17,0x16,0x16,0x2c,0x2c,0x2c,0x2c,
    0x16,0x16,0x18,0x18,0x17,0x17,0x12,0x12,0x11,0x11,0x0d,0x0d,0x07,0x07,0x0a,0x0a,
    0x0d,0x0d,0x0f,0x0f,0x0f,0x0f,0x21,0x21,0x17,0x17,0x14,0x14,0x1a,0x1a,0x1f,0x1f,
    0x2c,0x2c,0x2c,0x2c,0x25,0x25,0x25,0x25,0x28,0x28,0x25,0x25,0x23,0x23,0x23,0x23,
    0x23,0x23,0x23,0x23,0x1c,0x1c,0x1d,0x1d,0x27,0x27,0x19,0x19,0x1b,0x1b,0x2c,0x2c,
    0x1f,0x1f,0x23,0x23,0x25,0x25,0x23,0x23,0x23,0x23,0x23,0x23,0x22,0x22,0x2e,0x2e,
    0x17,0x17,0x17,0x17,0x28,0x28,0x0f,0x0f,0x1c,0x1c,0x1b,0x1b,0x17,0x17,0x29,0x29,
    0x23,0x23,0x23,0x23,0x23,0x23,0x2c,0x2c,0x2b,0x2b,0x23,0x23,0x2e,0x2e,0x14,0x14,
    0x17,0x17,0x16,0x16,0x0b,0x0b,0x1c,0x1c,0x14,0x14,0x0e,0x0e,0x0c,0x0c,0x07,0x07,
    0x07,0x07,0x02,0x02,0x04,0x04,0x02,0x02,0x02,0x02,0x07,0x07,0x0e,0x0e,0x0e,0x0e,
    0x0e,0x0e,0x07,0x07,0x07,0x07,0x0e,0x0e,0x0c,0x0c,0x0c,0x0c,0x0a,0x0a,0x05,0x05,
    0x02,0x02,0x05,0x05,0x02,0x02,0x02,0x02,0x00,0x00,0x00,0x00,0x02,0x02,0x00,0x00,
    0x02,0x02,0x05,0x05,0x10,0x10,0x0d,0x0d,0x10,0x10,0x13,0x13,0x0d,0x0d,0x0d,0x0d,
    0x05,0x05,0x0a,0x0a,0x0a,0x0a,0x0a,0x0a,0x10,0x10,0x0a,0x0a,0x0a,0x0a,0x05,0x05,
    0x0a,0x0a,0x05,0x05,0x02,0x02,0x09,0x09,0x09,0x09,0x12,0x12,0x11,0x11,0x15,0x15,
    0x15,0x15,0x0d,0x0d,0x0d,0x0d,0x10,0x10,0x18,0x18,0x1b,0x1b,0x25,0x25,0x28,0x28,
    0x2f,0x2f,0x1a,0x1a,0x15,0x15,0x0d,0x0d,0x0a,0x0a,0x09,0x09,0x09,0x09,0x0d,0x0d,
    0x0d,0x0d,0x09,0x09,0x05,0x05,0x05,0x05,0x05,0x05,0x10,0x10,0x09,0x09,0x08,0x08,
    0x09,0x09,0x0d,0x0d,0x15,0x15,0x19,0x19,0x0e,0x0e,0x0e,0x0e,0x09,0x09,0x08,0x08,
    0x0d,0x0d,0x12,0x12,0x15,0x15,0x1e,0x1e,0x23,0x23,0x23,0x23,0x2c,0x2c,0x1f,0x1f,
    0x2b,0x2b,0x1c,0x1c,0x14,0x14,0x16,0x16,0x0b,0x0b,0x0b,0x0b,0x16,0x16,0x1a,0x1a,
    0x22,0x22,0x2c,0x2c,0x23,0x23,0x1d,0x1d,0x2f,0x2f,0x1a,0x1a,0x0e,0x0e,0x0f,0x0f,
    0x07,0x07,0x0b,0x0b,0x0e,0x0e,0x0b,0x0b,0x06,0x06,0x03,0x03,0x03,0x03,0x03,0x03,
    0x01,0x01,0x01,0x01,0x01,0x01,0x01,0x01,0x03,0x03,0x03,0x03,0x07,0x07,0x0e,0x0e,
    0x14,0x14,0x0b,0x0b,0x0b,0x0b,0x0e,0x0e,0x12,0x12,0x14,0x14,0x0c,0x0c,0x0c,0x0c,
    0x18,0x18,0x18,0x18,0x18,0x18,0x23,0x23,0x2b,0x2b,0x2b,0x2b,0x14,0x14,0x1d,0x1d,
    0x29,0x29,0x23,0x23,0x2f,0x2f,0x20,0x20,0x2b,0x2b,0x2b,0x2b,0x2b,0x2b,0x23,0x23,
    0x23,0x23,0x23,0x23,0x1e,0x1e,0x16,0x16,0x1c,0x1c,0x2c,0x2c,0x20,0x20,0x1f,0x1f,
    0x19,0x19,0x1a,0x1a,0x20,0x20,0x2f,0x2f,0x15,0x15,0x18,0x18,0x12,0x12,0x09,0x09,
    0x0a,0x0a,0x11,0x11,0x10,0x10,0x16,0x16,0x1b,0x1b,0x0a,0x0a,0x0a,0x0a,0x05,0x05,
    0x05,0x05,0x09,0x09,0x05,0x05,0x05,0x05,0x08,0x08,0x11,0x11,0x11,0x11,0x08,0x08,
    0x05,0x05,0x05,0x05,0x08,0x08,0x08,0x08,0x13,0x13,0x1d,0x1d,0x16,0x16,0x1f,0x1f,
    0x20,0x20,0x2c,0x2c,0x2c,0x2c,0x18,0x18,0x11,0x11,0x16,0x16,0x19,0x19,0x1c,0x1c,
    0x13,0x13,0x11,0x11,0x17,0x17,0x15,0x15,0x0d,0x0d,0x0c,0x0c,0x0b,0x0b,0x0c,0x0c,
    0x0b,0x0b,0x12,0x12,0x14,0x14,0x1b,0x1b,0x0f,0x0f,0x0f,0x0f,0x16,0x16,0x16,0x16,
    0x29,0x29,0x25,0x25,0x25,0x25,0x2c,0x2c,0x2b,0x2b,0x23,0x23,0x23,0x23,0x23,0x23,
    0x23,0x23,0x20,0x20,0x2c,0x2c,0x18,0x18,0x1a,0x1a,0x19,0x19,0x25,0x25,0x2b,0x2b,
    0x2c,0x2c,0x25,0x25,0x23,0x23,0x23,0x23,0x23,0x23,0x23,0x23,0x23,0x23,0x23,0x23,
    0x23,0x23,0x1a,0x1a,0x1a,0x1a,0x2e,0x2e,0x16,0x16,0x20,0x20,0x28,0x28,0x23,0x23,
    0x2a,0x2a,0x2c,0x2c,0x2e,0x2e,0x1d,0x1d,0x21,0x21,0x23,0x23,0x22,0x22,0x14,0x14,
    0x16,0x16,0x0f,0x0f,0x0b,0x0b,0x17,0x17,0x0f,0x0f,0x0c,0x0c,0x0c,0x0c,0x07,0x07,
    0x0b,0x0b,0x04,0x04,0x08,0x08,0x06,0x06,0x04,0x04,0x0b,0x0b,0x07,0x07,0x0e,0x0e,
    0x07,0x07,0x04,0x04,0x0b,0x0b,0x0c,0x0c,0x0c,0x0c,0x0d,0x0d,0x10,0x10,0x09,0x09,
    0x08,0x08,0x0a,0x0a,0x05,0x05,0x05,0x05,0x02,0x02,0x02,0x02,0x02,0x02,0x00,0x00,
    0x00,0x00,0x09,0x09,0x10,0x10,0x00,0x00,0x0a,0x0a,0x0a,0x0a,0x13,0x13,0x10,0x10,
    0x02,0x02,0x09,0x09,0x0d,0x0d,0x0d,0x0d,0x16,0x16,0x0d,0x0d,0x0a,0x0a,0x09,0x09,
    0x0a,0x0a,0x10,0x10,0x0a,0x0a,0x09,0x09,0x05,0x05,0x10,0x10,0x0a,0x0a,0x16,0x16,
    0x16,0x16,0x15,0x15,0x0d,0x0d,0x12,0x12,0x1e,0x1e,0x15,0x15,0x1a,0x1a,0x2f,0x2f,
    0x1c,0x1c,0x2d,0x2d,0x19,0x19,0x10,0x10,0x0a,0x0a,0x09,0x09,0x11,0x11,0x10,0x10,
    0x0d,0x0d,0x09,0x09,0x05,0x05,0x05,0x05,0x05,0x05,0x10,0x10,0x09,0x09,0x08,0x08,
    0x09,0x09,0x0d,0x0d,0x15,0x15,0x19,0x19,0x0e,0x0e,0x0e,0x0e,0x09,0x09,0x08,0x08,
    0x0d,0x0d,0x12,0x12,0x15,0x15,0x1e,0x1e,0x23,0x23,0x23,0x23,0x2c,0x2c,0x1f,0x1f,
    0x2b,0x2b,0x1c,0x1c,0x14,0x14,0x16,0x16,0x0b,0x0b,0x0b,0x0b,0x16,0x16,0x1a,0x1a,
    0x22,0x22,0x2c,0x2c,0x23,0x23,0x1d,0x1d,0x2f,0x2f,0x1a,0x1a,0x0e,0x0e,0x0f,0x0f,
    0x07,0x07,0x0b,0x0b,0x0e,0x0e,0x0b,0x0b,0x06,0x06,0x03,0x03,0x03,0x03,0x03,0x03,
    0x01,0x01,0x01,0x01,0x01,0x01,0x01,0x01,0x03,0x03,0x03,0x03,0x07,0x07,0x0e,0x0e,
    0x14,0x14,0x0b,0x0b,0x0b,0x0b,0x0e,0x0e,0x12,0x12,0x14,0x14,0x0c,0x0c,0x0c,0x0c,
    0x18,0x18,0x18,0x18,0x18,0x18,0x23,0x23,0x2b,0x2b,0x2b,0x2b,0x14,0x14,0x1d,0x1d,
    0x29,0x29,0x23,0x23,0x2f,0x2f,0x20,0x20,0x2b,0x2b,0x2b,0x2b,0x2b,0x2b,0x23,0x23,
    0x23,0x23,0x23,0x23,0x1e,0x1e,0x16,0x16,0x1c,0x1c,0x2c,0x2c,0x20,0x20,0x1f,0x1f,
    0x19,0x19,0x1a,0x1a,0x20,0x20,0x2f,0x2f,0x15,0x15,0x18,0x18,0x12,0x12,0x09,0x09,
    0x0a,0x0a,0x11,0x11,0x10,0x10,0x16,0x16,0x1b,0x1b,0x0a,0x0a,0x0a,0x0a,0x05,0x05,
    0x05,0x05,0x09,0x09,0x05,0x05,0x05,0x05,0x08,0x08,0x11,0x11,0x11,0x11,0x08,0x08,
    0x05,0x05,0x05,0x05,0x08,0x08,0x08,0x08,0x13,0x13,0x1d,0x1d,0x16,0x16,0x1f,0x1f,
    0x20,0x20,0x2c,0x2c,0x2c,0x2c,0x18,0x18,0x11,0x11,0x16,0x16,0x19,0x19,0x1c,0x1c,
    0x13,0x13,0x11,0x11,0x17,0x17,0x15,0x15,0x0d,0x0d,0x0c,0x0c,0x0b,0x0b,0x0c,0x0c,
    0x0b,0x0b,0x12,0x12,0x14,0x14,0x1b,0x1b,0x0f,0x0f,0x0f,0x0f,0x16,0x16,0x16,0x16,
    0x29,0x29,0x25,0x25,0x25,0x25,0x2c,0x2c,0x2b,0x2b,0x23,0x23,0x23,0x23,0x23,0x23,
    0x23,0x23,0x20,0x20,0x2c,0x2c,0x18,0x18,0x1a,0x1a,0x19,0x19,0x25,0x25,0x2b,0x2b,
    0x2c,0x2c,0x25,0x25,0x23,0x23,0x23,0x23,0x23,0x23,0x23,0x23,0x23,0x23,0x23,0x23,
    0x23,0x23,0x1a,0x1a,0x1a,0x1a,0x2e,0x2e,0x16,0x16,0x20,0x20,0x28,0x28,0x23,0x23,
    0x2a,0x2a,0x2c,0x2c,0x2e,0x2e,0x1d,0x1d,0x21,0x21,0x23,0x23,0x22,0x22,0x14,0x14,
    0x16,0x16,0x0f,0x0f,0x0b,0x0b,0x17,0x17,0x0f,0x0f,0x0c,0x0c,0x0c,0x0c,0x07,0x07,
    0x0b,0x0b,0x04,0x04,0x08,0x08,0x06,0x06,0x04,0x04,0x0b,0x0b,0x07,0x07,0x0e,0x0e,
    0x07,0x07,0x04,0x04,0x0b,0x0b,0x0c,0x0c,0x0c,0x0c,0x0d,0x0d,0x10,0x10,0x09,0x09,
    0x08,0x08,0x0a,0x0a,0x05,0x05,0x05,0x05,0x02,0x02,0x02,0x02,0x02,0x02,0x00,0x00,
    0x00,0x00,0x09,0x09,0x10,0x10,0x00,0x00,0x0a,0x0a,0x0a,0x0a,0x13,0x13,0x10,0x10,
    0x02,0x02,0x09,0x09,0x0d,0x0d,0x0d,0x0d,0x16,0x16,0x0d,0x0d,0x0a,0x0a,0x09,0x09,
    0x0a,0x0a,0x10,0x10,0x0a,0x0a,0x09,0x09,0x05,0x05,0x10,0x10,0x0a,0x0a,0x16,0x16,
    0x16,0x16,0x15,0x15,0x0d,0x0d,0x12,0x12,0x1e,0x1e,0x15,0x15,0x1a,0x1a,0x2f,0x2f,
    0x1c,0x1c,0x2d,0x2d,0x19,0x19,0x10,0x10,0x0a,0x0a,0x09,0x09,0x11,0x11,0x10,0x10,
    0x15,0x15,0x0d,0x0d,0x0a,0x0a,0x09,0x09,0x05,0x05,0x18,0x18,0x10,0x10,0x0a,0x0a,
    0x10,0x10,0x15,0x15,0x1a,0x1a,0x1a,0x1a,0x16,0x16,0x14,0x14,0x10,0x10,0x0d,0x0d,
    0x10,0x10,0x10,0x10,0x1b,0x1b,0x20,0x20,0x23,0x23,0x28,0x28,0x23,0x23,0x2c,0x2c,
    0x2b,0x2b,0x2e,0x2e,0x1d,0x1d,0x1b,0x1b,0x0f,0x0f,0x16,0x16,0x2e,0x2e,0x2c,0x2c,
    0x23,0x23,0x2f,0x2f,0x1c,0x1c,0x16,0x16,0x18,0x18,0x1a,0x1a,0x0f,0x0f,0x0c,0x0c,
    0x0b,0x0b,0x0b,0x0b,0x0b,0x0b,0x07,0x07,0x03,0x03,0x03,0x03,0x06,0x06,0x03,0x03,
    0x03,0x03,0x01,0x01,0x01,0x01,0x01,0x01,0x03,0x03,0x03,0x03,0x0b,0x0b,0x0f,0x0f,
    0x0e,0x0e,0x0b,0x0b,0x04,0x04,0x06,0x06,0x0c,0x0c,0x14,0x14,0x0c,0x0c,0x0f,0x0f,
    0x12,0x12,0x16,0x16,0x12,0x12,0x1b,0x1b,0x1d,0x1d,0x18,0x18,0x17,0x17,0x18,0x18,
    0x1c,0x1c,0x2c,0x2c,0x23,0x23,0x2b,0x2b,0x23,0x23,0x27,0x27,0x27,0x27,0x27,0x27,
    0x23,0x23,0x23,0x23,0x25,0x25,0x20,0x20,0x20,0x20,0x2b,0x2b,0x23,0x23,0x2e,0x2e,
    0x19,0x19,0x1a,0x1a,0x0a,0x0a,0x1b,0x1b,0x15,0x15,0x11,0x11,0x18,0x18,0x10,0x10,
    0x0a,0x0a,0x0a,0x0a,0x09,0x09,0x11,0x11,0x0d,0x0d,0x09,0x09,0x0d,0x0d,0x09,0x09,
    0x05,0x05,0x08,0x08,0x05,0x05,0x02,0x02,0x04,0x04,0x05,0x05,0x09,0x09,0x08,0x08,
    0x05,0x05,0x05,0x05,0x08,0x08,0x09,0x09,0x18,0x18,0x12,0x12,0x15,0x15,0x2f,0x2f,
    0x2a,0x2a,0x2c,0x2c,0x2b,0x2b,0x1b,0x1b,0x15,0x15,0x19,0x19,0x11,0x11,0x14,0x14,
    0x15,0x15,0x0d,0x0d,0x09,0x09,0x08,0x08,0x0b,0x0b,0x08,0x08,0x05,0x05,0x0c,0x0c,
    0x16,0x16,0x14,0x14,0x1a,0x1a,0x27,0x27,0x1a,0x1a,0x1f,0x1f,0x1b,0x1b,0x22,0x22,
    0x2b,0x2b,0x23,0x23,0x2c,0x2c,0x1b,0x1b,0x1d,0x1d,0x29,0x29,0x2b,0x2b,0x2b,0x2b,
    0x28,0x28,0x23,0x23,0x23,0x23,0x23,0x23,0x23,0x23,0x25,0x25,0x25,0x25,0x2b,0x2b,
    0x23,0x23,0x23,0x23,0x23,0x23,0x23,0x23,0x23,0x23,0x23,0x23,0x23,0x23,0x23,0x23,
    0x28,0x28,0x28,0x28,0x25,0x25,0x25,0x25,0x29,0x29,0x25,0x25,0x25,0x25,0x23,0x23,
    0x2d,0x2d,0x18,0x18,0x1d,0x1d,0x16,0x16,0x14,0x14,0x2e,0x2e,0x16,0x16,0x17,0x17,
    0x0e,0x0e,0x0c,0x0c,0x0c,0x0c,0x07,0x07,0x07,0x07,0x0b,0x0b,0x0b,0x0b,0x0b,0x0b,
    0x07,0x07,0x07,0x07,0x07,0x07,0x0b,0x0b,0x07,0x07,0x04,0x04,0x04,0x04,0x07,0x07,
    0x04,0x04,0x07,0x07,0x0c,0x0c,0x0c,0x0c,0x0c,0x0c,0x0d,0x0d,0x0a,0x0a,0x0a,0x0a,
    0x0a,0x0a,0x05,0x05,0x05,0x05,0x08,0x08,0x05,0x05,0x00,0x00,0x00,0x00,0x05,0x05,
    0x02,0x02,0x00,0x00,0x00,0x00,0x00,0x00,0x00,0x00,0x05,0x05,0x0d,0x0d,0x10,0x10,
    0x05,0x05,0x0a,0x0a,0x05,0x05,0x0a,0x0a,0x0a,0x0a,0x09,0x09,0x11,0x11,0x11,0x11,
    0x09,0x09,0x10,0x10,0x16,0x16,0x10,0x10,0x09,0x09,0x0d,0x0d,0x18,0x18,0x1a,0x1a,
    0x1d,0x1d,0x15,0x15,0x13,0x13,0x14,0x14,0x19,0x19,0x19,0x19,0x2e,0x2e,0x15,0x15,
    0x0d,0x0d,0x1e,0x1e,0x2e,0x2e,0x1a,0x1a,0x10,0x10,0x10,0x10,0x16,0x16,0x16,0x16,
    0x15,0x15,0x0d,0x0d,0x0a,0x0a,0x09,0x09,0x05,0x05,0x18,0x18,0x10,0x10,0x0a,0x0a,
    0x10,0x10,0x15,0x15,0x1a,0x1a,0x1a,0x1a,0x16,0x16,0x14,0x14,0x10,0x10,0x0d,0x0d,
    0x10,0x10,0x10,0x10,0x1b,0x1b,0x20,0x20,0x23,0x23,0x28,0x28,0x23,0x23,0x2c,0x2c,
    0x2b,0x2b,0x2e,0x2e,0x1d,0x1d,0x1b,0x1b,0x0f,0x0f,0x16,0x16,0x2e,0x2e,0x2c,0x2c,
    0x23,0x23,0x2f,0x2f,0x1c,0x1c,0x16,0x16,0x18,0x18,0x1a,0x1a,0x0f,0x0f,0x0c,0x0c,
    0x0b,0x0b,0x0b,0x0b,0x0b,0x0b,0x07,0x07,0x03,0x03,0x03,0x03,0x06,0x06,0x03,0x03,
    0x03,0x03,0x01,0x01,0x01,0x01,0x01,0x01,0x03,0x03,0x03,0x03,0x0b,0x0b,0x0f,0x0f,
    0x0e,0x0e,0x0b,0x0b,0x04,0x04,0x06,0x06,0x0c,0x0c,0x14,0x14,0x0c,0x0c,0x0f,0x0f,
    0x12,0x12,0x16,0x16,0x12,0x12,0x1b,0x1b,0x1d,0x1d,0x18,0x18,0x17,0x17,0x18,0x18,
    0x1c,0x1c,0x2c,0x2c,0x23,0x23,0x2b,0x2b,0x23,0x23,0x27,0x27,0x27,0x27,0x27,0x27,
    0x23,0x23,0x23,0x23,0x25,0x25,0x20,0x20,0x20,0x20,0x2b,0x2b,0x23,0x23,0x2e,0x2e,
    0x19,0x19,0x1a,0x1a,0x0a,0x0a,0x1b,0x1b,0x15,0x15,0x11,0x11,0x18,0x18,0x10,0x10,
    0x0a,0x0a,0x0a,0x0a,0x09,0x09,0x11,0x11,0x0d,0x0d,0x09,0x09,0x0d,0x0d,0x09,0x09,
    0x05,0x05,0x08,0x08,0x05,0x05,0x02,0x02,0x04,0x04,0x05,0x05,0x09,0x09,0x08,0x08,
    0x05,0x05,0x05,0x05,0x08,0x08,0x09,0x09,0x18,0x18,0x12,0x12,0x15,0x15,0x2f,0x2f,
    0x2a,0x2a,0x2c,0x2c,0x2b,0x2b,0x1b,0x1b,0x15,0x15,0x19,0x19,0x11,0x11,0x14,0x14,
    0x15,0x15,0x0d,0x0d,0x09,0x09,0x08,0x08,0x0b,0x0b,0x08,0x08,0x05,0x05,0x0c,0x0c,
    0x16,0x16,0x14,0x14,0x1a,0x1a,0x27,0x27,0x1a,0x1a,0x1f,0x1f,0x1b,0x1b,0x22,0x22,
    0x2b,0x2b,0x23,0x23,0x2c,0x2c,0x1b,0x1b,0x1d,0x1d,0x29,0x29,0x2b,0x2b,0x2b,0x2b,
    0x28,0x28,0x23,0x23,0x23,0x23,0x23,0x23,0x23,0x23,0x25,0x25,0x25,0x25,0x2b,0x2b,
    0x23,0x23,0x23,0x23,0x23,0x23,0x23,0x23,0x23,0x23,0x23,0x23,0x23,0x23,0x23,0x23,
    0x28,0x28,0x28,0x28,0x25,0x25,0x25,0x25,0x29,0x29,0x25,0x25,0x25,0x25,0x23,0x23,
    0x2d,0x2d,0x18,0x18,0x1d,0x1d,0x16,0x16,0x14,0x14,0x2e,0x2e,0x16,0x16,0x17,0x17,
    0x0e,0x0e,0x0c,0x0c,0x0c,0x0c,0x07,0x07,0x07,0x07,0x0b,0x0b,0x0b,0x0b,0x0b,0x0b,
    0x07,0x07,0x07,0x07,0x07,0x07,0x0b,0x0b,0x07,0x07,0x04,0x04,0x04,0x04,0x07,0x07,
    0x04,0x04,0x07,0x07,0x0c,0x0c,0x0c,0x0c,0x0c,0x0c,0x0d,0x0d,0x0a,0x0a,0x0a,0x0a,
    0x0a,0x0a,0x05,0x05,0x05,0x05,0x08,0x08,0x05,0x05,0x00,0x00,0x00,0x00,0x05,0x05,
    0x02,0x02,0x00,0x00,0x00,0x00,0x00,0x00,0x00,0x00,0x05,0x05,0x0d,0x0d,0x10,0x10,
    0x05,0x05,0x0a,0x0a,0x05,0x05,0x0a,0x0a,0x0a,0x0a,0x09,0x09,0x11,0x11,0x11,0x11,
    0x09,0x09,0x10,0x10,0x16,0x16,0x10,0x10,0x09,0x09,0x0d,0x0d,0x18,0x18,0x1a,0x1a,
    0x1d,0x1d,0x15,0x15,0x13,0x13,0x14,0x14,0x19,0x19,0x19,0x19,0x2e,0x2e,0x15,0x15,
    0x0d,0x0d,0x1e,0x1e,0x2e,0x2e,0x1a,0x1a,0x10,0x10,0x10,0x10,0x16,0x16,0x16,0x16,
    0x10,0x10,0x09,0x09,0x0a,0x0a,0x05,0x05,0x16,0x16,0x15,0x15,0x09,0x09,0x0d,0x0d,
    0x13,0x13,0x16,0x16,0x1a,0x1a,0x2f,0x2f,0x13,0x13,0x0a,0x0a,0x0d,0x0d,0x0d,0x0d,
    0x16,0x16,0x1c,0x1c,0x18,0x18,0x2c,0x2c,0x25,0x25,0x2b,0x2b,0x23,0x23,0x28,0x28,
    0x2b,0x2b,0x23,0x23,0x2c,0x2c,0x1d,0x1d,0x12,0x12,0x14,0x14,0x2c,0x2c,0x25,0x25,
    0x23,0x23,0x14,0x14,0x16,0x16,0x17,0x17,0x12,0x12,0x16,0x16,0x0f,0x0f,0x0b,0x0b,
    0x0b,0x0b,0x03,0x03,0x03,0x03,0x06,0x06,0x06,0x06,0x03,0x03,0x03,0x03,0x03,0x03,
    0x03,0x03,0x01,0x01,0x01,0x01,0x01,0x01,0x03,0x03,0x03,0x03,0x0b,0x0b,0x0c,0x0c,
    0x0c,0x0c,0x0b,0x0b,0x0b,0x0b,0x03,0x03,0x03,0x03,0x06,0x06,0x0b,0x0b,0x0e,0x0e,
    0x0b,0x0b,0x0e,0x0e,0x0f,0x0f,0x14,0x14,0x1d,0x1d,0x0f,0x0f,0x14,0x14,0x1b,0x1b,
    0x1d,0x1d,0x2b,0x2b,0x23,0x23,0x28,0x28,0x23,0x23,0x23,0x23,0x27,0x27,0x27,0x27,
    0x27,0x27,0x28,0x28,0x23,0x23,0x28,0x28,0x28,0x28,0x23,0x23,0x2c,0x2c,0x19,0x19,
    0x1a,0x1a,0x15,0x15,0x08,0x08,0x0a,0x0a,0x10,0x10,0x09,0x09,0x12,0x12,0x16,0x16,
    0x05,0x05,0x08,0x08,0x0a,0x0a,0x05,0x05,0x0a,0x0a,0x05,0x05,0x05,0x05,0x0a,0x0a,
    0x0a,0x0a,0x05,0x05,0x05,0x05,0x05,0x05,0x02,0x02,0x05,0x05,0x08,0x08,0x02,0x02,
    0x02,0x02,0x09,0x09,0x11,0x11,0x16,0x16,0x13,0x13,0x11,0x11,0x0a,0x0a,0x1e,0x1e,
    0x2e,0x2e,0x18,0x18,0x1c,0x1c,0x21,0x21,0x25,0x25,0x18,0x18,0x0d,0x0d,0x12,0x12,
    0x08,0x08,0x0d,0x0d,0x0e,0x0e,0x08,0x08,0x02,0x02,0x05,0x05,0x0b,0x0b,0x12,0x12,
    0x16,0x16,0x18,0x18,0x1d,0x1d,0x2f,0x2f,0x1a,0x1a,0x0f,0x0f,0x1c,0x1c,0x2b,0x2b,
    0x25,0x25,0x2b,0x2b,0x1f,0x1f,0x1b,0x1b,0x1d,0x1d,0x2e,0x2e,0x20,0x20,0x18,0x18,
    0x1b,0x1b,0x23,0x23,0x23,0x23,0x23,0x23,0x23,0x23,0x23,0x23,0x23,0x23,0x23,0x23,
    0x2b,0x2b,0x23,0x23,0x23,0x23,0x23,0x23,0x23,0x23,0x23,0x23,0x23,0x23,0x23,0x23,
    0x23,0x23,0x23,0x23,0x23,0x23,0x23,0x23,0x23,0x23,0x23,0x23,0x23,0x23,0x23,0x23,
    0x28,0x28,0x1b,0x1b,0x1b,0x1b,0x14,0x14,0x0c,0x0c,0x16,0x16,0x16,0x16,0x22,0x22,
    0x17,0x17,0x0c,0x0c,0x0c,0x0c,0x04,0x04,0x04,0x04,0x04,0x04,0x04,0x04,0x04,0x04,
    0x07,0x07,0x07,0x07,0x07,0x07,0x0e,0x0e,0x0e,0x0e,0x07,0x07,0x04,0x04,0x04,0x04,
    0x07,0x07,0x0c,0x0c,0x0c,0x0c,0x0c,0x0c,0x0c,0x0c,0x0c,0x0c,0x0a,0x0a,0x09,0x09,
    0x08,0x08,0x05,0x05,0x05,0x05,0x08,0x08,0x05,0x05,0x02,0x02,0x05,0x05,0x05,0x05,
    0x05,0x05,0x05,0x05,0x00,0x00,0x00,0x00,0x00,0x00,0x09,0x09,0x10,0x10,0x10,0x10,
    0x11,0x11,0x0d,0x0d,0x05,0x05,0x09,0x09,0x0a,0x0a,0x0d,0x0d,0x16,0x16,0x10,0x10,
    0x0d,0x0d,0x09,0x09,0x13,0x13,0x15,0x15,0x09,0x09,0x13,0x13,0x16,0x16,0x2c,0x2c,
    0x2e,0x2e,0x1e,0x1e,0x1e,0x1e,0x19,0x19,0x1c,0x1c,0x1a,0x1a,0x1e,0x1e,0x19,0x19,
    0x0a,0x0a,0x13,0x13,0x2f,0x2f,0x16,0x16,0x19,0x19,0x1d,0x1d,0x1c,0x1c,0x13,0x13,
    0x10,0x10,0x09,0x09,0x0a,0x0a,0x05,0x05,0x16,0x16,0x15,0x15,0x09,0x09,0x0d,0x0d,
    0x13,0x13,0x16,0x16,0x1a,0x1a,0x2f,0x2f,0x13,0x13,0x0a,0x0a,0x0d,0x0d,0x0d,0x0d,
    0x16,0x16,0x1c,0x1c,0x18,0x18,0x2c,0x2c,0x25,0x25,0x2b,0x2b,0x23,0x23,0x28,0x28,
    0x2b,0x2b,0x23,0x23,0x2c,0x2c,0x1d,0x1d,0x12,0x12,0x14,0x14,0x2c,0x2c,0x25,0x25,
    0x23,0x23,0x14,0x14,0x16,0x16,0x17,0x17,0x12,0x12,0x16,0x16,0x0f,0x0f,0x0b,0x0b,
    0x0b,0x0b,0x03,0x03,0x03,0x03,0x06,0x06,0x06,0x06,0x03,0x03,0x03,0x03,0x03,0x03,
    0x03,0x03,0x01,0x01,0x01,0x01,0x01,0x01,0x03,0x03,0x03,0x03,0x0b,0x0b,0x0c,0x0c,
    0x0c,0x0c,0x0b,0x0b,0x0b,0x0b,0x03,0x03,0x03,0x03,0x06,0x06,0x0b,0x0b,0x0e,0x0e,
    0x0b,0x0b,0x0e,0x0e,0x0f,0x0f,0x14,0x14,0x1d,0x1d,0x0f,0x0f,0x14,0x14,0x1b,0x1b,
    0x1d,0x1d,0x2b,0x2b,0x23,0x23,0x28,0x28,0x23,0x23,0x23,0x23,0x27,0x27,0x27,0x27,
    0x27,0x27,0x28,0x28,0x23,0x23,0x28,0x28,0x28,0x28,0x23,0x23,0x2c,0x2c,0x19,0x19,
    0x1a,0x1a,0x15,0x15,0x08,0x08,0x0a,0x0a,0x10,0x10,0x09,0x09,0x12,0x12,0x16,0x16,
    0x05,0x05,0x08,0x08,0x0a,0x0a,0x05,0x05,0x0a,0x0a,0x05,0x05,0x05,0x05,0x0a,0x0a,
    0x0a,0x0a,0x05,0x05,0x05,0x05,0x05,0x05,0x02,0x02,0x05,0x05,0x08,0x08,0x02,0x02,
    0x02,0x02,0x09,0x09,0x11,0x11,0x16,0x16,0x13,0x13,0x11,0x11,0x0a,0x0a,0x1e,0x1e,
    0x2e,0x2e,0x18,0x18,0x1c,0x1c,0x21,0x21,0x25,0x25,0x18,0x18,0x0d,0x0d,0x12,0x12,
    0x08,0x08,0x0d,0x0d,0x0e,0x0e,0x08,0x08,0x02,0x02,0x05,0x05,0x0b,0x0b,0x12,0x12,
    0x16,0x16,0x18,0x18,0x1d,0x1d,0x2f,0x2f,0x1a,0x1a,0x0f,0x0f,0x1c,0x1c,0x2b,0x2b,
    0x25,0x25,0x2b,0x2b,0x1f,0x1f,0x1b,0x1b,0x1d,0x1d,0x2e,0x2e,0x20,0x20,0x18,0x18,
    0x1b,0x1b,0x23,0x23,0x23,0x23,0x23,0x23,0x23,0x23,0x23,0x23,0x23,0x23,0x23,0x23,
    0x2b,0x2b,0x23,0x23,0x23,0x23,0x23,0x23,0x23,0x23,0x23,0x23,0x23,0x23,0x23,0x23,
    0x23,0x23,0x23,0x23,0x23,0x23,0x23,0x23,0x23,0x23,0x23,0x23,0x23,0x23,0x23,0x23,
    0x28,0x28,0x1b,0x1b,0x1b,0x1b,0x14,0x14,0x0c,0x0c,0x16,0x16,0x16,0x16,0x22,0x22,
    0x17,0x17,0x0c,0x0c,0x0c,0x0c,0x04,0x04,0x04,0x04,0x04,0x04,0x04,0x04,0x04,0x04,
    0x07,0x07,0x07,0x07,0x07,0x07,0x0e,0x0e,0x0e,0x0e,0x07,0x07,0x04,0x04,0x04,0x04,
    0x07,0x07,0x0c,0x0c,0x0c,0x0c,0x0c,0x0c,0x0c,0x0c,0x0c,0x0c,0x0a,0x0a,0x09,0x09,
    0x08,0x08,0x05,0x05,0x05,0x05,0x08,0x08,0x05,0x05,0x02,0x02,0x05,0x05,0x05,0x05,
    0x05,0x05,0x05,0x05,0x00,0x00,0x00,0x00,0x00,0x00,0x09,0x09,0x10,0x10,0x10,0x10,
    0x11,0x11,0x0d,0x0d,0x05,0x05,0x09,0x09,0x0a,0x0a,0x0d,0x0d,0x16,0x16,0x10,0x10,
    0x0d,0x0d,0x09,0x09,0x13,0x13,0x15,0x15,0x09,0x09,0x13,0x13,0x16,0x16,0x2c,0x2c,
    0x2e,0x2e,0x1e,0x1e,0x1e,0x1e,0x19,0x19,0x1c,0x1c,0x1a,0x1a,0x1e,0x1e,0x19,0x19,
    0x0a,0x0a,0x13,0x13,0x2f,0x2f,0x16,0x16,0x19,0x19,0x1d,0x1d,0x1c,0x1c,0x13,0x13,
    0x1a,0x1a,0x12,0x12,0x08,0x08,0x08,0x08,0x11,0x11,0x1f,0x1f,0x0a,0x0a,0x13,0x13,
    0x27,0x27,0x1e,0x1e,0x23,0x23,0x2c,0x2c,0x17,0x17,0x10,0x10,0x16,0x16,0x10,0x10,
    0x1a,0x1a,0x1b,0x1b,0x15,0x15,0x28,0x28,0x2b,0x2b,0x23,0x23,0x2c,0x2c,0x2c,0x2c,
    0x23,0x23,0x2c,0x2c,0x16,0x16,0x0f,0x0f,0x0b,0x0b,0x0f,0x0f,0x17,0x17,0x17,0x17,
    0x16,0x16,0x14,0x14,0x12,0x12,0x0e,0x0e,0x0f,0x0f,0x12,0x12,0x0e,0x0e,0x0e,0x0e,
    0x06,0x06,0x03,0x03,0x03,0x03,0x03,0x03,0x06,0x06,0x06,0x06,0x03,0x03,0x03,0x03,
    0x03,0x03,0x01,0x01,0x06,0x06,0x06,0x06,0x06,0x06,0x03,0x03,0x03,0x03,0x06,0x06,
    0x0b,0x0b,0x0c,0x0c,0x06,0x06,0x06,0x06,0x06,0x06,0x06,0x06,0x0c,0x0c,0x0f,0x0f,
    0x14,0x14,0x0e,0x0e,0x1a,0x1a,0x0e,0x0e,0x0c,0x0c,0x0e,0x0e,0x15,0x15,0x1c,0x1c,
    0x1d,0x1d,0x2c,0x2c,0x1d,0x1d,0x18,0x18,0x25,0x25,0x23,0x23,0x23,0x23,0x25,0x25,
    0x27,0x27,0x25,0x25,0x28,0x28,0x27,0x27,0x27,0x27,0x23,0x23,0x2b,0x2b,0x1a,0x1a,
    0x1a,0x1a,0x16,0x16,0x09,0x09,0x09,0x09,0x09,0x09,0x08,0x08,0x0a,0x0a,0x0a,0x0a,
    0x05,0x05,0x0a,0x0a,0x05,0x05,0x02,0x02,0x05,0x05,0x05,0x05,0x09,0x09,0x0a,0x0a,
    0x0d,0x0d,0x0a,0x0a,0x09,0x09,0x08,0x08,0x05,0x05,0x02,0x02,0x00,0x00,0x00,0x00,
    0x05,0x05,0x0d,0x0d,0x0d,0x0d,0x12,0x12,0x16,0x16,0x11,0x11,0x05,0x05,0x10,0x10,
    0x20,0x20,0x18,0x18,0x0d,0x0d,0x13,0x13,0x1f,0x1f,0x0a,0x0a,0x0d,0x0d,0x14,0x14,
    0x0a,0x0a,0x09,0x09,0x0e,0x0e,0x07,0x07,0x04,0x04,0x07,0x07,0x08,0x08,0x0f,0x0f,
    0x14,0x14,0x0c,0x0c,0x1d,0x1d,0x1c,0x1c,0x12,0x12,0x12,0x12,0x12,0x12,0x1d,0x1d,
    0x2c,0x2c,0x25,0x25,0x18,0x18,0x1a,0x1a,0x12,0x12,0x18,0x18,0x14,0x14,0x17,0x17,
    0x14,0x14,0x22,0x22,0x23,0x23,0x23,0x23,0x23,0x23,0x20,0x20,0x28,0x28,0x16,0x16,
    0x17,0x17,0x28,0x28,0x23,0x23,0x23,0x23,0x28,0x28,0x23,0x23,0x23,0x23,0x28,0x28,
    0x2c,0x2c,0x23,0x23,0x23,0x23,0x27,0x27,0x23,0x23,0x23,0x23,0x23,0x23,0x23,0x23,
    0x23,0x23,0x2c,0x2c,0x1b,0x1b,0x18,0x18,0x16,0x16,0x1a,0x1a,0x1b,0x1b,0x18,0x18,
    0x23,0x23,0x16,0x16,0x14,0x14,0x0f,0x0f,0x0b,0x0b,0x02,0x02,0x04,0x04,0x04,0x04,
    0x07,0x07,0x0e,0x0e,0x0c,0x0c,0x0c,0x0c,0x08,0x08,0x04,0x04,0x04,0x04,0x08,0x08,
    0x0b,0x0b,0x0f,0x0f,0x16,0x16,0x0d,0x0d,0x0c,0x0c,0x0b,0x0b,0x08,0x08,0x09,0x09,
    0x08,0x08,0x02,0x02,0x05,0x05,0x09,0x09,0x08,0x08,0x09,0x09,0x05,0x05,0x05,0x05,
    0x0a,0x0a,0x05,0x05,0x05,0x05,0x00,0x00,0x10,0x10,0x10,0x10,0x0d,0x0d,0x10,0x10,
    0x18,0x18,0x0a,0x0a,0x0a,0x0a,0x0a,0x0a,0x0a,0x0a,0x0a,0x0a,0x15,0x15,0x18,0x18,
    0x12,0x12,0x12,0x12,0x13,0x13,0x11,0x11,0x13,0x13,0x1e,0x1e,0x1c,0x1c,0x23,0x23,
    0x27,0x27,0x2c,0x2c,0x2c,0x2c,0x1e,0x1e,0x20,0x20,0x20,0x20,0x1e,0x1e,0x20,0x20,
    0x12,0x12,0x1c,0x1c,0x2c,0x2c,0x18,0x18,0x1f,0x1f,0x2e,0x2e,0x19,0x19,0x19,0x19,
    0x1a,0x1a,0x12,0x12,0x08,0x08,0x08,0x08,0x11,0x11,0x1f,0x1f,0x0a,0x0a,0x13,0x13,
    0x27,0x27,0x1e,0x1e,0x23,0x23,0x2c,0x2c,0x17,0x17,0x10,0x10,0x16,0x16,0x10,0x10,
    0x1a,0x1a,0x1b,0x1b,0x15,0x15,0x28,0x28,0x2b,0x2b,0x23,0x23,0x2c,0x2c,0x2c,0x2c,
    0x23,0x23,0x2c,0x2c,0x16,0x16,0x0f,0x0f,0x0b,0x0b,0x0f,0x0f,0x17,0x17,0x17,0x17,
    0x16,0x16,0x14,0x14,0x12,0x12,0x0e,0x0e,0x0f,0x0f,0x12,0x12,0x0e,0x0e,0x0e,0x0e,
    0x06,0x06,0x03,0x03,0x03,0x03,0x03,0x03,0x06,0x06,0x06,0x06,0x03,0x03,0x03,0x03,
    0x03,0x03,0x01,0x01,0x06,0x06,0x06,0x06,0x06,0x06,0x03,0x03,0x03,0x03,0x06,0x06,
    0x0b,0x0b,0x0c,0x0c,0x06,0x06,0x06,0x06,0x06,0x06,0x06,0x06,0x0c,0x0c,0x0f,0x0f,
    0x14,0x14,0x0e,0x0e,0x1a,0x1a,0x0e,0x0e,0x0c,0x0c,0x0e,0x0e,0x15,0x15,0x1c,0x1c,
    0x1d,0x1d,0x2c,0x2c,0x1d,0x1d,0x18,0x18,0x25,0x25,0x23,0x23,0x23,0x23,0x25,0x25,
    0x27,0x27,0x25,0x25,0x28,0x28,0x27,0x27,0x27,0x27,0x23,0x23,0x2b,0x2b,0x1a,0x1a,
    0x1a,0x1a,0x16,0x16,0x09,0x09,0x09,0x09,0x09,0x09,0x08,0x08,0x0a,0x0a,0x0a,0x0a,
    0x05,0x05,0x0a,0x0a,0x05,0x05,0x02,0x02,0x05,0x05,0x05,0x05,0x09,0x09,0x0a,0x0a,
    0x0d,0x0d,0x0a,0x0a,0x09,0x09,0x08,0x08,0x05,0x05,0x02,0x02,0x00,0x00,0x00,0x00,
    0x05,0x05,0x0d,0x0d,0x0d,0x0d,0x12,0x12,0x16,0x16,0x11,0x11,0x05,0x05,0x10,0x10,
    0x20,0x20,0x18,0x18,0x0d,0x0d,0x13,0x13,0x1f,0x1f,0x0a,0x0a,0x0d,0x0d,0x14,0x14,
    0x0a,0x0a,0x09,0x09,0x0e,0x0e,0x07,0x07,0x04,0x04,0x07,0x07,0x08,0x08,0x0f,0x0f,
    0x14,0x14,0x0c,0x0c,0x1d,0x1d,0x1c,0x1c,0x12,0x12,0x12,0x12,0x12,0x12,0x1d,0x1d,
    0x2c,0x2c,0x25,0x25,0x18,0x18,0x1a,0x1a,0x12,0x12,0x18,0x18,0x14,0x14,0x17,0x17,
    0x14,0x14,0x22,0x22,0x23,0x23,0x23,0x23,0x23,0x23,0x20,0x20,0x28,0x28,0x16,0x16,
    0x17,0x17,0x28,0x28,0x23,0x23,0x23,0x23,0x28,0x28,0x23,0x23,0x23,0x23,0x28,0x28,
    0x2c,0x2c,0x23,0x23,0x23,0x23,0x27,0x27,0x23,0x23,0x23,0x23,0x23,0x23,0x23,0x23,
    0x23,0x23,0x2c,0x2c,0x1b,0x1b,0x18,0x18,0x16,0x16,0x1a,0x1a,0x1b,0x1b,0x18,0x18,
    0x23,0x23,0x16,0x16,0x14,0x14,0x0f,0x0f,0x0b,0x0b,0x02,0x02,0x04,0x04,0x04,0x04,
    0x07,0x07,0x0e,0x0e,0x0c,0x0c,0x0c,0x0c,0x08,0x08,0x04,0x04,0x04,0x04,0x08,0x08,
    0x0b,0x0b,0x0f,0x0f,0x16,0x16,0x0d,0x0d,0x0c,0x0c,0x0b,0x0b,0x08,0x08,0x09,0x09,
    0x08,0x08,0x02,0x02,0x05,0x05,0x09,0x09,0x08,0x08,0x09,0x09,0x05,0x05,0x05,0x05,
    0x0a,0x0a,0x05,0x05,0x05,0x05,0x00,0x00,0x10,0x10,0x10,0x10,0x0d,0x0d,0x10,0x10,
    0x18,0x18,0x0a,0x0a,0x0a,0x0a,0x0a,0x0a,0x0a,0x0a,0x0a,0x0a,0x15,0x15,0x18,0x18,
    0x12,0x12,0x12,0x12,0x13,0x13,0x11,0x11,0x13,0x13,0x1e,0x1e,0x1c,0x1c,0x23,0x23,
    0x27,0x27,0x2c,0x2c,0x2c,0x2c,0x1e,0x1e,0x20,0x20,0x20,0x20,0x1e,0x1e,0x20,0x20,
    0x12,0x12,0x1c,0x1c,0x2c,0x2c,0x18,0x18,0x1f,0x1f,0x2e,0x2e,0x19,0x19,0x19,0x19,
    0x1b,0x1b,0x0d,0x0d,0x10,0x10,0x0a,0x0a,0x10,0x10,0x14,0x14,0x11,0x11,0x13,0x13,
    0x1c,0x1c,0x2f,0x2f,0x25,0x25,0x2b,0x2b,0x1a,0x1a,0x1a,0x1a,0x22,0x22,0x13,0x13,
    0x1e,0x1e,0x23,0x23,0x1e,0x1e,0x25,0x25,0x23,0x23,0x2c,0x2c,0x1d,0x1d,0x1b,0x1b,
    0x1d,0x1d,0x1f,0x1f,0x16,0x16,0x0f,0x0f,0x0c,0x0c,0x0e,0x0e,0x12,0x12,0x14,0x14,
    0x16,0x16,0x14,0x14,0x0f,0x0f,0x0b,0x0b,0x0e,0x0e,0x0b,0x0b,0x0b,0x0b,0x0b,0x0b,
    0x0b,0x0b,0x0b,0x0b,0x06,0x06,0x06,0x06,0x03,0x03,0x03,0x03,0x03,0x03,0x03,0x03,
    0x03,0x03,0x03,0x03,0x06,0x06,0x0e,0x0e,0x0b,0x0b,0x06,0x06,0x06,0x06,0x06,0x06,
    0x07,0x07,0x07,0x07,0x0b,0x0b,0x0c,0x0c,0x0b,0x0b,0x14,0x14,0x0f,0x0f,0x0b,0x0b,
    0x0f,0x0f,0x1c,0x1c,0x14,0x14,0x1a,0x1a,0x0f,0x0f,0x17,0x17,0x15,0x15,0x0f,0x0f,
    0x1b,0x1b,0x25,0x25,0x18,0x18,0x1a,0x1a,0x17,0x17,0x23,0x23,0x23,0x23,0x28,0x28,
    0x28,0x28,0x23,0x23,0x23,0x23,0x23,0x23,0x2b,0x2b,0x22,0x22,0x25,0x25,0x1a,0x1a,
    0x1b,0x1b,0x13,0x13,0x09,0x09,0x1a,0x1a,0x10,0x10,0x0d,0x0d,0x09,0x09,0x09,0x09,
    0x09,0x09,0x05,0x05,0x02,0x02,0x05,0x05,0x02,0x02,0x05,0x05,0x05,0x05,0x02,0x02,
    0x05,0x05,0x09,0x09,0x05,0x05,0x05,0x05,0x02,0x02,0x02,0x02,0x00,0x00,0x00,0x00,
    0x02,0x02,0x05,0x05,0x08,0x08,0x08,0x08,0x10,0x10,0x19,0x19,0x11,0x11,0x10,0x10,
    0x1a,0x1a,0x0d,0x0d,0x05,0x05,0x10,0x10,0x10,0x10,0x05,0x05,0x05,0x05,0x0d,0x0d,
    0x0d,0x0d,0x0e,0x0e,0x0b,0x0b,0x07,0x07,0x0b,0x0b,0x07,0x07,0x02,0x02,0x07,0x07,
    0x0f,0x0f,0x07,0x07,0x16,0x16,0x0e,0x0e,0x12,0x12,0x0c,0x0c,0x1f,0x1f,0x26,0x26,
    0x18,0x18,0x1f,0x1f,0x14,0x14,0x16,0x16,0x0e,0x0e,0x0e,0x0e,0x18,0x18,0x16,0x16,
    0x1b,0x1b,0x18,0x18,0x23,0x23,0x23,0x23,0x23,0x23,0x23,0x23,0x28,0x28,0x1d,0x1d,
    0x14,0x14,0x1d,0x1d,0x2b,0x2b,0x23,0x23,0x2b,0x2b,0x23,0x23,0x28,0x28,0x1f,0x1f,
    0x1a,0x1a,0x2b,0x2b,0x23,0x23,0x28,0x28,0x23,0x23,0x23,0x23,0x25,0x25,0x23,0x23,
    0x28,0x28,0x22,0x22,0x22,0x22,0x18,0x18,0x1d,0x1d,0x1b,0x1b,0x17,0x17,0x0e,0x0e,
    0x16,0x16,0x16,0x16,0x0c,0x0c,0x0e,0x0e,0x07,0x07,0x04,0x04,0x06,0x06,0x0b,0x0b,
    0x08,0x08,0x07,0x07,0x0c,0x0c,0x0b,0x0b,0x07,0x07,0x08,0x08,0x07,0x07,0x0c,0x0c,
    0x0f,0x0f,0x0b,0x0b,0x14,0x14,0x17,0x17,0x0e,0x0e,0x08,0x08,0x07,0x07,0x0d,0x0d,
    0x05,0x05,0x05,0x05,0x09,0x09,0x05,0x05,0x0a,0x0a,0x05,0x05,0x05,0x05,0x0d,0x0d,
    0x09,0x09,0x05,0x05,0x05,0x05,0x05,0x05,0x05,0x05,0x0d,0x0d,0x13,0x13,0x12,0x12,
    0x12,0x12,0x12,0x12,0x11,0x11,0x0d,0x0d,0x09,0x09,0x0d,0x0d,0x15,0x15,0x15,0x15,
    0x18,0x18,0x13,0x13,0x13,0x13,0x12,0x12,0x15,0x15,0x2b,0x2b,0x2e,0x2e,0x23,0x23,
    0x2b,0x2b,0x23,0x23,0x23,0x23,0x2c,0x2c,0x23,0x23,0x2c,0x2c,0x1a,0x1a,0x1a,0x1a,
    0x2c,0x2c,0x25,0x25,0x25,0x25,0x22,0x22,0x23,0x23,0x2f,0x2f,0x18,0x18,0x20,0x20,
    0x1b,0x1b,0x0d,0x0d,0x10,0x10,0x0a,0x0a,0x10,0x10,0x14,0x14,0x11,0x11,0x13,0x13,
    0x1c,0x1c,0x2f,0x2f,0x25,0x25,0x2b,0x2b,0x1a,0x1a,0x1a,0x1a,0x22,0x22,0x13,0x13,
    0x1e,0x1e,0x23,0x23,0x1e,0x1e,0x25,0x25,0x23,0x23,0x2c,0x2c,0x1d,0x1d,0x1b,0x1b,
    0x1d,0x1d,0x1f,0x1f,0x16,0x16,0x0f,0x0f,0x0c,0x0c,0x0e,0x0e,0x12,0x12,0x14,0x14,
    0x16,0x16,0x14,0x14,0x0f,0x0f,0x0b,0x0b,0x0e,0x0e,0x0b,0x0b,0x0b,0x0b,0x0b,0x0b,
    0x0b,0x0b,0x0b,0x0b,0x06,0x06,0x06,0x06,0x03,0x03,0x03,0x03,0x03,0x03,0x03,0x03,
    0x03,0x03,0x03,0x03,0x06,0x06,0x0e,0x0e,0x0b,0x0b,0x06,0x06,0x06,0x06,0x06,0x06,
    0x07,0x07,0x07,0x07,0x0b,0x0b,0x0c,0x0c,0x0b,0x0b,0x14,0x14,0x0f,0x0f,0x0b,0x0b,
    0x0f,0x0f,0x1c,0x1c,0x14,0x14,0x1a,0x1a,0x0f,0x0f,0x17,0x17,0x15,0x15,0x0f,0x0f,
    0x1b,0x1b,0x25,0x25,0x18,0x18,0x1a,0x1a,0x17,0x17,0x23,0x23,0x23,0x23,0x28,0x28,
    0x28,0x28,0x23,0x23,0x23,0x23,0x23,0x23,0x2b,0x2b,0x22,0x22,0x25,0x25,0x1a,0x1a,
    0x1b,0x1b,0x13,0x13,0x09,0x09,0x1a,0x1a,0x10,0x10,0x0d,0x0d,0x09,0x09,0x09,0x09,
    0x09,0x09,0x05,0x05,0x02,0x02,0x05,0x05,0x02,0x02,0x05,0x05,0x05,0x05,0x02,0x02,
    0x05,0x05,0x09,0x09,0x05,0x05,0x05,0x05,0x02,0x02,0x02,0x02,0x00,0x00,0x00,0x00,
    0x02,0x02,0x05,0x05,0x08,0x08,0x08,0x08,0x10,0x10,0x19,0x19,0x11,0x11,0x10,0x10,
    0x1a,0x1a,0x0d,0x0d,0x05,0x05,0x10,0x10,0x10,0x10,0x05,0x05,0x05,0x05,0x0d,0x0d,
    0x0d,0x0d,0x0e,0x0e,0x0b,0x0b,0x07,0x07,0x0b,0x0b,0x07,0x07,0x02,0x02,0x07,0x07,
    0x0f,0x0f,0x07,0x07,0x16,0x16,0x0e,0x0e,0x12,0x12,0x0c,0x0c,0x1f,0x1f,0x26,0x26,
    0x18,0x18,0x1f,0x1f,0x14,0x14,0x16,0x16,0x0e,0x0e,0x0e,0x0e,0x18,0x18,0x16,0x16,
    0x1b,0x1b,0x18,0x18,0x23,0x23,0x23,0x23,0x23,0x23,0x23,0x23,0x28,0x28,0x1d,0x1d,
    0x14,0x14,0x1d,0x1d,0x2b,0x2b,0x23,0x23,0x2b,0x2b,0x23,0x23,0x28,0x28,0x1f,0x1f,
    0x1a,0x1a,0x2b,0x2b,0x23,0x23,0x28,0x28,0x23,0x23,0x23,0x23,0x25,0x25,0x23,0x23,
    0x28,0x28,0x22,0x22,0x22,0x22,0x18,0x18,0x1d,0x1d,0x1b,0x1b,0x17,0x17,0x0e,0x0e,
    0x16,0x16,0x16,0x16,0x0c,0x0c,0x0e,0x0e,0x07,0x07,0x04,0x04,0x06,0x06,0x0b,0x0b,
    0x08,0x08,0x07,0x07,0x0c,0x0c,0x0b,0x0b,0x07,0x07,0x08,0x08,0x07,0x07,0x0c,0x0c,
    0x0f,0x0f,0x0b,0x0b,0x14,0x14,0x17,0x17,0x0e,0x0e,0x08,0x08,0x07,0x07,0x0d,0x0d,
    0x05,0x05,0x05,0x05,0x09,0x09,0x05,0x05,0x0a,0x0a,0x05,0x05,0x05,0x05,0x0d,0x0d,
    0x09,0x09,0x05,0x05,0x05,0x05,0x05,0x05,0x05,0x05,0x0d,0x0d,0x13,0x13,0x12,0x12,
    0x12,0x12,0x12,0x12,0x11,0x11,0x0d,0x0d,0x09,0x09,0x0d,0x0d,0x15,0x15,0x15,0x15,
    0x18,0x18,0x13,0x13,0x13,0x13,0x12,0x12,0x15,0x15,0x2b,0x2b,0x2e,0x2e,0x23,0x23,
    0x2b,0x2b,0x23,0x23,0x23,0x23,0x2c,0x2c,0x23,0x23,0x2c,0x2c,0x1a,0x1a,0x1a,0x1a,
    0x2c,0x2c,0x25,0x25,0x25,0x25,0x22,0x22,0x23,0x23,0x2f,0x2f,0x18,0x18,0x20,0x20,
    0x0d,0x0d,0x08,0x08,0x18,0x18,0x1c,0x1c,0x18,0x18,0x10,0x10,0x15,0x15,0x15,0x15,
    0x1a,0x1a,0x13,0x13,0x23,0x23,0x2c,0x2c,0x2e,0x2e,0x22,0x22,0x20,0x20,0x2f,0x2f,
    0x25,0x25,0x2b,0x2b,0x26,0x26,0x23,0x23,0x2a,0x2a,0x2b,0x2b,0x1c,0x1c,0x1c,0x1c,
    0x16,0x16,0x14,0x14,0x17,0x17,0x18,0x18,0x0f,0x0f,0x0c,0x0c,0x0c,0x0c,0x0e,0x0e,
    0x12,0x12,0x0e,0x0e,0x0c,0x0c,0x06,0x06,0x07,0x07,0x06,0x06,0x0b,0x0b,0x0b,0x0b,
    0x14,0x14,0x0f,0x0f,0x0e,0x0e,0x0b,0x0b,0x06,0x06,0x03,0x03,0x03,0x03,0x03,0x03,
    0x03,0x03,0x07,0x07,0x0c,0x0c,0x0e,0x0e,0x0e,0x0e,0x0b,0x0b,0x0b,0x0b,0x06,0x06,
    0x06,0x06,0x0c,0x0c,0x0f,0x0f,0x0c,0x0c,0x12,0x12,0x17,0x17,0x14,0x14,0x07,0x07,
    0x0b,0x0b,0x18,0x18,0x18,0x18,0x23,0x23,0x1d,0x1d,0x1b,0x1b,0x0f,0x0f,0x0e,0x0e,
    0x14,0x14,0x1b,0x1b,0x12,0x12,0x1b,0x1b,0x17,0x17,0x23,0x23,0x23,0x23,0x23,0x23,
    0x28,0x28,0x28,0x28,0x23,0x23,0x23,0x23,0x1f,0x1f,0x23,0x23,0x25,0x25,0x25,0x25,
    0x2c,0x2c,0x20,0x20,0x1a,0x1a,0x2e,0x2e,0x1a,0x1a,0x10,0x10,0x09,0x09,0x09,0x09,
    0x09,0x09,0x02,0x02,0x10,0x10,0x0a,0x0a,0x00,0x00,0x02,0x02,0x02,0x02,0x00,0x00,
    0x05,0x05,0x05,0x05,0x02,0x02,0x00,0x00,0x02,0x02,0x09,0x09,0x01,0x01,0x00,0x00,
    0x00,0x00,0x01,0x01,0x05,0x05,0x02,0x02,0x10,0x10,0x11,0x11,0x18,0x18,0x0d,0x0d,
    0x15,0x15,0x0d,0x0d,0x05,0x05,0x04,0x04,0x01,0x01,0x05,0x05,0x08,0x08,0x08,0x08,
    0x05,0x05,0x0c,0x0c,0x0e,0x0e,0x0e,0x0e,0x0e,0x0e,0x0c,0x0c,0x07,0x07,0x02,0x02,
    0x07,0x07,0x0b,0x0b,0x08,0x08,0x0c,0x0c,0x0b,0x0b,0x12,0x12,0x0f,0x0f,0x12,0x12,
    0x1a,0x1a,0x1a,0x1a,0x14,0x14,0x14,0x14,0x0f,0x0f,0x0b,0x0b,0x14,0x14,0x18,0x18,
    0x17,0x17,0x1a,0x1a,0x2c,0x2c,0x23,0x23,0x2c,0x2c,0x1c,0x1c,0x1a,0x1a,0x26,0x26,
    0x1f,0x1f,0x22,0x22,0x23,0x23,0x23,0x23,0x23,0x23,0x23,0x23,0x28,0x28,0x1f,0x1f,
    0x1b,0x1b,0x28,0x28,0x23,0x23,0x27,0x27,0x27,0x27,0x1f,0x1f,0x1d,0x1d,0x23,0x23,
    0x23,0x23,0x23,0x23,0x25,0x25,0x28,0x28,0x2b,0x2b,0x1d,0x1d,0x16,0x16,0x0c,0x0c,
    0x0e,0x0e,0x0f,0x0f,0x0b,0x0b,0x07,0x07,0x04,0x04,0x0b,0x0b,0x07,0x07,0x0b,0x0b,
    0x0c,0x0c,0x06,0x06,0x06,0x06,0x14,0x14,0x14,0x14,0x0b,0x0b,0x0e,0x0e,0x17,0x17,
    0x0c,0x0c,0x08,0x08,0x0b,0x0b,0x16,0x16,0x0f,0x0f,0x0b,0x0b,0x05,0x05,0x07,0x07,
    0x08,0x08,0x08,0x08,0x09,0x09,0x09,0x09,0x0a,0x0a,0x0d,0x0d,0x0a,0x0a,0x0d,0x0d,
    0x05,0x05,0x0a,0x0a,0x11,0x11,0x10,0x10,0x09,0x09,0x05,0x05,0x15,0x15,0x11,0x11,
    0x09,0x09,0x19,0x19,0x15,0x15,0x0a,0x0a,0x0a,0x0a,0x0a,0x0a,0x10,0x10,0x10,0x10,
    0x20,0x20,0x2a,0x2a,0x13,0x13,0x16,0x16,0x18,0x18,0x1c,0x1c,0x18,0x18,0x25,0x25,
    0x2a,0x2a,0x28,0x28,0x2b,0x2b,0x23,0x23,0x28,0x28,0x23,0x23,0x25,0x25,0x25,0x25,
    0x22,0x22,0x23,0x23,0x25,0x25,0x2c,0x2c,0x27,0x27,0x1e,0x1e,0x19,0x19,0x11,0x11,
    0x0d,0x0d,0x08,0x08,0x18,0x18,0x1c,0x1c,0x18,0x18,0x10,0x10,0x15,0x15,0x15,0x15,
    0x1a,0x1a,0x13,0x13,0x23,0x23,0x2c,0x2c,0x2e,0x2e,0x22,0x22,0x20,0x20,0x2f,0x2f,
    0x25,0x25,0x2b,0x2b,0x26,0x26,0x23,0x23,0x2a,0x2a,0x2b,0x2b,0x1c,0x1c,0x1c,0x1c,
    0x16,0x16,0x14,0x14,0x17,0x17,0x18,0x18,0x0f,0x0f,0x0c,0x0c,0x0c,0x0c,0x0e,0x0e,
    0x12,0x12,0x0e,0x0e,0x0c,0x0c,0x06,0x06,0x07,0x07,0x06,0x06,0x0b,0x0b,0x0b,0x0b,
    0x14,0x14,0x0f,0x0f,0x0e,0x0e,0x0b,0x0b,0x06,0x06,0x03,0x03,0x03,0x03,0x03,0x03,
    0x03,0x03,0x07,0x07,0x0c,0x0c,0x0e,0x0e,0x0e,0x0e,0x0b,0x0b,0x0b,0x0b,0x06,0x06,
    0x06,0x06,0x0c,0x0c,0x0f,0x0f,0x0c,0x0c,0x12,0x12,0x17,0x17,0x14,0x14,0x07,0x07,
    0x0b,0x0b,0x18,0x18,0x18,0x18,0x23,0x23,0x1d,0x1d,0x1b,0x1b,0x0f,0x0f,0x0e,0x0e,
    0x14,0x14,0x1b,0x1b,0x12,0x12,0x1b,0x1b,0x17,0x17,0x23,0x23,0x23,0x23,0x23,0x23,
    0x28,0x28,0x28,0x28,0x23,0x23,0x23,0x23,0x1f,0x1f,0x23,0x23,0x25,0x25,0x25,0x25,
    0x2c,0x2c,0x20,0x20,0x1a,0x1a,0x2e,0x2e,0x1a,0x1a,0x10,0x10,0x09,0x09,0x09,0x09,
    0x09,0x09,0x02,0x02,0x10,0x10,0x0a,0x0a,0x00,0x00,0x02,0x02,0x02,0x02,0x00,0x00,
    0x05,0x05,0x05,0x05,0x02,0x02,0x00,0x00,0x02,0x02,0x09,0x09,0x01,0x01,0x00,0x00,
    0x00,0x00,0x01,0x01,0x05,0x05,0x02,0x02,0x10,0x10,0x11,0x11,0x18,0x18,0x0d,0x0d,
    0x15,0x15,0x0d,0x0d,0x05,0x05,0x04,0x04,0x01,0x01,0x05,0x05,0x08,0x08,0x08,0x08,
    0x05,0x05,0x0c,0x0c,0x0e,0x0e,0x0e,0x0e,0x0e,0x0e,0x0c,0x0c,0x07,0x07,0x02,0x02,
    0x07,0x07,0x0b,0x0b,0x08,0x08,0x0c,0x0c,0x0b,0x0b,0x12,0x12,0x0f,0x0f,0x12,0x12,
    0x1a,0x1a,0x1a,0x1a,0x14,0x14,0x14,0x14,0x0f,0x0f,0x0b,0x0b,0x14,0x14,0x18,0x18,
    0x17,0x17,0x1a,0x1a,0x2c,0x2c,0x23,0x23,0x2c,0x2c,0x1c,0x1c,0x1a,0x1a,0x26,0x26,
    0x1f,0x1f,0x22,0x22,0x23,0x23,0x23,0x23,0x23,0x23,0x23,0x23,0x28,0x28,0x1f,0x1f,
    0x1b,0x1b,0x28,0x28,0x23,0x23,0x27,0x27,0x27,0x27,0x1f,0x1f,0x1d,0x1d,0x23,0x23,
    0x23,0x23,0x23,0x23,0x25,0x25,0x28,0x28,0x2b,0x2b,0x1d,0x1d,0x16,0x16,0x0c,0x0c,
    0x0e,0x0e,0x0f,0x0f,0x0b,0x0b,0x07,0x07,0x04,0x04,0x0b,0x0b,0x07,0x07,0x0b,0x0b,
    0x0c,0x0c,0x06,0x06,0x06,0x06,0x14,0x14,0x14,0x14,0x0b,0x0b,0x0e,0x0e,0x17,0x17,
    0x0c,0x0c,0x08,0x08,0x0b,0x0b,0x16,0x16,0x0f,0x0f,0x0b,0x0b,0x05,0x05,0x07,0x07,
    0x08,0x08,0x08,0x08,0x09,0x09,0x09,0x09,0x0a,0x0a,0x0d,0x0d,0x0a,0x0a,0x0d,0x0d,
    0x05,0x05,0x0a,0x0a,0x11,0x11,0x10,0x10,0x09,0x09,0x05,0x05,0x15,0x15,0x11,0x11,
    0x09,0x09,0x19,0x19,0x15,0x15,0x0a,0x0a,0x0a,0x0a,0x0a,0x0a,0x10,0x10,0x10,0x10,
    0x20,0x20,0x2a,0x2a,0x13,0x13,0x16,0x16,0x18,0x18,0x1c,0x1c,0x18,0x18,0x25,0x25,
    0x2a,0x2a,0x28,0x28,0x2b,0x2b,0x23,0x23,0x28,0x28,0x23,0x23,0x25,0x25,0x25,0x25,
    0x22,0x22,0x23,0x23,0x25,0x25,0x2c,0x2c,0x27,0x27,0x1e,0x1e,0x19,0x19,0x11,0x11,
    0x0a,0x0a,0x08,0x08,0x10,0x10,0x15,0x15,0x1e,0x1e,0x11,0x11,0x15,0x15,0x11,0x11,
    0x18,0x18,0x1a,0x1a,0x2b,0x2b,0x2b,0x2b,0x28,0x28,0x2b,0x2b,0x2b,0x2b,0x23,0x23,
    0x2b,0x2b,0x23,0x23,0x23,0x23,0x23,0x23,0x2b,0x2b,0x1d,0x1d,0x17,0x17,0x16,0x16,
    0x0c,0x0c,0x0e,0x0e,0x0f,0x0f,0x0e,0x0e,0x0f,0x0f,0x16,0x16,0x0b,0x0b,0x06,0x06,
    0x07,0x07,0x0c,0x0c,0x06,0x06,0x03,0x03,0x07,0x07,0x07,0x07,0x0b,0x0b,0x12,0x12,
    0x14,0x14,0x0c,0x0c,0x0e,0x0e,0x0c,0x0c,0x06,0x06,0x03,0x03,0x03,0x03,0x06,0x06,
    0x03,0x03,0x06,0x06,0x0b,0x0b,0x0c,0x0c,0x0e,0x0e,0x0e,0x0e,0x0b,0x0b,0x06,0x06,
    0x06,0x06,0x0b,0x0b,0x0e,0x0e,0x0f,0x0f,0x0f,0x0f,0x17,0x17,0x0f,0x0f,0x12,0x12,
    0x17,0x17,0x17,0x17,0x2f,0x2f,0x22,0x22,0x18,0x18,0x18,0x18,0x14,0x14,0x14,0x14,
    0x1d,0x1d,0x1b,0x1b,0x1f,0x1f,0x1d,0x1d,0x23,0x23,0x28,0x28,0x23,0x23,0x23,0x23,
    0x23,0x23,0x23,0x23,0x23,0x23,0x2c,0x2c,0x16,0x16,0x1b,0x1b,0x1c,0x1c,0x23,0x23,
    0x23,0x23,0x25,0x25,0x2f,0x2f,0x1c,0x1c,0x11,0x11,0x05,0x05,0x02,0x02,0x05,0x05,
    0x14,0x14,0x10,0x10,0x20,0x20,0x10,0x10,0x02,0x02,0x05,0x05,0x00,0x00,0x00,0x00,
    0x00,0x00,0x00,0x00,0x00,0x00,0x02,0x02,0x09,0x09,0x09,0x09,0x05,0x05,0x02,0x02,
    0x02,0x02,0x0a,0x0a,0x08,0x08,0x02,0x02,0x04,0x04,0x08,0x08,0x09,0x09,0x0a,0x0a,
    0x0a,0x0a,0x04,0x04,0x04,0x04,0x01,0x01,0x02,0x02,0x05,0x05,0x05,0x05,0x08,0x08,
    0x0d,0x0d,0x0e,0x0e,0x0e,0x0e,0x0c,0x0c,0x0c,0x0c,0x0c,0x0c,0x0e,0x0e,0x04,0x04,
    0x04,0x04,0x0c,0x0c,0x04,0x04,0x04,0x04,0x06,0x06,0x0c,0x0c,0x0c,0x0c,0x0c,0x0c,
    0x15,0x15,0x16,0x16,0x0f,0x0f,0x0c,0x0c,0x0c,0x0c,0x06,0x06,0x0c,0x0c,0x18,0x18,
    0x0f,0x0f,0x1b,0x1b,0x28,0x28,0x23,0x23,0x1f,0x1f,0x1d,0x1d,0x1f,0x1f,0x25,0x25,
    0x25,0x25,0x28,0x28,0x23,0x23,0x23,0x23,0x23,0x23,0x23,0x23,0x23,0x23,0x28,0x28,
    0x2c,0x2c,0x23,0x23,0x27,0x27,0x28,0x28,0x20,0x20,0x15,0x15,0x18,0x18,0x2b,0x2b,
    0x23,0x23,0x23,0x23,0x23,0x23,0x23,0x23,0x1d,0x1d,0x16,0x16,0x0e,0x0e,0x0e,0x0e,
    0x0e,0x0e,0x07,0x07,0x07,0x07,0x06,0x06,0x0b,0x0b,0x0c,0x0c,0x0e,0x0e,0x0f,0x0f,
    0x0b,0x0b,0x0c,0x0c,0x0b,0x0b,0x0c,0x0c,0x1a,0x1a,0x0f,0x0f,0x14,0x14,0x2f,0x2f,
    0x0f,0x0f,0x0c,0x0c,0x0c,0x0c,0x0e,0x0e,0x07,0x07,0x07,0x07,0x04,0x04,0x08,0x08,
    0x0d,0x0d,0x0a,0x0a,0x09,0x09,0x10,0x10,0x09,0x09,0x09,0x09,0x10,0x10,0x15,0x15,
    0x10,0x10,0x10,0x10,0x10,0x10,0x10,0x10,0x0a,0x0a,0x09,0x09,0x13,0x13,0x0d,0x0d,
    0x11,0x11,0x1b,0x1b,0x19,0x19,0x18,0x18,0x11,0x11,0x09,0x09,0x16,0x16,0x20,0x20,
    0x15,0x15,0x2f,0x2f,0x1c,0x1c,0x1d,0x1d,0x0a,0x0a,0x12,0x12,0x1f,0x1f,0x23,0x23,
    0x27,0x27,0x2a,0x2a,0x23,0x23,0x23,0x23,0x27,0x27,0x23,0x23,0x23,0x23,0x27,0x27,
    0x2a,0x2a,0x25,0x25,0x23,0x23,0x2c,0x2c,0x20,0x20,0x1e,0x1e,0x1c,0x1c,0x10,0x10,
    0x0a,0x0a,0x08,0x08,0x10,0x10,0x15,0x15,0x1e,0x1e,0x11,0x11,0x15,0x15,0x11,0x11,
    0x18,0x18,0x1a,0x1a,0x2b,0x2b,0x2b,0x2b,0x28,0x28,0x2b,0x2b,0x2b,0x2b,0x23,0x23,
    0x2b,0x2b,0x23,0x23,0x23,0x23,0x23,0x23,0x2b,0x2b,0x1d,0x1d,0x17,0x17,0x16,0x16,
    0x0c,0x0c,0x0e,0x0e,0x0f,0x0f,0x0e,0x0e,0x0f,0x0f,0x16,0x16,0x0b,0x0b,0x06,0x06,
    0x07,0x07,0x0c,0x0c,0x06,0x06,0x03,0x03,0x07,0x07,0x07,0x07,0x0b,0x0b,0x12,0x12,
    0x14,0x14,0x0c,0x0c,0x0e,0x0e,0x0c,0x0c,0x06,0x06,0x03,0x03,0x03,0x03,0x06,0x06,
    0x03,0x03,0x06,0x06,0x0b,0x0b,0x0c,0x0c,0x0e,0x0e,0x0e,0x0e,0x0b,0x0b,0x06,0x06,
    0x06,0x06,0x0b,0x0b,0x0e,0x0e,0x0f,0x0f,0x0f,0x0f,0x17,0x17,0x0f,0x0f,0x12,0x12,
    0x17,0x17,0x17,0x17,0x2f,0x2f,0x22,0x22,0x18,0x18,0x18,0x18,0x14,0x14,0x14,0x14,
    0x1d,0x1d,0x1b,0x1b,0x1f,0x1f,0x1d,0x1d,0x23,0x23,0x28,0x28,0x23,0x23,0x23,0x23,
    0x23,0x23,0x23,0x23,0x23,0x23,0x2c,0x2c,0x16,0x16,0x1b,0x1b,0x1c,0x1c,0x23,0x23,
    0x23,0x23,0x25,0x25,0x2f,0x2f,0x1c,0x1c,0x11,0x11,0x05,0x05,0x02,0x02,0x05,0x05,
    0x14,0x14,0x10,0x10,0x20,0x20,0x10,0x10,0x02,0x02,0x05,0x05,0x00,0x00,0x00,0x00,
    0x00,0x00,0x00,0x00,0x00,0x00,0x02,0x02,0x09,0x09,0x09,0x09,0x05,0x05,0x02,0x02,
    0x02,0x02,0x0a,0x0a,0x08,0x08,0x02,0x02,0x04,0x04,0x08,0x08,0x09,0x09,0x0a,0x0a,
    0x0a,0x0a,0x04,0x04,0x04,0x04,0x01,0x01,0x02,0x02,0x05,0x05,0x05,0x05,0x08,0x08,
    0x0d,0x0d,0x0e,0x0e,0x0e,0x0e,0x0c,0x0c,0x0c,0x0c,0x0c,0x0c,0x0e,0x0e,0x04,0x04,
    0x04,0x04,0x0c,0x0c,0x04,0x04,0x04,0x04,0x06,0x06,0x0c,0x0c,0x0c,0x0c,0x0c,0x0c,
    0x15,0x15,0x16,0x16,0x0f,0x0f,0x0c,0x0c,0x0c,0x0c,0x06,0x06,0x0c,0x0c,0x18,0x18,
    0x0f,0x0f,0x1b,0x1b,0x28,0x28,0x23,0x23,0x1f,0x1f,0x1d,0x1d,0x1f,0x1f,0x25,0x25,
    0x25,0x25,0x28,0x28,0x23,0x23,0x23,0x23,0x23,0x23,0x23,0x23,0x23,0x23,0x28,0x28,
    0x2c,0x2c,0x23,0x23,0x27,0x27,0x28,0x28,0x20,0x20,0x15,0x15,0x18,0x18,0x2b,0x2b,
    0x23,0x23,0x23,0x23,0x23,0x23,0x23,0x23,0x1d,0x1d,0x16,0x16,0x0e,0x0e,0x0e,0x0e,
    0x0e,0x0e,0x07,0x07,0x07,0x07,0x06,0x06,0x0b,0x0b,0x0c,0x0c,0x0e,0x0e,0x0f,0x0f,
    0x0b,0x0b,0x0c,0x0c,0x0b,0x0b,0x0c,0x0c,0x1a,0x1a,0x0f,0x0f,0x14,0x14,0x2f,0x2f,
    0x0f,0x0f,0x0c,0x0c,0x0c,0x0c,0x0e,0x0e,0x07,0x07,0x07,0x07,0x04,0x04,0x08,0x08,
    0x0d,0x0d,0x0a,0x0a,0x09,0x09,0x10,0x10,0x09,0x09,0x09,0x09,0x10,0x10,0x15,0x15,
    0x10,0x10,0x10,0x10,0x10,0x10,0x10,0x10,0x0a,0x0a,0x09,0x09,0x13,0x13,0x0d,0x0d,
    0x11,0x11,0x1b,0x1b,0x19,0x19,0x18,0x18,0x11,0x11,0x09,0x09,0x16,0x16,0x20,0x20,
    0x15,0x15,0x2f,0x2f,0x1c,0x1c,0x1d,0x1d,0x0a,0x0a,0x12,0x12,0x1f,0x1f,0x23,0x23,
    0x27,0x27,0x2a,0x2a,0x23,0x23,0x23,0x23,0x27,0x27,0x23,0x23,0x23,0x23,0x27,0x27,
    0x2a,0x2a,0x25,0x25,0x23,0x23,0x2c,0x2c,0x20,0x20,0x1e,0x1e,0x1c,0x1c,0x10,0x10,
    0x1a,0x1a,0x0d,0x0d,0x11,0x11,0x18,0x18,0x23,0x23,0x19,0x19,0x13,0x13,0x18,0x18,
    0x1c,0x1c,0x16,0x16,0x2b,0x2b,0x2b,0x2b,0x25,0x25,0x2b,0x2b,0x2b,0x2b,0x25,0x25,
    0x28,0x28,0x25,0x25,0x2b,0x2b,0x2c,0x2c,0x25,0x25,0x2c,0x2c,0x1d,0x1d,0x14,0x14,
    0x0f,0x0f,0x0f,0x0f,0x0e,0x0e,0x0c,0x0c,0x0c,0x0c,0x0e,0x0e,0x0e,0x0e,0x06,0x06,
    0x07,0x07,0x06,0x06,0x03,0x03,0x06,0x06,0x0b,0x0b,0x07,0x07,0x0f,0x0f,0x0f,0x0f,
    0x0b,0x0b,0x0b,0x0b,0x0b,0x0b,0x06,0x06,0x06,0x06,0x06,0x06,0x06,0x06,0x0b,0x0b,
    0x06,0x06,0x06,0x06,0x0b,0x0b,0x0e,0x0e,0x0f,0x0f,0x0f,0x0f,0x0e,0x0e,0x0e,0x0e,
    0x06,0x06,0x06,0x06,0x0b,0x0b,0x14,0x14,0x14,0x14,0x22,0x22,0x16,0x16,0x1b,0x1b,
    0x2e,0x2e,0x23,0x23,0x23,0x23,0x2c,0x2c,0x25,0x25,0x2c,0x2c,0x1a,0x1a,0x17,0x17,
    0x24,0x24,0x17,0x17,0x1b,0x1b,0x2c,0x2c,0x23,0x23,0x23,0x23,0x23,0x23,0x25,0x25,
    0x27,0x27,0x23,0x23,0x23,0x23,0x23,0x23,0x25,0x25,0x17,0x17,0x15,0x15,0x2b,0x2b,
    0x23,0x23,0x23,0x23,0x2f,0x2f,0x15,0x15,0x11,0x11,0x15,0x15,0x05,0x05,0x09,0x09,
    0x11,0x11,0x15,0x15,0x13,0x13,0x15,0x15,0x09,0x09,0x09,0x09,0x00,0x00,0x00,0x00,
    0x00,0x00,0x00,0x00,0x00,0x00,0x05,0x05,0x09,0x09,0x09,0x09,0x0a,0x0a,0x09,0x09,
    0x05,0x05,0x08,0x08,0x05,0x05,0x08,0x08,0x04,0x04,0x05,0x05,0x05,0x05,0x05,0x05,
    0x02,0x02,0x04,0x04,0x01,0x01,0x01,0x01,0x01,0x01,0x04,0x04,0x05,0x05,0x05,0x05,
    0x09,0x09,0x09,0x09,0x07,0x07,0x07,0x07,0x08,0x08,0x04,0x04,0x04,0x04,0x04,0x04,
    0x01,0x01,0x01,0x01,0x04,0x04,0x06,0x06,0x06,0x06,0x06,0x06,0x0b,0x0b,0x0e,0x0e,
    0x07,0x07,0x0b,0x0b,0x07,0x07,0x0b,0x0b,0x0e,0x0e,0x06,0x06,0x07,0x07,0x0e,0x0e,
    0x12,0x12,0x0e,0x0e,0x1d,0x1d,0x1a,0x1a,0x0f,0x0f,0x16,0x16,0x1a,0x1a,0x2b,0x2b,
    0x23,0x23,0x28,0x28,0x28,0x28,0x23,0x23,0x28,0x28,0x23,0x23,0x23,0x23,0x22,0x22,
    0x23,0x23,0x2b,0x2b,0x2b,0x2b,0x27,0x27,0x2b,0x2b,0x1a,0x1a,0x1a,0x1a,0x2c,0x2c,
    0x23,0x23,0x23,0x23,0x23,0x23,0x25,0x25,0x16,0x16,0x0f,0x0f,0x0c,0x0c,0x0e,0x0e,
    0x0b,0x0b,0x06,0x06,0x07,0x07,0x0c,0x0c,0x0e,0x0e,0x0f,0x0f,0x12,0x12,0x17,0x17,
    0x0b,0x0b,0x0c,0x0c,0x0f,0x0f,0x16,0x16,0x1a,0x1a,0x20,0x20,0x23,0x23,0x26,0x26,
    0x1f,0x1f,0x14,0x14,0x16,0x16,0x0e,0x0e,0x04,0x04,0x04,0x04,0x08,0x08,0x12,0x12,
    0x10,0x10,0x0d,0x0d,0x0a,0x0a,0x11,0x11,0x11,0x11,0x0d,0x0d,0x13,0x13,0x0a,0x0a,
    0x0a,0x0a,0x11,0x11,0x09,0x09,0x09,0x09,0x05,0x05,0x0d,0x0d,0x13,0x13,0x12,0x12,
    0x18,0x18,0x19,0x19,0x13,0x13,0x1a,0x1a,0x19,0x19,0x15,0x15,0x18,0x18,0x1b,0x1b,
    0x2b,0x2b,0x2f,0x2f,0x1c,0x1c,0x18,0x18,0x16,0x16,0x1c,0x1c,0x1a,0x1a,0x23,0x23,
    0x23,0x23,0x23,0x23,0x25,0x25,0x2a,0x2a,0x2b,0x2b,0x23,0x23,0x23,0x23,0x27,0x27,
    0x2b,0x2b,0x23,0x23,0x23,0x23,0x2c,0x2c,0x1e,0x1e,0x1c,0x1c,0x15,0x15,0x1a,0x1a,
    0x1a,0x1a,0x0d,0x0d,0x11,0x11,0x18,0x18,0x23,0x23,0x19,0x19,0x13,0x13,0x18,0x18,
    0x1c,0x1c,0x16,0x16,0x2b,0x2b,0x2b,0x2b,0x25,0x25,0x2b,0x2b,0x2b,0x2b,0x25,0x25,
    0x28,0x28,0x25,0x25,0x2b,0x2b,0x2c,0x2c,0x25,0x25,0x2c,0x2c,0x1d,0x1d,0x14,0x14,
    0x0f,0x0f,0x0f,0x0f,0x0e,0x0e,0x0c,0x0c,0x0c,0x0c,0x0e,0x0e,0x0e,0x0e,0x06,0x06,
    0x07,0x07,0x06,0x06,0x03,0x03,0x06,0x06,0x0b,0x0b,0x07,0x07,0x0f,0x0f,0x0f,0x0f,
    0x0b,0x0b,0x0b,0x0b,0x0b,0x0b,0x06,0x06,0x06,0x06,0x06,0x06,0x06,0x06,0x0b,0x0b,
    0x06,0x06,0x06,0x06,0x0b,0x0b,0x0e,0x0e,0x0f,0x0f,0x0f,0x0f,0x0e,0x0e,0x0e,0x0e,
    0x06,0x06,0x06,0x06,0x0b,0x0b,0x14,0x14,0x14,0x14,0x22,0x22,0x16,0x16,0x1b,0x1b,
    0x2e,0x2e,0x23,0x23,0x23,0x23,0x2c,0x2c,0x25,0x25,0x2c,0x2c,0x1a,0x1a,0x17,0x17,
    0x24,0x24,0x17,0x17,0x1b,0x1b,0x2c,0x2c,0x23,0x23,0x23,0x23,0x23,0x23,0x25,0x25,
    0x27,0x27,0x23,0x23,0x23,0x23,0x23,0x23,0x25,0x25,0x17,0x17,0x15,0x15,0x2b,0x2b,
    0x23,0x23,0x23,0x23,0x2f,0x2f,0x15,0x15,0x11,0x11,0x15,0x15,0x05,0x05,0x09,0x09,
    0x11,0x11,0x15,0x15,0x13,0x13,0x15,0x15,0x09,0x09,0x09,0x09,0x00,0x00,0x00,0x00,
    0x00,0x00,0x00,0x00,0x00,0x00,0x05,0x05,0x09,0x09,0x09,0x09,0x0a,0x0a,0x09,0x09,
    0x05,0x05,0x08,0x08,0x05,0x05,0x08,0x08,0x04,0x04,0x05,0x05,0x05,0x05,0x05,0x05,
    0x02,0x02,0x04,0x04,0x01,0x01,0x01,0x01,0x01,0x01,0x04,0x04,0x05,0x05,0x05,0x05,
    0x09,0x09,0x09,0x09,0x07,0x07,0x07,0x07,0x08,0x08,0x04,0x04,0x04,0x04,0x04,0x04,
    0x01,0x01,0x01,0x01,0x04,0x04,0x06,0x06,0x06,0x06,0x06,0x06,0x0b,0x0b,0x0e,0x0e,
    0x07,0x07,0x0b,0x0b,0x07,0x07,0x0b,0x0b,0x0e,0x0e,0x06,0x06,0x07,0x07,0x0e,0x0e,
    0x12,0x12,0x0e,0x0e,0x1d,0x1d,0x1a,0x1a,0x0f,0x0f,0x16,0x16,0x1a,0x1a,0x2b,0x2b,
    0x23,0x23,0x28,0x28,0x28,0x28,0x23,0x23,0x28,0x28,0x23,0x23,0x23,0x23,0x22,0x22,
    0x23,0x23,0x2b,0x2b,0x2b,0x2b,0x27,0x27,0x2b,0x2b,0x1a,0x1a,0x1a,0x1a,0x2c,0x2c,
    0x23,0x23,0x23,0x23,0x23,0x23,0x25,0x25,0x16,0x16,0x0f,0x0f,0x0c,0x0c,0x0e,0x0e,
    0x0b,0x0b,0x06,0x06,0x07,0x07,0x0c,0x0c,0x0e,0x0e,0x0f,0x0f,0x12,0x12,0x17,0x17,
    0x0b,0x0b,0x0c,0x0c,0x0f,0x0f,0x16,0x16,0x1a,0x1a,0x20,0x20,0x23,0x23,0x26,0x26,
    0x1f,0x1f,0x14,0x14,0x16,0x16,0x0e,0x0e,0x04,0x04,0x04,0x04,0x08,0x08,0x12,0x12,
    0x10,0x10,0x0d,0x0d,0x0a,0x0a,0x11,0x11,0x11,0x11,0x0d,0x0d,0x13,0x13,0x0a,0x0a,
    0x0a,0x0a,0x11,0x11,0x09,0x09,0x09,0x09,0x05,0x05,0x0d,0x0d,0x13,0x13,0x12,0x12,
    0x18,0x18,0x19,0x19,0x13,0x13,0x1a,0x1a,0x19,0x19,0x15,0x15,0x18,0x18,0x1b,0x1b,
    0x2b,0x2b,0x2f,0x2f,0x1c,0x1c,0x18,0x18,0x16,0x16,0x1c,0x1c,0x1a,0x1a,0x23,0x23,
    0x23,0x23,0x23,0x23,0x25,0x25,0x2a,0x2a,0x2b,0x2b,0x23,0x23,0x23,0x23,0x27,0x27,
    0x2b,0x2b,0x23,0x23,0x23,0x23,0x2c,0x2c,0x1e,0x1e,0x1c,0x1c,0x15,0x15,0x1a,0x1a,
    0x20,0x20,0x13,0x13,0x11,0x11,0x13,0x13,0x1a,0x1a,0x1b,0x1b,0x18,0x18,0x15,0x15,
    0x19,0x19,0x2a,0x2a,0x22,0x22,0x2b,0x2b,0x2b,0x2b,0x2b,0x2b,0x28,0x28,0x2b,0x2b,
    0x23,0x23,0x2f,0x2f,0x1c,0x1c,0x18,0x18,0x23,0x23,0x2a,0x2a,0x1d,0x1d,0x1b,0x1b,
    0x14,0x14,0x14,0x14,0x0f,0x0f,0x0c,0x0c,0x0e,0x0e,0x0e,0x0e,0x06,0x06,0x07,0x07,
    0x06,0x06,0x06,0x06,0x0b,0x0b,0x0f,0x0f,0x0b,0x0b,0x03,0x03,0x06,0x06,0x0b,0x0b,
    0x06,0x06,0x0b,0x0b,0x06,0x06,0x03,0x03,0x0c,0x0c,0x0f,0x0f,0x0e,0x0e,0x0b,0x0b,
    0x0b,0x0b,0x0c,0x0c,0x0e,0x0e,0x12,0x12,0x1a,0x1a,0x14,0x14,0x14,0x14,0x0f,0x0f,
    0x0e,0x0e,0x06,0x06,0x06,0x06,0x0e,0x0e,0x16,0x16,0x2c,0x2c,0x2b,0x2b,0x23,0x23,
    0x23,0x23,0x23,0x23,0x23,0x23,0x20,0x20,0x23,0x23,0x21,0x21,0x18,0x18,0x1a,0x1a,
    0x17,0x17,0x1f,0x1f,0x1b,0x1b,0x25,0x25,0x23,0x23,0x23,0x23,0x23,0x23,0x23,0x23,
    0x23,0x23,0x23,0x23,0x23,0x23,0x25,0x25,0x23,0x23,0x1e,0x1e,0x1e,0x1e,0x22,0x22,
    0x25,0x25,0x23,0x23,0x20,0x20,0x2e,0x2e,0x19,0x19,0x2f,0x2f,0x11,0x11,0x0a,0x0a,
    0x15,0x15,0x10,0x10,0x13,0x13,0x19,0x19,0x09,0x09,0x10,0x10,0x05,0x05,0x00,0x00,
    0x00,0x00,0x00,0x00,0x05,0x05,0x05,0x05,0x09,0x09,0x09,0x09,0x09,0x09,0x0a,0x0a,
    0x0a,0x0a,0x08,0x08,0x08,0x08,0x0a,0x0a,0x05,0x05,0x04,0x04,0x04,0x04,0x05,0x05,
    0x04,0x04,0x05,0x05,0x01,0x01,0x01,0x01,0x01,0x01,0x02,0x02,0x04,0x04,0x05,0x05,
    0x09,0x09,0x05,0x05,0x02,0x02,0x04,0x04,0x08,0x08,0x07,0x07,0x01,0x01,0x04,0x04,
    0x04,0x04,0x01,0x01,0x07,0x07,0x07,0x07,0x04,0x04,0x08,0x08,0x04,0x04,0x03,0x03,
    0x03,0x03,0x06,0x06,0x0b,0x0b,0x0c,0x0c,0x14,0x14,0x0e,0x0e,0x0c,0x0c,0x0e,0x0e,
    0x16,0x16,0x17,0x17,0x18,0x18,0x0f,0x0f,0x0c,0x0c,0x0f,0x0f,0x1b,0x1b,0x27,0x27,
    0x23,0x23,0x22,0x22,0x20,0x20,0x22,0x22,0x21,0x21,0x23,0x23,0x23,0x23,0x23,0x23,
    0x23,0x23,0x23,0x23,0x27,0x27,0x27,0x27,0x23,0x23,0x25,0x25,0x2b,0x2b,0x23,0x23,
    0x2a,0x2a,0x23,0x23,0x23,0x23,0x20,0x20,0x20,0x20,0x18,0x18,0x14,0x14,0x11,0x11,
    0x07,0x07,0x07,0x07,0x07,0x07,0x0b,0x0b,0x0c,0x0c,0x14,0x14,0x1b,0x1b,0x18,0x18,
    0x17,0x17,0x0f,0x0f,0x14,0x14,0x23,0x23,0x0c,0x0c,0x1a,0x1a,0x23,0x23,0x25,0x25,
    0x1a,0x1a,0x0f,0x0f,0x16,0x16,0x04,0x04,0x04,0x04,0x08,0x08,0x08,0x08,0x12,0x12,
    0x1a,0x1a,0x0d,0x0d,0x0d,0x0d,0x12,0x12,0x27,0x27,0x13,0x13,0x0a,0x0a,0x11,0x11,
    0x10,0x10,0x09,0x09,0x0d,0x0d,0x10,0x10,0x05,0x05,0x05,0x05,0x09,0x09,0x0a,0x0a,
    0x11,0x11,0x15,0x15,0x16,0x16,0x13,0x13,0x19,0x19,0x28,0x28,0x13,0x13,0x13,0x13,
    0x25,0x25,0x2b,0x2b,0x20,0x20,0x1a,0x1a,0x28,0x28,0x1a,0x1a,0x1d,0x1d,0x20,0x20,
    0x23,0x23,0x2b,0x2b,0x28,0x28,0x28,0x28,0x23,0x23,0x23,0x23,0x27,0x27,0x23,0x23,
    0x2b,0x2b,0x23,0x23,0x2b,0x2b,0x23,0x23,0x23,0x23,0x2e,0x2e,0x15,0x15,0x1c,0x1c,
    0x20,0x20,0x13,0x13,0x11,0x11,0x13,0x13,0x1a,0x1a,0x1b,0x1b,0x18,0x18,0x15,0x15,
    0x19,0x19,0x2a,0x2a,0x22,0x22,0x2b,0x2b,0x2b,0x2b,0x2b,0x2b,0x28,0x28,0x2b,0x2b,
    0x23,0x23,0x2f,0x2f,0x1c,0x1c,0x18,0x18,0x23,0x23,0x2a,0x2a,0x1d,0x1d,0x1b,0x1b,
    0x14,0x14,0x14,0x14,0x0f,0x0f,0x0c,0x0c,0x0e,0x0e,0x0e,0x0e,0x06,0x06,0x07,0x07,
    0x06,0x06,0x06,0x06,0x0b,0x0b,0x0f,0x0f,0x0b,0x0b,0x03,0x03,0x06,0x06,0x0b,0x0b,
    0x06,0x06,0x0b,0x0b,0x06,0x06,0x03,0x03,0x0c,0x0c,0x0f,0x0f,0x0e,0x0e,0x0b,0x0b,
    0x0b,0x0b,0x0c,0x0c,0x0e,0x0e,0x12,0x12,0x1a,0x1a,0x14,0x14,0x14,0x14,0x0f,0x0f,
    0x0e,0x0e,0x06,0x06,0x06,0x06,0x0e,0x0e,0x16,0x16,0x2c,0x2c,0x2b,0x2b,0x23,0x23,
    0x23,0x23,0x23,0x23,0x23,0x23,0x20,0x20,0x23,0x23,0x21,0x21,0x18,0x18,0x1a,0x1a,
    0x17,0x17,0x1f,0x1f,0x1b,0x1b,0x25,0x25,0x23,0x23,0x23,0x23,0x23,0x23,0x23,0x23,
    0x23,0x23,0x23,0x23,0x23,0x23,0x25,0x25,0x23,0x23,0x1e,0x1e,0x1e,0x1e,0x22,0x22,
    0x25,0x25,0x23,0x23,0x20,0x20,0x2e,0x2e,0x19,0x19,0x2f,0x2f,0x11,0x11,0x0a,0x0a,
    0x15,0x15,0x10,0x10,0x13,0x13,0x19,0x19,0x09,0x09,0x10,0x10,0x05,0x05,0x00,0x00,
    0x00,0x00,0x00,0x00,0x05,0x05,0x05,0x05,0x09,0x09,0x09,0x09,0x09,0x09,0x0a,0x0a,
    0x0a,0x0a,0x08,0x08,0x08,0x08,0x0a,0x0a,0x05,0x05,0x04,0x04,0x04,0x04,0x05,0x05,
    0x04,0x04,0x05,0x05,0x01,0x01,0x01,0x01,0x01,0x01,0x02,0x02,0x04,0x04,0x05,0x05,
    0x09,0x09,0x05,0x05,0x02,0x02,0x04,0x04,0x08,0x08,0x07,0x07,0x01,0x01,0x04,0x04,
    0x04,0x04,0x01,0x01,0x07,0x07,0x07,0x07,0x04,0x04,0x08,0x08,0x04,0x04,0x03,0x03,
    0x03,0x03,0x06,0x06,0x0b,0x0b,0x0c,0x0c,0x14,0x14,0x0e,0x0e,0x0c,0x0c,0x0e,0x0e,
    0x16,0x16,0x17,0x17,0x18,0x18,0x0f,0x0f,0x0c,0x0c,0x0f,0x0f,0x1b,0x1b,0x27,0x27,
    0x23,0x23,0x22,0x22,0x20,0x20,0x22,0x22,0x21,0x21,0x23,0x23,0x23,0x23,0x23,0x23,
    0x23,0x23,0x23,0x23,0x27,0x27,0x27,0x27,0x23,0x23,0x25,0x25,0x2b,0x2b,0x23,0x23,
    0x2a,0x2a,0x23,0x23,0x23,0x23,0x20,0x20,0x20,0x20,0x18,0x18,0x14,0x14,0x11,0x11,
    0x07,0x07,0x07,0x07,0x07,0x07,0x0b,0x0b,0x0c,0x0c,0x14,0x14,0x1b,0x1b,0x18,0x18,
    0x17,0x17,0x0f,0x0f,0x14,0x14,0x23,0x23,0x0c,0x0c,0x1a,0x1a,0x23,0x23,0x25,0x25,
    0x1a,0x1a,0x0f,0x0f,0x16,0x16,0x04,0x04,0x04,0x04,0x08,0x08,0x08,0x08,0x12,0x12,
    0x1a,0x1a,0x0d,0x0d,0x0d,0x0d,0x12,0x12,0x27,0x27,0x13,0x13,0x0a,0x0a,0x11,0x11,
    0x10,0x10,0x09,0x09,0x0d,0x0d,0x10,0x10,0x05,0x05,0x05,0x05,0x09,0x09,0x0a,0x0a,
    0x11,0x11,0x15,0x15,0x16,0x16,0x13,0x13,0x19,0x19,0x28,0x28,0x13,0x13,0x13,0x13,
    0x25,0x25,0x2b,0x2b,0x20,0x20,0x1a,0x1a,0x28,0x28,0x1a,0x1a,0x1d,0x1d,0x20,0x20,
    0x23,0x23,0x2b,0x2b,0x28,0x28,0x28,0x28,0x23,0x23,0x23,0x23,0x27,0x27,0x23,0x23,
    0x2b,0x2b,0x23,0x23,0x2b,0x2b,0x23,0x23,0x23,0x23,0x2e,0x2e,0x15,0x15,0x1c,0x1c,
    0x15,0x15,0x1c,0x1c,0x13,0x13,0x0d,0x0d,0x18,0x18,0x2c,0x2c,0x1c,0x1c,0x2b,0x2b,
    0x1f,0x1f,0x2c,0x2c,0x2b,0x2b,0x2b,0x2b,0x28,0x28,0x28,0x28,0x28,0x28,0x2b,0x2b,
    0x25,0x25,0x1a,0x1a,0x17,0x17,0x14,0x14,0x0f,0x0f,0x23,0x23,0x17,0x17,0x12,0x12,
    0x1c,0x1c,0x0e,0x0e,0x0e,0x0e,0x07,0x07,0x0b,0x0b,0x0c,0x0c,0x0b,0x0b,0x07,0x07,
    0x06,0x06,0x0b,0x0b,0x0e,0x0e,0x16,0x16,0x0f,0x0f,0x06,0x06,0x06,0x06,0x0e,0x0e,
    0x1f,0x1f,0x03,0x03,0x06,0x06,0x07,0x07,0x0e,0x0e,0x14,0x14,0x16,0x16,0x0c,0x0c,
    0x0c,0x0c,0x0f,0x0f,0x0e,0x0e,0x17,0x17,0x1f,0x1f,0x18,0x18,0x12,0x12,0x0e,0x0e,
    0x12,0x12,0x12,0x12,0x0b,0x0b,0x0e,0x0e,0x0e,0x0e,0x16,0x16,0x17,0x17,0x1c,0x1c,
    0x23,0x23,0x23,0x23,0x2e,0x2e,0x1a,0x1a,0x17,0x17,0x16,0x16,0x1b,0x1b,0x28,0x28,
    0x1f,0x1f,0x23,0x23,0x2c,0x2c,0x23,0x23,0x23,0x23,0x22,0x22,0x2c,0x2c,0x23,0x23,
    0x23,0x23,0x23,0x23,0x2b,0x2b,0x1c,0x1c,0x23,0x23,0x1f,0x1f,0x19,0x19,0x2e,0x2e,
    0x28,0x28,0x23,0x23,0x23,0x23,0x25,0x25,0x2e,0x2e,0x23,0x23,0x20,0x20,0x19,0x19,
    0x2b,0x2b,0x20,0x20,0x10,0x10,0x15,0x15,0x1a,0x1a,0x10,0x10,0x05,0x05,0x00,0x00,
    0x00,0x00,0x00,0x00,0x02,0x02,0x05,0x05,0x09,0x09,0x09,0x09,0x09,0x09,0x09,0x09,
    0x0a,0x0a,0x0a,0x0a,0x0a,0x0a,0x09,0x09,0x0a,0x0a,0x05,0x05,0x02,0x02,0x04,0x04,
    0x05,0x05,0x0a,0x0a,0x05,0x05,0x01,0x01,0x01,0x01,0x02,0x02,0x02,0x02,0x04,0x04,
    0x04,0x04,0x02,0x02,0x01,0x01,0x01,0x01,0x04,0x04,0x03,0x03,0x01,0x01,0x02,0x02,
    0x03,0x03,0x07,0x07,0x0c,0x0c,0x0e,0x0e,0x0e,0x0e,0x06,0x06,0x06,0x06,0x03,0x03,
    0x03,0x03,0x06,0x06,0x0e,0x0e,0x0f,0x0f,0x18,0x18,0x18,0x18,0x0b,0x0b,0x16,0x16,
    0x16,0x16,0x2e,0x2e,0x22,0x22,0x1c,0x1c,0x16,0x16,0x1d,0x1d,0x2f,0x2f,0x14,0x14,
    0x1a,0x1a,0x1d,0x1d,0x13,0x13,0x20,0x20,0x15,0x15,0x1f,0x1f,0x23,0x23,0x23,0x23,
    0x23,0x23,0x27,0x27,0x27,0x27,0x23,0x23,0x23,0x23,0x22,0x22,0x23,0x23,0x23,0x23,
    0x23,0x23,0x23,0x23,0x23,0x23,0x2c,0x2c,0x2c,0x2c,0x23,0x23,0x14,0x14,0x08,0x08,
    0x08,0x08,0x0c,0x0c,0x12,0x12,0x0b,0x0b,0x0e,0x0e,0x1b,0x1b,0x2e,0x2e,0x1f,0x1f,
    0x1d,0x1d,0x0f,0x0f,0x1a,0x1a,0x0f,0x0f,0x14,0x14,0x1f,0x1f,0x2c,0x2c,0x1d,0x1d,
    0x17,0x17,0x0c,0x0c,0x0c,0x0c,0x0c,0x0c,0x08,0x08,0x05,0x05,0x08,0x08,0x12,0x12,
    0x12,0x12,0x0f,0x0f,0x0e,0x0e,0x1a,0x1a,0x2f,0x2f,0x1b,0x1b,0x15,0x15,0x12,0x12,
    0x10,0x10,0x12,0x12,0x13,0x13,0x11,0x11,0x05,0x05,0x02,0x02,0x09,0x09,0x09,0x09,
    0x13,0x13,0x15,0x15,0x09,0x09,0x16,0x16,0x15,0x15,0x26,0x26,0x2f,0x2f,0x19,0x19,
    0x1f,0x1f,0x2c,0x2c,0x28,0x28,0x2e,0x2e,0x23,0x23,0x20,0x20,0x25,0x25,0x23,0x23,
    0x23,0x23,0x27,0x27,0x23,0x23,0x27,0x27,0x23,0x23,0x23,0x23,0x27,0x27,0x23,0x23,
    0x23,0x23,0x25,0x25,0x1c,0x1c,0x23,0x23,0x23,0x23,0x20,0x20,0x1d,0x1d,0x1c,0x1c,
    0x15,0x15,0x1c,0x1c,0x13,0x13,0x0d,0x0d,0x18,0x18,0x2c,0x2c,0x1c,0x1c,0x2b,0x2b,
    0x1f,0x1f,0x2c,0x2c,0x2b,0x2b,0x2b,0x2b,0x28,0x28,0x28,0x28,0x28,0x28,0x2b,0x2b,
    0x25,0x25,0x1a,0x1a,0x17,0x17,0x14,0x14,0x0f,0x0f,0x23,0x23,0x17,0x17,0x12,0x12,
    0x1c,0x1c,0x0e,0x0e,0x0e,0x0e,0x07,0x07,0x0b,0x0b,0x0c,0x0c,0x0b,0x0b,0x07,0x07,
    0x06,0x06,0x0b,0x0b,0x0e,0x0e,0x16,0x16,0x0f,0x0f,0x06,0x06,0x06,0x06,0x0e,0x0e,
    0x1f,0x1f,0x03,0x03,0x06,0x06,0x07,0x07,0x0e,0x0e,0x14,0x14,0x16,0x16,0x0c,0x0c,
    0x0c,0x0c,0x0f,0x0f,0x0e,0x0e,0x17,0x17,0x1f,0x1f,0x18,0x18,0x12,0x12,0x0e,0x0e,
    0x12,0x12,0x12,0x12,0x0b,0x0b,0x0e,0x0e,0x0e,0x0e,0x16,0x16,0x17,0x17,0x1c,0x1c,
    0x23,0x23,0x23,0x23,0x2e,0x2e,0x1a,0x1a,0x17,0x17,0x16,0x16,0x1b,0x1b,0x28,0x28,
    0x1f,0x1f,0x23,0x23,0x2c,0x2c,0x23,0x23,0x23,0x23,0x22,0x22,0x2c,0x2c,0x23,0x23,
    0x23,0x23,0x23,0x23,0x2b,0x2b,0x1c,0x1c,0x23,0x23,0x1f,0x1f,0x19,0x19,0x2e,0x2e,
    0x28,0x28,0x23,0x23,0x23,0x23,0x25,0x25,0x2e,0x2e,0x23,0x23,0x20,0x20,0x19,0x19,
    0x2b,0x2b,0x20,0x20,0x10,0x10,0x15,0x15,0x1a,0x1a,0x10,0x10,0x05,0x05,0x00,0x00,
    0x00,0x00,0x00,0x00,0x02,0x02,0x05,0x05,0x09,0x09,0x09,0x09,0x09,0x09,0x09,0x09,
    0x0a,0x0a,0x0a,0x0a,0x0a,0x0a,0x09,0x09,0x0a,0x0a,0x05,0x05,0x02,0x02,0x04,0x04,
    0x05,0x05,0x0a,0x0a,0x05,0x05,0x01,0x01,0x01,0x01,0x02,0x02,0x02,0x02,0x04,0x04,
    0x04,0x04,0x02,0x02,0x01,0x01,0x01,0x01,0x04,0x04,0x03,0x03,0x01,0x01,0x02,0x02,
    0x03,0x03,0x07,0x07,0x0c,0x0c,0x0e,0x0e,0x0e,0x0e,0x06,0x06,0x06,0x06,0x03,0x03,
    0x03,0x03,0x06,0x06,0x0e,0x0e,0x0f,0x0f,0x18,0x18,0x18,0x18,0x0b,0x0b,0x16,0x16,
    0x16,0x16,0x2e,0x2e,0x22,0x22,0x1c,0x1c,0x16,0x16,0x1d,0x1d,0x2f,0x2f,0x14,0x14,
    0x1a,0x1a,0x1d,0x1d,0x13,0x13,0x20,0x20,0x15,0x15,0x1f,0x1f,0x23,0x23,0x23,0x23,
    0x23,0x23,0x27,0x27,0x27,0x27,0x23,0x23,0x23,0x23,0x22,0x22,0x23,0x23,0x23,0x23,
    0x23,0x23,0x23,0x23,0x23,0x23,0x2c,0x2c,0x2c,0x2c,0x23,0x23,0x14,0x14,0x08,0x08,
    0x08,0x08,0x0c,0x0c,0x12,0x12,0x0b,0x0b,0x0e,0x0e,0x1b,0x1b,0x2e,0x2e,0x1f,0x1f,
    0x1d,0x1d,0x0f,0x0f,0x1a,0x1a,0x0f,0x0f,0x14,0x14,0x1f,0x1f,0x2c,0x2c,0x1d,0x1d,
    0x17,0x17,0x0c,0x0c,0x0c,0x0c,0x0c,0x0c,0x08,0x08,0x05,0x05,0x08,0x08,0x12,0x12,
    0x12,0x12,0x0f,0x0f,0x0e,0x0e,0x1a,0x1a,0x2f,0x2f,0x1b,0x1b,0x15,0x15,0x12,0x12,
    0x10,0x10,0x12,0x12,0x13,0x13,0x11,0x11,0x05,0x05,0x02,0x02,0x09,0x09,0x09,0x09,
    0x13,0x13,0x15,0x15,0x09,0x09,0x16,0x16,0x15,0x15,0x26,0x26,0x2f,0x2f,0x19,0x19,
    0x1f,0x1f,0x2c,0x2c,0x28,0x28,0x2e,0x2e,0x23,0x23,0x20,0x20,0x25,0x25,0x23,0x23,
    0x23,0x23,0x27,0x27,0x23,0x23,0x27,0x27,0x23,0x23,0x23,0x23,0x27,0x27,0x23,0x23,
    0x23,0x23,0x25,0x25,0x1c,0x1c,0x23,0x23,0x23,0x23,0x20,0x20,0x1d,0x1d,0x1c,0x1c,
    0x1b,0x1b,0x18,0x18,0x15,0x15,0x16,0x16,0x1e,0x1e,0x1a,0x1a,0x2e,0x2e,0x2a,0x2a,
    0x2c,0x2c,0x28,0x28,0x2b,0x2b,0x2b,0x2b,0x2b,0x2b,0x2b,0x2b,0x28,0x28,0x23,0x23,
    0x28,0x28,0x17,0x17,0x1b,0x1b,0x14,0x14,0x17,0x17,0x1a,0x1a,0x0f,0x0f,0x16,0x16,
    0x14,0x14,0x0e,0x0e,0x07,0x07,0x06,0x06,0x0b,0x0b,0x03,0x03,0x03,0x03,0x07,0x07,
    0x0c,0x0c,0x0b,0x0b,0x0f,0x0f,0x0f,0x0f,0x17,0x17,0x0b,0x0b,0x06,0x06,0x14,0x14,
    0x1a,0x1a,0x0e,0x0e,0x0b,0x0b,0x06,0x06,0x16,0x16,0x1a,0x1a,0x14,0x14,0x0c,0x0c,
    0x18,0x18,0x0f,0x0f,0x12,0x12,0x17,0x17,0x1a,0x1a,0x2f,0x2f,0x17,0x17,0x0e,0x0e,
    0x16,0x16,0x1a,0x1a,0x16,0x16,0x0f,0x0f,0x0c,0x0c,0x0e,0x0e,0x18,0x18,0x1f,0x1f,
    0x23,0x23,0x23,0x23,0x22,0x22,0x2c,0x2c,0x18,0x18,0x1a,0x1a,0x28,0x28,0x1f,0x1f,
    0x25,0x25,0x23,0x23,0x23,0x23,0x23,0x23,0x23,0x23,0x25,0x25,0x1a,0x1a,0x23,0x23,
    0x25,0x25,0x23,0x23,0x20,0x20,0x19,0x19,0x18,0x18,0x1d,0x1d,0x1c,0x1c,0x18,0x18,
    0x28,0x28,0x2b,0x2b,0x25,0x25,0x18,0x18,0x1a,0x1a,0x2c,0x2c,0x23,0x23,0x2f,0x2f,
    0x2f,0x2f,0x13,0x13,0x05,0x05,0x13,0x13,0x16,0x16,0x09,0x09,0x02,0x02,0x00,0x00,
    0x00,0x00,0x05,0x05,0x02,0x02,0x05,0x05,0x05,0x05,0x05,0x05,0x0a,0x0a,0x09,0x09,
    0x0a,0x0a,0x09,0x09,0x09,0x09,0x09,0x09,0x09,0x09,0x05,0x05,0x08,0x08,0x04,0x04,
    0x05,0x05,0x09,0x09,0x07,0x07,0x02,0x02,0x02,0x02,0x02,0x02,0x01,0x01,0x01,0x01,
    0x02,0x02,0x01,0x01,0x01,0x01,0x01,0x01,0x01,0x01,0x01,0x01,0x03,0x03,0x01,0x01,
    0x04,0x04,0x0b,0x0b,0x0b,0x0b,0x0e,0x0e,0x0e,0x0e,0x07,0x07,0x0b,0x0b,0x03,0x03,
    0x06,0x06,0x0b,0x0b,0x0f,0x0f,0x17,0x17,0x2f,0x2f,0x1a,0x1a,0x16,0x16,0x17,0x17,
    0x1b,0x1b,0x2c,0x2c,0x25,0x25,0x2c,0x2c,0x1d,0x1d,0x1c,0x1c,0x1c,0x1c,0x14,0x14,
    0x16,0x16,0x1a,0x1a,0x16,0x16,0x16,0x16,0x16,0x16,0x20,0x20,0x25,0x25,0x23,0x23,
    0x23,0x23,0x23,0x23,0x23,0x23,0x23,0x23,0x23,0x23,0x23,0x23,0x23,0x23,0x23,0x23,
    0x23,0x23,0x22,0x22,0x2b,0x2b,0x1a,0x1a,0x1f,0x1f,0x14,0x14,0x14,0x14,0x0e,0x0e,
    0x12,0x12,0x18,0x18,0x14,0x14,0x14,0x14,0x27,0x27,0x1c,0x1c,0x16,0x16,0x2c,0x2c,
    0x23,0x23,0x1c,0x1c,0x1b,0x1b,0x17,0x17,0x16,0x16,0x2b,0x2b,0x28,0x28,0x1f,0x1f,
    0x14,0x14,0x18,0x18,0x0e,0x0e,0x14,0x14,0x0c,0x0c,0x05,0x05,0x0e,0x0e,0x14,0x14,
    0x0e,0x0e,0x0d,0x0d,0x17,0x17,0x2f,0x2f,0x1f,0x1f,0x2c,0x2c,0x1c,0x1c,0x1c,0x1c,
    0x10,0x10,0x0d,0x0d,0x10,0x10,0x0d,0x0d,0x0a,0x0a,0x0d,0x0d,0x09,0x09,0x09,0x09,
    0x0d,0x0d,0x0d,0x0d,0x09,0x09,0x0a,0x0a,0x18,0x18,0x22,0x22,0x1b,0x1b,0x18,0x18,
    0x19,0x19,0x2b,0x2b,0x25,0x25,0x23,0x23,0x28,0x28,0x25,0x25,0x23,0x23,0x23,0x23,
    0x23,0x23,0x23,0x23,0x23,0x23,0x27,0x27,0x23,0x23,0x23,0x23,0x27,0x27,0x23,0x23,
    0x23,0x23,0x2c,0x2c,0x16,0x16,0x16,0x16,0x21,0x21,0x23,0x23,0x2b,0x2b,0x19,0x19,
    0x1b,0x1b,0x18,0x18,0x15,0x15,0x16,0x16,0x1e,0x1e,0x1a,0x1a,0x2e,0x2e,0x2a,0x2a,
    0x2c,0x2c,0x28,0x28,0x2b,0x2b,0x2b,0x2b,0x2b,0x2b,0x2b,0x2b,0x28,0x28,0x23,0x23,
    0x28,0x28,0x17,0x17,0x1b,0x1b,0x14,0x14,0x17,0x17,0x1a,0x1a,0x0f,0x0f,0x16,0x16,
    0x14,0x14,0x0e,0x0e,0x07,0x07,0x06,0x06,0x0b,0x0b,0x03,0x03,0x03,0x03,0x07,0x07,
    0x0c,0x0c,0x0b,0x0b,0x0f,0x0f,0x0f,0x0f,0x17,0x17,0x0b,0x0b,0x06,0x06,0x14,0x14,
    0x1a,0x1a,0x0e,0x0e,0x0b,0x0b,0x06,0x06,0x16,0x16,0x1a,0x1a,0x14,0x14,0x0c,0x0c,
    0x18,0x18,0x0f,0x0f,0x12,0x12,0x17,0x17,0x1a,0x1a,0x2f,0x2f,0x17,0x17,0x0e,0x0e,
    0x16,0x16,0x1a,0x1a,0x16,0x16,0x0f,0x0f,0x0c,0x0c,0x0e,0x0e,0x18,0x18,0x1f,0x1f,
    0x23,0x23,0x23,0x23,0x22,0x22,0x2c,0x2c,0x18,0x18,0x1a,0x1a,0x28,0x28,0x1f,0x1f,
    0x25,0x25,0x23,0x23,0x23,0x23,0x23,0x23,0x23,0x23,0x25,0x25,0x1a,0x1a,0x23,0x23,
    0x25,0x25,0x23,0x23,0x20,0x20,0x19,0x19,0x18,0x18,0x1d,0x1d,0x1c,0x1c,0x18,0x18,
    0x28,0x28,0x2b,0x2b,0x25,0x25,0x18,0x18,0x1a,0x1a,0x2c,0x2c,0x23,0x23,0x2f,0x2f,
    0x2f,0x2f,0x13,0x13,0x05,0x05,0x13,0x13,0x16,0x16,0x09,0x09,0x02,0x02,0x00,0x00,
    0x00,0x00,0x05,0x05,0x02,0x02,0x05,0x05,0x05,0x05,0x05,0x05,0x0a,0x0a,0x09,0x09,
    0x0a,0x0a,0x09,0x09,0x09,0x09,0x09,0x09,0x09,0x09,0x05,0x05,0x08,0x08,0x04,0x04,
    0x05,0x05,0x09,0x09,0x07,0x07,0x02,0x02,0x02,0x02,0x02,0x02,0x01,0x01,0x01,0x01,
    0x02,0x02,0x01,0x01,0x01,0x01,0x01,0x01,0x01,0x01,0x01,0x01,0x03,0x03,0x01,0x01,
    0x04,0x04,0x0b,0x0b,0x0b,0x0b,0x0e,0x0e,0x0e,0x0e,0x07,0x07,0x0b,0x0b,0x03,0x03,
    0x06,0x06,0x0b,0x0b,0x0f,0x0f,0x17,0x17,0x2f,0x2f,0x1a,0x1a,0x16,0x16,0x17,0x17,
    0x1b,0x1b,0x2c,0x2c,0x25,0x25,0x2c,0x2c,0x1d,0x1d,0x1c,0x1c,0x1c,0x1c,0x14,0x14,
    0x16,0x16,0x1a,0x1a,0x16,0x16,0x16,0x16,0x16,0x16,0x20,0x20,0x25,0x25,0x23,0x23,
    0x23,0x23,0x23,0x23,0x23,0x23,0x23,0x23,0x23,0x23,0x23,0x23,0x23,0x23,0x23,0x23,
    0x23,0x23,0x22,0x22,0x2b,0x2b,0x1a,0x1a,0x1f,0x1f,0x14,0x14,0x14,0x14,0x0e,0x0e,
    0x12,0x12,0x18,0x18,0x14,0x14,0x14,0x14,0x27,0x27,0x1c,0x1c,0x16,0x16,0x2c,0x2c,
    0x23,0x23,0x1c,0x1c,0x1b,0x1b,0x17,0x17,0x16,0x16,0x2b,0x2b,0x28,0x28,0x1f,0x1f,
    0x14,0x14,0x18,0x18,0x0e,0x0e,0x14,0x14,0x0c,0x0c,0x05,0x05,0x0e,0x0e,0x14,0x14,
    0x0e,0x0e,0x0d,0x0d,0x17,0x17,0x2f,0x2f,0x1f,0x1f,0x2c,0x2c,0x1c,0x1c,0x1c,0x1c,
    0x10,0x10,0x0d,0x0d,0x10,0x10,0x0d,0x0d,0x0a,0x0a,0x0d,0x0d,0x09,0x09,0x09,0x09,
    0x0d,0x0d,0x0d,0x0d,0x09,0x09,0x0a,0x0a,0x18,0x18,0x22,0x22,0x1b,0x1b,0x18,0x18,
    0x19,0x19,0x2b,0x2b,0x25,0x25,0x23,0x23,0x28,0x28,0x25,0x25,0x23,0x23,0x23,0x23,
    0x23,0x23,0x23,0x23,0x23,0x23,0x27,0x27,0x23,0x23,0x23,0x23,0x27,0x27,0x23,0x23,
    0x23,0x23,0x2c,0x2c,0x16,0x16,0x16,0x16,0x21,0x21,0x23,0x23,0x2b,0x2b,0x19,0x19,
    0x2e,0x2e,0x1c,0x1c,0x15,0x15,0x1f,0x1f,0x15,0x15,0x19,0x19,0x2e,0x2e,0x23,0x23,
    0x28,0x28,0x2b,0x2b,0x2b,0x2b,0x2b,0x2b,0x2b,0x2b,0x2b,0x2b,0x25,0x25,0x25,0x25,
    0x23,0x23,0x28,0x28,0x26,0x26,0x1d,0x1d,0x0e,0x0e,0x0e,0x0e,0x0e,0x0e,0x0f,0x0f,
    0x0e,0x0e,0x0c,0x0c,0x06,0x06,0x06,0x06,0x06,0x06,0x03,0x03,0x03,0x03,0x07,0x07,
    0x0e,0x0e,0x14,0x14,0x18,0x18,0x0b,0x0b,0x16,0x16,0x14,0x14,0x0e,0x0e,0x07,0x07,
    0x1a,0x1a,0x2f,0x2f,0x17,0x17,0x16,0x16,0x1a,0x1a,0x18,0x18,0x1d,0x1d,0x18,0x18,
    0x1b,0x1b,0x14,0x14,0x1a,0x1a,0x14,0x14,0x20,0x20,0x2c,0x2c,0x2e,0x2e,0x1b,0x1b,
    0x2b,0x2b,0x2a,0x2a,0x16,0x16,0x0f,0x0f,0x0c,0x0c,0x18,0x18,0x1a,0x1a,0x1d,0x1d,
    0x2b,0x2b,0x23,0x23,0x23,0x23,0x22,0x22,0x2b,0x2b,0x25,0x25,0x23,0x23,0x23,0x23,
    0x23,0x23,0x23,0x23,0x23,0x23,0x23,0x23,0x2b,0x2b,0x1a,0x1a,0x12,0x12,0x18,0x18,
    0x2c,0x2c,0x1f,0x1f,0x1e,0x1e,0x18,0x18,0x11,0x11,0x1a,0x1a,0x23,0x23,0x16,0x16,
    0x13,0x13,0x1a,0x1a,0x1e,0x1e,0x15,0x15,0x1c,0x1c,0x1a,0x1a,0x20,0x20,0x23,0x23,
    0x10,0x10,0x0a,0x0a,0x09,0x09,0x05,0x05,0x0a,0x0a,0x05,0x05,0x02,0x02,0x00,0x00,
    0x05,0x05,0x05,0x05,0x09,0x09,0x09,0x09,0x05,0x05,0x05,0x05,0x12,0x12,0x0a,0x0a,
    0x09,0x09,0x09,0x09,0x09,0x09,0x09,0x09,0x09,0x09,0x09,0x09,0x09,0x09,0x08,0x08,
    0x04,0x04,0x02,0x02,0x04,0x04,0x02,0x02,0x01,0x01,0x07,0x07,0x04,0x04,0x02,0x02,
    0x01,0x01,0x01,0x01,0x01,0x01,0x01,0x01,0x01,0x01,0x01,0x01,0x01,0x01,0x03,0x03,
    0x0b,0x0b,0x0e,0x0e,0x0e,0x0e,0x0e,0x0e,0x0e,0x0e,0x0e,0x0e,0x07,0x07,0x03,0x03,
    0x07,0x07,0x14,0x14,0x2c,0x2c,0x2f,0x2f,0x25,0x25,0x2e,0x2e,0x2e,0x2e,0x2c,0x2c,
    0x23,0x23,0x25,0x25,0x2b,0x2b,0x2e,0x2e,0x18,0x18,0x0f,0x0f,0x1c,0x1c,0x16,0x16,
    0x11,0x11,0x0a,0x0a,0x16,0x16,0x19,0x19,0x1e,0x1e,0x2c,0x2c,0x23,0x23,0x25,0x25,
    0x25,0x25,0x23,0x23,0x23,0x23,0x2b,0x2b,0x2b,0x2b,0x23,0x23,0x23,0x23,0x22,0x22,
    0x23,0x23,0x20,0x20,0x2d,0x2d,0x11,0x11,0x12,0x12,0x14,0x14,0x1b,0x1b,0x14,0x14,
    0x1a,0x1a,0x1f,0x1f,0x0f,0x0f,0x1a,0x1a,0x17,0x17,0x1b,0x1b,0x23,0x23,0x23,0x23,
    0x28,0x28,0x2c,0x2c,0x26,0x26,0x23,0x23,0x1d,0x1d,0x23,0x23,0x23,0x23,0x1c,0x1c,
    0x1c,0x1c,0x1d,0x1d,0x12,0x12,0x12,0x12,0x0d,0x0d,0x0d,0x0d,0x12,0x12,0x19,0x19,
    0x0f,0x0f,0x0f,0x0f,0x0f,0x0f,0x1f,0x1f,0x2c,0x2c,0x25,0x25,0x2c,0x2c,0x2f,0x2f,
    0x18,0x18,0x13,0x13,0x10,0x10,0x0a,0x0a,0x0a,0x0a,0x0d,0x0d,0x05,0x05,0x05,0x05,
    0x0d,0x0d,0x09,0x09,0x09,0x09,0x11,0x11,0x11,0x11,0x20,0x20,0x12,0x12,0x13,0x13,
    0x19,0x19,0x27,0x27,0x27,0x27,0x2c,0x2c,0x23,0x23,0x23,0x23,0x23,0x23,0x2b,0x2b,
    0x23,0x23,0x23,0x23,0x23,0x23,0x23,0x23,0x23,0x23,0x27,0x27,0x23,0x23,0x23,0x23,
    0x23,0x23,0x23,0x23,0x2c,0x2c,0x18,0x18,0x1f,0x1f,0x25,0x25,0x23,0x23,0x2e,0x2e,
    0x2e,0x2e,0x1c,0x1c,0x15,0x15,0x1f,0x1f,0x15,0x15,0x19,0x19,0x2e,0x2e,0x23,0x23,
    0x28,0x28,0x2b,0x2b,0x2b,0x2b,0x2b,0x2b,0x2b,0x2b,0x2b,0x2b,0x25,0x25,0x25,0x25,
    0x23,0x23,0x28,0x28,0x26,0x26,0x1d,0x1d,0x0e,0x0e,0x0e,0x0e,0x0e,0x0e,0x0f,0x0f,
    0x0e,0x0e,0x0c,0x0c,0x06,0x06,0x06,0x06,0x06,0x06,0x03,0x03,0x03,0x03,0x07,0x07,
    0x0e,0x0e,0x14,0x14,0x18,0x18,0x0b,0x0b,0x16,0x16,0x14,0x14,0x0e,0x0e,0x07,0x07,
    0x1a,0x1a,0x2f,0x2f,0x17,0x17,0x16,0x16,0x1a,0x1a,0x18,0x18,0x1d,0x1d,0x18,0x18,
    0x1b,0x1b,0x14,0x14,0x1a,0x1a,0x14,0x14,0x20,0x20,0x2c,0x2c,0x2e,0x2e,0x1b,0x1b,
    0x2b,0x2b,0x2a,0x2a,0x16,0x16,0x0f,0x0f,0x0c,0x0c,0x18,0x18,0x1a,0x1a,0x1d,0x1d,
    0x2b,0x2b,0x23,0x23,0x23,0x23,0x22,0x22,0x2b,0x2b,0x25,0x25,0x23,0x23,0x23,0x23,
    0x23,0x23,0x23,0x23,0x23,0x23,0x23,0x23,0x2b,0x2b,0x1a,0x1a,0x12,0x12,0x18,0x18,
    0x2c,0x2c,0x1f,0x1f,0x1e,0x1e,0x18,0x18,0x11,0x11,0x1a,0x1a,0x23,0x23,0x16,0x16,
    0x13,0x13,0x1a,0x1a,0x1e,0x1e,0x15,0x15,0x1c,0x1c,0x1a,0x1a,0x20,0x20,0x23,0x23,
    0x10,0x10,0x0a,0x0a,0x09,0x09,0x05,0x05,0x0a,0x0a,0x05,0x05,0x02,0x02,0x00,0x00,
    0x05,0x05,0x05,0x05,0x09,0x09,0x09,0x09,0x05,0x05,0x05,0x05,0x12,0x12,0x0a,0x0a,
    0x09,0x09,0x09,0x09,0x09,0x09,0x09,0x09,0x09,0x09,0x09,0x09,0x09,0x09,0x08,0x08,
    0x04,0x04,0x02,0x02,0x04,0x04,0x02,0x02,0x01,0x01,0x07,0x07,0x04,0x04,0x02,0x02,
    0x01,0x01,0x01,0x01,0x01,0x01,0x01,0x01,0x01,0x01,0x01,0x01,0x01,0x01,0x03,0x03,
    0x0b,0x0b,0x0e,0x0e,0x0e,0x0e,0x0e,0x0e,0x0e,0x0e,0x0e,0x0e,0x07,0x07,0x03,0x03,
    0x07,0x07,0x14,0x14,0x2c,0x2c,0x2f,0x2f,0x25,0x25,0x2e,0x2e,0x2e,0x2e,0x2c,0x2c,
    0x23,0x23,0x25,0x25,0x2b,0x2b,0x2e,0x2e,0x18,0x18,0x0f,0x0f,0x1c,0x1c,0x16,0x16,
    0x11,0x11,0x0a,0x0a,0x16,0x16,0x19,0x19,0x1e,0x1e,0x2c,0x2c,0x23,0x23,0x25,0x25,
    0x25,0x25,0x23,0x23,0x23,0x23,0x2b,0x2b,0x2b,0x2b,0x23,0x23,0x23,0x23,0x22,0x22,
    0x23,0x23,0x20,0x20,0x2d,0x2d,0x11,0x11,0x12,0x12,0x14,0x14,0x1b,0x1b,0x14,0x14,
    0x1a,0x1a,0x1f,0x1f,0x0f,0x0f,0x1a,0x1a,0x17,0x17,0x1b,0x1b,0x23,0x23,0x23,0x23,
    0x28,0x28,0x2c,0x2c,0x26,0x26,0x23,0x23,0x1d,0x1d,0x23,0x23,0x23,0x23,0x1c,0x1c,
    0x1c,0x1c,0x1d,0x1d,0x12,0x12,0x12,0x12,0x0d,0x0d,0x0d,0x0d,0x12,0x12,0x19,0x19,
    0x0f,0x0f,0x0f,0x0f,0x0f,0x0f,0x1f,0x1f,0x2c,0x2c,0x25,0x25,0x2c,0x2c,0x2f,0x2f,
    0x18,0x18,0x13,0x13,0x10,0x10,0x0a,0x0a,0x0a,0x0a,0x0d,0x0d,0x05,0x05,0x05,0x05,
    0x0d,0x0d,0x09,0x09,0x09,0x09,0x11,0x11,0x11,0x11,0x20,0x20,0x12,0x12,0x13,0x13,
    0x19,0x19,0x27,0x27,0x27,0x27,0x2c,0x2c,0x23,0x23,0x23,0x23,0x23,0x23,0x2b,0x2b,
    0x23,0x23,0x23,0x23,0x23,0x23,0x23,0x23,0x23,0x23,0x27,0x27,0x23,0x23,0x23,0x23,
    0x23,0x23,0x23,0x23,0x2c,0x2c,0x18,0x18,0x1f,0x1f,0x25,0x25,0x23,0x23,0x2e,0x2e,
    0x22,0x22,0x2e,0x2e,0x1b,0x1b,0x1c,0x1c,0x1c,0x1c,0x2f,0x2f,0x28,0x28,0x2b,0x2b,
    0x28,0x28,0x28,0x28,0x28,0x28,0x2b,0x2b,0x2c,0x2c,0x2b,0x2b,0x28,0x28,0x28,0x28,
    0x23,0x23,0x23,0x23,0x23,0x23,0x14,0x14,0x12,0x12,0x0c,0x0c,0x0e,0x0e,0x0c,0x0c,
    0x14,0x14,0x0f,0x0f,0x0b,0x0b,0x0c,0x0c,0x06,0x06,0x06,0x06,0x06,0x06,0x06,0x06,
    0x07,0x07,0x0b,0x0b,0x0f,0x0f,0x14,0x14,0x1a,0x1a,0x1f,0x1f,0x14,0x14,0x1b,0x1b,
    0x2f,0x2f,0x1f,0x1f,0x1a,0x1a,0x1d,0x1d,0x1c,0x1c,0x0f,0x0f,0x0f,0x0f,0x17,0x17,
    0x28,0x28,0x2b,0x2b,0x1d,0x1d,0x1c,0x1c,0x2c,0x2c,0x23,0x23,0x2b,0x2b,0x22,0x22,
    0x17,0x17,0x2b,0x2b,0x14,0x14,0x18,0x18,0x0f,0x0f,0x1d,0x1d,0x22,0x22,0x1f,0x1f,
    0x23,0x23,0x27,0x27,0x27,0x27,0x27,0x27,0x23,0x23,0x23,0x23,0x23,0x23,0x23,0x23,
    0x23,0x23,0x23,0x23,0x23,0x23,0x23,0x23,0x2b,0x2b,0x1e,0x1e,0x1e,0x1e,0x1e,0x1e,
    0x2c,0x2c,0x1c,0x1c,0x16,0x16,0x16,0x16,0x18,0x18,0x1c,0x1c,0x12,0x12,0x1a,0x1a,
    0x15,0x15,0x17,0x17,0x15,0x15,0x11,0x11,0x1c,0x1c,0x13,0x13,0x22,0x22,0x1c,0x1c,
    0x10,0x10,0x11,0x11,0x09,0x09,0x02,0x02,0x02,0x02,0x02,0x02,0x00,0x00,0x00,0x00,
    0x05,0x05,0x09,0x09,0x0a,0x0a,0x09,0x09,0x08,0x08,0x08,0x08,0x11,0x11,0x09,0x09,
    0x0d,0x0d,0x10,0x10,0x08,0x08,0x09,0x09,0x09,0x09,0x08,0x08,0x08,0x08,0x08,0x08,
    0x02,0x02,0x01,0x01,0x01,0x01,0x04,0x04,0x04,0x04,0x07,0x07,0x08,0x08,0x04,0x04,
    0x03,0x03,0x01,0x01,0x01,0x01,0x01,0x01,0x01,0x01,0x01,0x01,0x03,0x03,0x03,0x03,
    0x03,0x03,0x03,0x03,0x07,0x07,0x0b,0x0b,0x0b,0x0b,0x0b,0x0b,0x06,0x06,0x0b,0x0b,
    0x06,0x06,0x0b,0x0b,0x14,0x14,0x1f,0x1f,0x23,0x23,0x25,0x25,0x27,0x27,0x25,0x25,
    0x23,0x23,0x2c,0x2c,0x17,0x17,0x18,0x18,0x12,0x12,0x0c,0x0c,0x17,0x17,0x17,0x17,
    0x10,0x10,0x10,0x10,0x16,0x16,0x1e,0x1e,0x2e,0x2e,0x22,0x22,0x22,0x22,0x1f,0x1f,
    0x1f,0x1f,0x25,0x25,0x2c,0x2c,0x1e,0x1e,0x15,0x15,0x22,0x22,0x23,0x23,0x2f,0x2f,
    0x18,0x18,0x17,0x17,0x1a,0x1a,0x0d,0x0d,0x0a,0x0a,0x16,0x16,0x19,0x19,0x1a,0x1a,
    0x25,0x25,0x1d,0x1d,0x1c,0x1c,0x23,0x23,0x18,0x18,0x1b,0x1b,0x2c,0x2c,0x25,0x25,
    0x2b,0x2b,0x25,0x25,0x23,0x23,0x25,0x25,0x23,0x23,0x20,0x20,0x23,0x23,0x23,0x23,
    0x2b,0x2b,0x0e,0x0e,0x08,0x08,0x0c,0x0c,0x0c,0x0c,0x0c,0x0c,0x0b,0x0b,0x12,0x12,
    0x15,0x15,0x14,0x14,0x1a,0x1a,0x20,0x20,0x25,0x25,0x25,0x25,0x1c,0x1c,0x12,0x12,
    0x1f,0x1f,0x18,0x18,0x11,0x11,0x12,0x12,0x0a,0x0a,0x05,0x05,0x05,0x05,0x05,0x05,
    0x05,0x05,0x08,0x08,0x05,0x05,0x11,0x11,0x11,0x11,0x11,0x11,0x11,0x11,0x11,0x11,
    0x16,0x16,0x16,0x16,0x2f,0x2f,0x18,0x18,0x22,0x22,0x2b,0x2b,0x25,0x25,0x27,0x27,
    0x23,0x23,0x23,0x23,0x23,0x23,0x23,0x23,0x23,0x23,0x23,0x23,0x27,0x27,0x2a,0x2a,
    0x23,0x23,0x23,0x23,0x23,0x23,0x2c,0x2c,0x23,0x23,0x21,0x21,0x25,0x25,0x25,0x25,
    0x22,0x22,0x2e,0x2e,0x1b,0x1b,0x1c,0x1c,0x1c,0x1c,0x2f,0x2f,0x28,0x28,0x2b,0x2b,
    0x28,0x28,0x28,0x28,0x28,0x28,0x2b,0x2b,0x2c,0x2c,0x2b,0x2b,0x28,0x28,0x28,0x28,
    0x23,0x23,0x23,0x23,0x23,0x23,0x14,0x14,0x12,0x12,0x0c,0x0c,0x0e,0x0e,0x0c,0x0c,
    0x14,0x14,0x0f,0x0f,0x0b,0x0b,0x0c,0x0c,0x06,0x06,0x06,0x06,0x06,0x06,0x06,0x06,
    0x07,0x07,0x0b,0x0b,0x0f,0x0f,0x14,0x14,0x1a,0x1a,0x1f,0x1f,0x14,0x14,0x1b,0x1b,
    0x2f,0x2f,0x1f,0x1f,0x1a,0x1a,0x1d,0x1d,0x1c,0x1c,0x0f,0x0f,0x0f,0x0f,0x17,0x17,
    0x28,0x28,0x2b,0x2b,0x1d,0x1d,0x1c,0x1c,0x2c,0x2c,0x23,0x23,0x2b,0x2b,0x22,0x22,
    0x17,0x17,0x2b,0x2b,0x14,0x14,0x18,0x18,0x0f,0x0f,0x1d,0x1d,0x22,0x22,0x1f,0x1f,
    0x23,0x23,0x27,0x27,0x27,0x27,0x27,0x27,0x23,0x23,0x23,0x23,0x23,0x23,0x23,0x23,
    0x23,0x23,0x23,0x23,0x23,0x23,0x23,0x23,0x2b,0x2b,0x1e,0x1e,0x1e,0x1e,0x1e,0x1e,
    0x2c,0x2c,0x1c,0x1c,0x16,0x16,0x16,0x16,0x18,0x18,0x1c,0x1c,0x12,0x12,0x1a,0x1a,
    0x15,0x15,0x17,0x17,0x15,0x15,0x11,0x11,0x1c,0x1c,0x13,0x13,0x22,0x22,0x1c,0x1c,
    0x10,0x10,0x11,0x11,0x09,0x09,0x02,0x02,0x02,0x02,0x02,0x02,0x00,0x00,0x00,0x00,
    0x05,0x05,0x09,0x09,0x0a,0x0a,0x09,0x09,0x08,0x08,0x08,0x08,0x11,0x11,0x09,0x09,
    0x0d,0x0d,0x10,0x10,0x08,0x08,0x09,0x09,0x09,0x09,0x08,0x08,0x08,0x08,0x08,0x08,
    0x02,0x02,0x01,0x01,0x01,0x01,0x04,0x04,0x04,0x04,0x07,0x07,0x08,0x08,0x04,0x04,
    0x03,0x03,0x01,0x01,0x01,0x01,0x01,0x01,0x01,0x01,0x01,0x01,0x03,0x03,0x03,0x03,
    0x03,0x03,0x03,0x03,0x07,0x07,0x0b,0x0b,0x0b,0x0b,0x0b,0x0b,0x06,0x06,0x0b,0x0b,
    0x06,0x06,0x0b,0x0b,0x14,0x14,0x1f,0x1f,0x23,0x23,0x25,0x25,0x27,0x27,0x25,0x25,
    0x23,0x23,0x2c,0x2c,0x17,0x17,0x18,0x18,0x12,0x12,0x0c,0x0c,0x17,0x17,0x17,0x17,
    0x10,0x10,0x10,0x10,0x16,0x16,0x1e,0x1e,0x2e,0x2e,0x22,0x22,0x22,0x22,0x1f,0x1f,
    0x1f,0x1f,0x25,0x25,0x2c,0x2c,0x1e,0x1e,0x15,0x15,0x22,0x22,0x23,0x23,0x2f,0x2f,
    0x18,0x18,0x17,0x17,0x1a,0x1a,0x0d,0x0d,0x0a,0x0a,0x16,0x16,0x19,0x19,0x1a,0x1a,
    0x25,0x25,0x1d,0x1d,0x1c,0x1c,0x23,0x23,0x18,0x18,0x1b,0x1b,0x2c,0x2c,0x25,0x25,
    0x2b,0x2b,0x25,0x25,0x23,0x23,0x25,0x25,0x23,0x23,0x20,0x20,0x23,0x23,0x23,0x23,
    0x2b,0x2b,0x0e,0x0e,0x08,0x08,0x0c,0x0c,0x0c,0x0c,0x0c,0x0c,0x0b,0x0b,0x12,0x12,
    0x15,0x15,0x14,0x14,0x1a,0x1a,0x20,0x20,0x25,0x25,0x25,0x25,0x1c,0x1c,0x12,0x12,
    0x1f,0x1f,0x18,0x18,0x11,0x11,0x12,0x12,0x0a,0x0a,0x05,0x05,0x05,0x05,0x05,0x05,
    0x05,0x05,0x08,0x08,0x05,0x05,0x11,0x11,0x11,0x11,0x11,0x11,0x11,0x11,0x11,0x11,
    0x16,0x16,0x16,0x16,0x2f,0x2f,0x18,0x18,0x22,0x22,0x2b,0x2b,0x25,0x25,0x27,0x27,
    0x23,0x23,0x23,0x23,0x23,0x23,0x23,0x23,0x23,0x23,0x23,0x23,0x27,0x27,0x2a,0x2a,
    0x23,0x23,0x23,0x23,0x23,0x23,0x2c,0x2c,0x23,0x23,0x21,0x21,0x25,0x25,0x25,0x25,
    0x2c,0x2c,0x1f,0x1f,0x21,0x21,0x2e,0x2e,0x2e,0x2e,0x2b,0x2b,0x2b,0x2b,0x28,0x28,
    0x28,0x28,0x28,0x28,0x2b,0x2b,0x2b,0x2b,0x2b,0x2b,0x2c,0x2c,0x28,0x28,0x23,0x23,
    0x25,0x25,0x23,0x23,0x1b,0x1b,0x16,0x16,0x0f,0x0f,0x0e,0x0e,0x0c,0x0c,0x0e,0x0e,
    0x0f,0x0f,0x16,0x16,0x0f,0x0f,0x0e,0x0e,0x0c,0x0c,0x0f,0x0f,0x07,0x07,0x07,0x07,
    0x06,0x06,0x0b,0x0b,0x16,0x16,0x1c,0x1c,0x17,0x17,0x2f,0x2f,0x23,0x23,0x2c,0x2c,
    0x23,0x23,0x23,0x23,0x2f,0x2f,0x1b,0x1b,0x17,0x17,0x14,0x14,0x0f,0x0f,0x1a,0x1a,
    0x25,0x25,0x23,0x23,0x25,0x25,0x2c,0x2c,0x23,0x23,0x27,0x27,0x2b,0x2b,0x1d,0x1d,
    0x17,0x17,0x17,0x17,0x1f,0x1f,0x23,0x23,0x16,0x16,0x1b,0x1b,0x27,0x27,0x17,0x17,
    0x23,0x23,0x27,0x27,0x23,0x23,0x23,0x23,0x23,0x23,0x23,0x23,0x23,0x23,0x23,0x23,
    0x23,0x23,0x23,0x23,0x27,0x27,0x23,0x23,0x23,0x23,0x2c,0x2c,0x2b,0x2b,0x2b,0x2b,
    0x23,0x23,0x23,0x23,0x1a,0x1a,0x1a,0x1a,0x2f,0x2f,0x13,0x13,0x0d,0x0d,0x14,0x14,
    0x20,0x20,0x11,0x11,0x11,0x11,0x08,0x08,0x0d,0x0d,0x19,0x19,0x23,0x23,0x2f,0x2f,
    0x13,0x13,0x1c,0x1c,0x12,0x12,0x09,0x09,0x00,0x00,0x00,0x00,0x00,0x00,0x02,0x02,
    0x05,0x05,0x09,0x09,0x05,0x05,0x09,0x09,0x08,0x08,0x09,0x09,0x0e,0x0e,0x10,0x10,
    0x16,0x16,0x0f,0x0f,0x10,0x10,0x09,0x09,0x09,0x09,0x09,0x09,0x09,0x09,0x05,0x05,
    0x02,0x02,0x01,0x01,0x02,0x02,0x02,0x02,0x04,0x04,0x08,0x08,0x07,0x07,0x08,0x08,
    0x07,0x07,0x02,0x02,0x01,0x01,0x01,0x01,0x01,0x01,0x01,0x01,0x01,0x01,0x01,0x01,
    0x03,0x03,0x03,0x03,0x06,0x06,0x0b,0x0b,0x03,0x03,0x03,0x03,0x0b,0x0b,0x0e,0x0e,
    0x0b,0x0b,0x0b,0x0b,0x0f,0x0f,0x1a,0x1a,0x2f,0x2f,0x23,0x23,0x27,0x27,0x1e,0x1e,
    0x23,0x23,0x1c,0x1c,0x14,0x14,0x14,0x14,0x0c,0x0c,0x0c,0x0c,0x0e,0x0e,0x11,0x11,
    0x12,0x12,0x0d,0x0d,0x16,0x16,0x15,0x15,0x19,0x19,0x19,0x19,0x18,0x18,0x13,0x13,
    0x1c,0x1c,0x2c,0x2c,0x2b,0x2b,0x16,0x16,0x19,0x19,0x20,0x20,0x11,0x11,0x1a,0x1a,
    0x1d,0x1d,0x13,0x13,0x15,0x15,0x0d,0x0d,0x0d,0x0d,0x10,0x10,0x11,0x11,0x1b,0x1b,
    0x2c,0x2c,0x25,0x25,0x2c,0x2c,0x23,0x23,0x2e,0x2e,0x2c,0x2c,0x23,0x23,0x2b,0x2b,
    0x25,0x25,0x23,0x23,0x2e,0x2e,0x1b,0x1b,0x23,0x23,0x2c,0x2c,0x22,0x22,0x20,0x20,
    0x1b,0x1b,0x1a,0x1a,0x14,0x14,0x0c,0x0c,0x12,0x12,0x0d,0x0d,0x0b,0x0b,0x12,0x12,
    0x19,0x19,0x1c,0x1c,0x2e,0x2e,0x25,0x25,0x23,0x23,0x29,0x29,0x15,0x15,0x09,0x09,
    0x15,0x15,0x15,0x15,0x08,0x08,0x0a,0x0a,0x0a,0x0a,0x05,0x05,0x05,0x05,0x05,0x05,
    0x08,0x08,0x09,0x09,0x09,0x09,0x0a,0x0a,0x10,0x10,0x10,0x10,0x10,0x10,0x10,0x10,
    0x11,0x11,0x16,0x16,0x1f,0x1f,0x1f,0x1f,0x1f,0x1f,0x22,0x22,0x22,0x22,0x23,0x23,
    0x23,0x23,0x23,0x23,0x20,0x20,0x2b,0x2b,0x23,0x23,0x23,0x23,0x2a,0x2a,0x2b,0x2b,
    0x23,0x23,0x23,0x23,0x25,0x25,0x20,0x20,0x2c,0x2c,0x2e,0x2e,0x20,0x20,0x25,0x25,
    0x2c,0x2c,0x1f,0x1f,0x21,0x21,0x2e,0x2e,0x2e,0x2e,0x2b,0x2b,0x2b,0x2b,0x28,0x28,
    0x28,0x28,0x28,0x28,0x2b,0x2b,0x2b,0x2b,0x2b,0x2b,0x2c,0x2c,0x28,0x28,0x23,0x23,
    0x25,0x25,0x23,0x23,0x1b,0x1b,0x16,0x16,0x0f,0x0f,0x0e,0x0e,0x0c,0x0c,0x0e,0x0e,
    0x0f,0x0f,0x16,0x16,0x0f,0x0f,0x0e,0x0e,0x0c,0x0c,0x0f,0x0f,0x07,0x07,0x07,0x07,
    0x06,0x06,0x0b,0x0b,0x16,0x16,0x1c,0x1c,0x17,0x17,0x2f,0x2f,0x23,0x23,0x2c,0x2c,
    0x23,0x23,0x23,0x23,0x2f,0x2f,0x1b,0x1b,0x17,0x17,0x14,0x14,0x0f,0x0f,0x1a,0x1a,
    0x25,0x25,0x23,0x23,0x25,0x25,0x2c,0x2c,0x23,0x23,0x27,0x27,0x2b,0x2b,0x1d,0x1d,
    0x17,0x17,0x17,0x17,0x1f,0x1f,0x23,0x23,0x16,0x16,0x1b,0x1b,0x27,0x27,0x17,0x17,
    0x23,0x23,0x27,0x27,0x23,0x23,0x23,0x23,0x23,0x23,0x23,0x23,0x23,0x23,0x23,0x23,
    0x23,0x23,0x23,0x23,0x27,0x27,0x23,0x23,0x23,0x23,0x2c,0x2c,0x2b,0x2b,0x2b,0x2b,
    0x23,0x23,0x23,0x23,0x1a,0x1a,0x1a,0x1a,0x2f,0x2f,0x13,0x13,0x0d,0x0d,0x14,0x14,
    0x20,0x20,0x11,0x11,0x11,0x11,0x08,0x08,0x0d,0x0d,0x19,0x19,0x23,0x23,0x2f,0x2f,
    0x13,0x13,0x1c,0x1c,0x12,0x12,0x09,0x09,0x00,0x00,0x00,0x00,0x00,0x00,0x02,0x02,
    0x05,0x05,0x09,0x09,0x05,0x05,0x09,0x09,0x08,0x08,0x09,0x09,0x0e,0x0e,0x10,0x10,
    0x16,0x16,0x0f,0x0f,0x10,0x10,0x09,0x09,0x09,0x09,0x09,0x09,0x09,0x09,0x05,0x05,
    0x02,0x02,0x01,0x01,0x02,0x02,0x02,0x02,0x04,0x04,0x08,0x08,0x07,0x07,0x08,0x08,
    0x07,0x07,0x02,0x02,0x01,0x01,0x01,0x01,0x01,0x01,0x01,0x01,0x01,0x01,0x01,0x01,
    0x03,0x03,0x03,0x03,0x06,0x06,0x0b,0x0b,0x03,0x03,0x03,0x03,0x0b,0x0b,0x0e,0x0e,
    0x0b,0x0b,0x0b,0x0b,0x0f,0x0f,0x1a,0x1a,0x2f,0x2f,0x23,0x23,0x27,0x27,0x1e,0x1e,
    0x23,0x23,0x1c,0x1c,0x14,0x14,0x14,0x14,0x0c,0x0c,0x0c,0x0c,0x0e,0x0e,0x11,0x11,
    0x12,0x12,0x0d,0x0d,0x16,0x16,0x15,0x15,0x19,0x19,0x19,0x19,0x18,0x18,0x13,0x13,
    0x1c,0x1c,0x2c,0x2c,0x2b,0x2b,0x16,0x16,0x19,0x19,0x20,0x20,0x11,0x11,0x1a,0x1a,
    0x1d,0x1d,0x13,0x13,0x15,0x15,0x0d,0x0d,0x0d,0x0d,0x10,0x10,0x11,0x11,0x1b,0x1b,
    0x2c,0x2c,0x25,0x25,0x2c,0x2c,0x23,0x23,0x2e,0x2e,0x2c,0x2c,0x23,0x23,0x2b,0x2b,
    0x25,0x25,0x23,0x23,0x2e,0x2e,0x1b,0x1b,0x23,0x23,0x2c,0x2c,0x22,0x22,0x20,0x20,
    0x1b,0x1b,0x1a,0x1a,0x14,0x14,0x0c,0x0c,0x12,0x12,0x0d,0x0d,0x0b,0x0b,0x12,0x12,
    0x19,0x19,0x1c,0x1c,0x2e,0x2e,0x25,0x25,0x23,0x23,0x29,0x29,0x15,0x15,0x09,0x09,
    0x15,0x15,0x15,0x15,0x08,0x08,0x0a,0x0a,0x0a,0x0a,0x05,0x05,0x05,0x05,0x05,0x05,
    0x08,0x08,0x09,0x09,0x09,0x09,0x0a,0x0a,0x10,0x10,0x10,0x10,0x10,0x10,0x10,0x10,
    0x11,0x11,0x16,0x16,0x1f,0x1f,0x1f,0x1f,0x1f,0x1f,0x22,0x22,0x22,0x22,0x23,0x23,
    0x23,0x23,0x23,0x23,0x20,0x20,0x2b,0x2b,0x23,0x23,0x23,0x23,0x2a,0x2a,0x2b,0x2b,
    0x23,0x23,0x23,0x23,0x25,0x25,0x20,0x20,0x2c,0x2c,0x2e,0x2e,0x20,0x20,0x25,0x25,
    0x1d,0x1d,0x18,0x18,0x1c,0x1c,0x2b,0x2b,0x23,0x23,0x25,0x25,0x28,0x28,0x25,0x25,
    0x25,0x25,0x25,0x25,0x25,0x25,0x25,0x25,0x2b,0x2b,0x28,0x28,0x23,0x23,0x2b,0x2b,
    0x1c,0x1c,0x1b,0x1b,0x18,0x18,0x1c,0x1c,0x17,0x17,0x15,0x15,0x0c,0x0c,0x17,0x17,
    0x0f,0x0f,0x14,0x14,0x1f,0x1f,0x0f,0x0f,0x0e,0x0e,0x16,0x16,0x0f,0x0f,0x0b,0x0b,
    0x07,0x07,0x18,0x18,0x18,0x18,0x1b,0x1b,0x2f,0x2f,0x23,0x23,0x28,0x28,0x2c,0x2c,
    0x22,0x22,0x23,0x23,0x20,0x20,0x2d,0x2d,0x17,0x17,0x1d,0x1d,0x18,0x18,0x17,0x17,
    0x2b,0x2b,0x23,0x23,0x23,0x23,0x23,0x23,0x28,0x28,0x25,0x25,0x23,0x23,0x28,0x28,
    0x1d,0x1d,0x1f,0x1f,0x1a,0x1a,0x23,0x23,0x2b,0x2b,0x23,0x23,0x28,0x28,0x2c,0x2c,
    0x23,0x23,0x25,0x25,0x27,0x27,0x23,0x23,0x20,0x20,0x23,0x23,0x23,0x23,0x23,0x23,
    0x23,0x23,0x2b,0x2b,0x23,0x23,0x23,0x23,0x23,0x23,0x23,0x23,0x23,0x23,0x23,0x23,
    0x23,0x23,0x23,0x23,0x25,0x25,0x2e,0x2e,0x18,0x18,0x15,0x15,0x10,0x10,0x0d,0x0d,
    0x10,0x10,0x0d,0x0d,0x11,0x11,0x0d,0x0d,0x09,0x09,0x16,0x16,0x15,0x15,0x11,0x11,
    0x15,0x15,0x16,0x16,0x10,0x10,0x09,0x09,0x05,0x05,0x02,0x02,0x00,0x00,0x02,0x02,
    0x0a,0x0a,0x09,0x09,0x0a,0x0a,0x09,0x09,0x09,0x09,0x11,0x11,0x0d,0x0d,0x14,0x14,
    0x0e,0x0e,0x11,0x11,0x17,0x17,0x0f,0x0f,0x0e,0x0e,0x12,0x12,0x0a,0x0a,0x04,0x04,
    0x05,0x05,0x04,0x04,0x05,0x05,0x04,0x04,0x02,0x02,0x04,0x04,0x07,0x07,0x09,0x09,
    0x0b,0x0b,0x08,0x08,0x07,0x07,0x02,0x02,0x03,0x03,0x01,0x01,0x01,0x01,0x01,0x01,
    0x01,0x01,0x03,0x03,0x03,0x03,0x03,0x03,0x06,0x06,0x06,0x06,0x0b,0x0b,0x0b,0x0b,
    0x0f,0x0f,0x0f,0x0f,0x23,0x23,0x1f,0x1f,0x1c,0x1c,0x23,0x23,0x2f,0x2f,0x14,0x14,
    0x14,0x14,0x2f,0x2f,0x1b,0x1b,0x0e,0x0e,0x0c,0x0c,0x12,0x12,0x0e,0x0e,0x0c,0x0c,
    0x0e,0x0e,0x0d,0x0d,0x09,0x09,0x09,0x09,0x0a,0x0a,0x1a,0x1a,0x18,0x18,0x1b,0x1b,
    0x2f,0x2f,0x20,0x20,0x20,0x20,0x2c,0x2c,0x16,0x16,0x11,0x11,0x09,0x09,0x0d,0x0d,
    0x12,0x12,0x0a,0x0a,0x10,0x10,0x0d,0x0d,0x12,0x12,0x13,0x13,0x19,0x19,0x2c,0x2c,
    0x23,0x23,0x25,0x25,0x23,0x23,0x23,0x23,0x23,0x23,0x23,0x23,0x27,0x27,0x23,0x23,
    0x23,0x23,0x2c,0x2c,0x1c,0x1c,0x0e,0x0e,0x12,0x12,0x17,0x17,0x2e,0x2e,0x1c,0x1c,
    0x0e,0x0e,0x12,0x12,0x1f,0x1f,0x14,0x14,0x17,0x17,0x0c,0x0c,0x1a,0x1a,0x1a,0x1a,
    0x18,0x18,0x25,0x25,0x23,0x23,0x23,0x23,0x23,0x23,0x2c,0x2c,0x18,0x18,0x10,0x10,
    0x0a,0x0a,0x11,0x11,0x09,0x09,0x05,0x05,0x05,0x05,0x0a,0x0a,0x0d,0x0d,0x09,0x09,
    0x0a,0x0a,0x10,0x10,0x10,0x10,0x0d,0x0d,0x10,0x10,0x15,0x15,0x15,0x15,0x16,0x16,
    0x16,0x16,0x1c,0x1c,0x1a,0x1a,0x17,0x17,0x1b,0x1b,0x15,0x15,0x23,0x23,0x23,0x23,
    0x23,0x23,0x23,0x23,0x1e,0x1e,0x18,0x18,0x22,0x22,0x23,0x23,0x23,0x23,0x27,0x27,
    0x25,0x25,0x27,0x27,0x23,0x23,0x2c,0x2c,0x1a,0x1a,0x18,0x18,0x2e,0x2e,0x23,0x23,
    0x1d,0x1d,0x18,0x18,0x1c,0x1c,0x2b,0x2b,0x23,0x23,0x25,0x25,0x28,0x28,0x25,0x25,
    0x25,0x25,0x25,0x25,0x25,0x25,0x25,0x25,0x2b,0x2b,0x28,0x28,0x23,0x23,0x2b,0x2b,
    0x1c,0x1c,0x1b,0x1b,0x18,0x18,0x1c,0x1c,0x17,0x17,0x15,0x15,0x0c,0x0c,0x17,0x17,
    0x0f,0x0f,0x14,0x14,0x1f,0x1f,0x0f,0x0f,0x0e,0x0e,0x16,0x16,0x0f,0x0f,0x0b,0x0b,
    0x07,0x07,0x18,0x18,0x18,0x18,0x1b,0x1b,0x2f,0x2f,0x23,0x23,0x28,0x28,0x2c,0x2c,
    0x22,0x22,0x23,0x23,0x20,0x20,0x2d,0x2d,0x17,0x17,0x1d,0x1d,0x18,0x18,0x17,0x17,
    0x2b,0x2b,0x23,0x23,0x23,0x23,0x23,0x23,0x28,0x28,0x25,0x25,0x23,0x23,0x28,0x28,
    0x1d,0x1d,0x1f,0x1f,0x1a,0x1a,0x23,0x23,0x2b,0x2b,0x23,0x23,0x28,0x28,0x2c,0x2c,
    0x23,0x23,0x25,0x25,0x27,0x27,0x23,0x23,0x20,0x20,0x23,0x23,0x23,0x23,0x23,0x23,
    0x23,0x23,0x2b,0x2b,0x23,0x23,0x23,0x23,0x23,0x23,0x23,0x23,0x23,0x23,0x23,0x23,
    0x23,0x23,0x23,0x23,0x25,0x25,0x2e,0x2e,0x18,0x18,0x15,0x15,0x10,0x10,0x0d,0x0d,
    0x10,0x10,0x0d,0x0d,0x11,0x11,0x0d,0x0d,0x09,0x09,0x16,0x16,0x15,0x15,0x11,0x11,
    0x15,0x15,0x16,0x16,0x10,0x10,0x09,0x09,0x05,0x05,0x02,0x02,0x00,0x00,0x02,0x02,
    0x0a,0x0a,0x09,0x09,0x0a,0x0a,0x09,0x09,0x09,0x09,0x11,0x11,0x0d,0x0d,0x14,0x14,
    0x0e,0x0e,0x11,0x11,0x17,0x17,0x0f,0x0f,0x0e,0x0e,0x12,0x12,0x0a,0x0a,0x04,0x04,
    0x05,0x05,0x04,0x04,0x05,0x05,0x04,0x04,0x02,0x02,0x04,0x04,0x07,0x07,0x09,0x09,
    0x0b,0x0b,0x08,0x08,0x07,0x07,0x02,0x02,0x03,0x03,0x01,0x01,0x01,0x01,0x01,0x01,
    0x01,0x01,0x03,0x03,0x03,0x03,0x03,0x03,0x06,0x06,0x06,0x06,0x0b,0x0b,0x0b,0x0b,
    0x0f,0x0f,0x0f,0x0f,0x23,0x23,0x1f,0x1f,0x1c,0x1c,0x23,0x23,0x2f,0x2f,0x14,0x14,
    0x14,0x14,0x2f,0x2f,0x1b,0x1b,0x0e,0x0e,0x0c,0x0c,0x12,0x12,0x0e,0x0e,0x0c,0x0c,
    0x0e,0x0e,0x0d,0x0d,0x09,0x09,0x09,0x09,0x0a,0x0a,0x1a,0x1a,0x18,0x18,0x1b,0x1b,
    0x2f,0x2f,0x20,0x20,0x20,0x20,0x2c,0x2c,0x16,0x16,0x11,0x11,0x09,0x09,0x0d,0x0d,
    0x12,0x12,0x0a,0x0a,0x10,0x10,0x0d,0x0d,0x12,0x12,0x13,0x13,0x19,0x19,0x2c,0x2c,
    0x23,0x23,0x25,0x25,0x23,0x23,0x23,0x23,0x23,0x23,0x23,0x23,0x27,0x27,0x23,0x23,
    0x23,0x23,0x2c,0x2c,0x1c,0x1c,0x0e,0x0e,0x12,0x12,0x17,0x17,0x2e,0x2e,0x1c,0x1c,
    0x0e,0x0e,0x12,0x12,0x1f,0x1f,0x14,0x14,0x17,0x17,0x0c,0x0c,0x1a,0x1a,0x1a,0x1a,
    0x18,0x18,0x25,0x25,0x23,0x23,0x23,0x23,0x23,0x23,0x2c,0x2c,0x18,0x18,0x10,0x10,
    0x0a,0x0a,0x11,0x11,0x09,0x09,0x05,0x05,0x05,0x05,0x0a,0x0a,0x0d,0x0d,0x09,0x09,
    0x0a,0x0a,0x10,0x10,0x10,0x10,0x0d,0x0d,0x10,0x10,0x15,0x15,0x15,0x15,0x16,0x16,
    0x16,0x16,0x1c,0x1c,0x1a,0x1a,0x17,0x17,0x1b,0x1b,0x15,0x15,0x23,0x23,0x23,0x23,
    0x23,0x23,0x23,0x23,0x1e,0x1e,0x18,0x18,0x22,0x22,0x23,0x23,0x23,0x23,0x27,0x27,
    0x25,0x25,0x27,0x27,0x23,0x23,0x2c,0x2c,0x1a,0x1a,0x18,0x18,0x2e,0x2e,0x23,0x23,
    0x1f,0x1f,0x15,0x15,0x15,0x15,0x22,0x22,0x2f,0x2f,0x25,0x25,0x2b,0x2b,0x2b,0x2b,
    0x2b,0x2b,0x2b,0x2b,0x25,0x25,0x25,0x25,0x2b,0x2b,0x2b,0x2b,0x2b,0x2b,0x2f,0x2f,
    0x16,0x16,0x14,0x14,0x1b,0x1b,0x1f,0x1f,0x18,0x18,0x18,0x18,0x16,0x16,0x16,0x16,
    0x14,0x14,0x1d,0x1d,0x2c,0x2c,0x12,0x12,0x18,0x18,0x1b,0x1b,0x12,0x12,0x0c,0x0c,
    0x0b,0x0b,0x12,0x12,0x0e,0x0e,0x0e,0x0e,0x17,0x17,0x1d,0x1d,0x1f,0x1f,0x17,0x17,
    0x2b,0x2b,0x23,0x23,0x22,0x22,0x23,0x23,0x29,0x29,0x27,0x27,0x1a,0x1a,0x2c,0x2c,
    0x23,0x23,0x25,0x25,0x25,0x25,0x23,0x23,0x23,0x23,0x23,0x23,0x23,0x23,0x2a,0x2a,
    0x25,0x25,0x25,0x25,0x2c,0x2c,0x2b,0x2b,0x2b,0x2b,0x27,0x27,0x27,0x27,0x23,0x23,
    0x23,0x23,0x2b,0x2b,0x23,0x23,0x23,0x23,0x25,0x25,0x25,0x25,0x23,0x23,0x23,0x23,
    0x23,0x23,0x23,0x23,0x23,0x23,0x23,0x23,0x27,0x27,0x23,0x23,0x23,0x23,0x23,0x23,
    0x27,0x27,0x23,0x23,0x20,0x20,0x1a,0x1a,0x18,0x18,0x17,0x17,0x0d,0x0d,0x0d,0x0d,
    0x0a,0x0a,0x18,0x18,0x2e,0x2e,0x11,0x11,0x13,0x13,0x0a,0x0a,0x09,0x09,0x08,0x08,
    0x12,0x12,0x0d,0x0d,0x05,0x05,0x05,0x05,0x00,0x00,0x05,0x05,0x05,0x05,0x05,0x05,
    0x05,0x05,0x0a,0x0a,0x09,0x09,0x09,0x09,0x0d,0x0d,0x11,0x11,0x12,0x12,0x0d,0x0d,
    0x0e,0x0e,0x1a,0x1a,0x1a,0x1a,0x16,0x16,0x14,0x14,0x12,0x12,0x0a,0x0a,0x08,0x08,
    0x07,0x07,0x0d,0x0d,0x0d,0x0d,0x08,0x08,0x04,0x04,0x05,0x05,0x05,0x05,0x05,0x05,
    0x07,0x07,0x0e,0x0e,0x07,0x07,0x0b,0x0b,0x07,0x07,0x01,0x01,0x01,0x01,0x01,0x01,
    0x01,0x01,0x01,0x01,0x01,0x01,0x03,0x03,0x03,0x03,0x0b,0x0b,0x0e,0x0e,0x0c,0x0c,
    0x14,0x14,0x1b,0x1b,0x16,0x16,0x0e,0x0e,0x17,0x17,0x2f,0x2f,0x1c,0x1c,0x16,0x16,
    0x0f,0x0f,0x1c,0x1c,0x14,0x14,0x18,0x18,0x0f,0x0f,0x18,0x18,0x0e,0x0e,0x0c,0x0c,
    0x09,0x09,0x09,0x09,0x09,0x09,0x09,0x09,0x0a,0x0a,0x11,0x11,0x1b,0x1b,0x16,0x16,
    0x18,0x18,0x2e,0x2e,0x2c,0x2c,0x1c,0x1c,0x16,0x16,0x13,0x13,0x09,0x09,0x0d,0x0d,
    0x12,0x12,0x0d,0x0d,0x12,0x12,0x0a,0x0a,0x13,0x13,0x1c,0x1c,0x19,0x19,0x2e,0x2e,
    0x2e,0x2e,0x20,0x20,0x22,0x22,0x23,0x23,0x23,0x23,0x28,0x28,0x23,0x23,0x23,0x23,
    0x2c,0x2c,0x1c,0x1c,0x16,0x16,0x0f,0x0f,0x14,0x14,0x17,0x17,0x2b,0x2b,0x17,0x17,
    0x16,0x16,0x0f,0x0f,0x1b,0x1b,0x2f,0x2f,0x1d,0x1d,0x1a,0x1a,0x2f,0x2f,0x22,0x22,
    0x27,0x27,0x23,0x23,0x25,0x25,0x23,0x23,0x2c,0x2c,0x18,0x18,0x0a,0x0a,0x0a,0x0a,
    0x0a,0x0a,0x0a,0x0a,0x09,0x09,0x05,0x05,0x09,0x09,0x0a,0x0a,0x0d,0x0d,0x0a,0x0a,
    0x10,0x10,0x1a,0x1a,0x13,0x13,0x0d,0x0d,0x10,0x10,0x11,0x11,0x12,0x12,0x18,0x18,
    0x19,0x19,0x1a,0x1a,0x1b,0x1b,0x1a,0x1a,0x16,0x16,0x17,0x17,0x19,0x19,0x23,0x23,
    0x23,0x23,0x23,0x23,0x25,0x25,0x1a,0x1a,0x23,0x23,0x28,0x28,0x23,0x23,0x23,0x23,
    0x28,0x28,0x2b,0x2b,0x25,0x25,0x15,0x15,0x10,0x10,0x12,0x12,0x1a,0x1a,0x2e,0x2e,
    0x1f,0x1f,0x15,0x15,0x15,0x15,0x22,0x22,0x2f,0x2f,0x25,0x25,0x2b,0x2b,0x2b,0x2b,
    0x2b,0x2b,0x2b,0x2b,0x25,0x25,0x25,0x25,0x2b,0x2b,0x2b,0x2b,0x2b,0x2b,0x2f,0x2f,
    0x16,0x16,0x14,0x14,0x1b,0x1b,0x1f,0x1f,0x18,0x18,0x18,0x18,0x16,0x16,0x16,0x16,
    0x14,0x14,0x1d,0x1d,0x2c,0x2c,0x12,0x12,0x18,0x18,0x1b,0x1b,0x12,0x12,0x0c,0x0c,
    0x0b,0x0b,0x12,0x12,0x0e,0x0e,0x0e,0x0e,0x17,0x17,0x1d,0x1d,0x1f,0x1f,0x17,0x17,
    0x2b,0x2b,0x23,0x23,0x22,0x22,0x23,0x23,0x29,0x29,0x27,0x27,0x1a,0x1a,0x2c,0x2c,
    0x23,0x23,0x25,0x25,0x25,0x25,0x23,0x23,0x23,0x23,0x23,0x23,0x23,0x23,0x2a,0x2a,
    0x25,0x25,0x25,0x25,0x2c,0x2c,0x2b,0x2b,0x2b,0x2b,0x27,0x27,0x27,0x27,0x23,0x23,
    0x23,0x23,0x2b,0x2b,0x23,0x23,0x23,0x23,0x25,0x25,0x25,0x25,0x23,0x23,0x23,0x23,
    0x23,0x23,0x23,0x23,0x23,0x23,0x23,0x23,0x27,0x27,0x23,0x23,0x23,0x23,0x23,0x23,
    0x27,0x27,0x23,0x23,0x20,0x20,0x1a,0x1a,0x18,0x18,0x17,0x17,0x0d,0x0d,0x0d,0x0d,
    0x0a,0x0a,0x18,0x18,0x2e,0x2e,0x11,0x11,0x13,0x13,0x0a,0x0a,0x09,0x09,0x08,0x08,
    0x12,0x12,0x0d,0x0d,0x05,0x05,0x05,0x05,0x00,0x00,0x05,0x05,0x05,0x05,0x05,0x05,
    0x05,0x05,0x0a,0x0a,0x09,0x09,0x09,0x09,0x0d,0x0d,0x11,0x11,0x12,0x12,0x0d,0x0d,
    0x0e,0x0e,0x1a,0x1a,0x1a,0x1a,0x16,0x16,0x14,0x14,0x12,0x12,0x0a,0x0a,0x08,0x08,
    0x07,0x07,0x0d,0x0d,0x0d,0x0d,0x08,0x08,0x04,0x04,0x05,0x05,0x05,0x05,0x05,0x05,
    0x07,0x07,0x0e,0x0e,0x07,0x07,0x0b,0x0b,0x07,0x07,0x01,0x01,0x01,0x01,0x01,0x01,
    0x01,0x01,0x01,0x01,0x01,0x01,0x03,0x03,0x03,0x03,0x0b,0x0b,0x0e,0x0e,0x0c,0x0c,
    0x14,0x14,0x1b,0x1b,0x16,0x16,0x0e,0x0e,0x17,0x17,0x2f,0x2f,0x1c,0x1c,0x16,0x16,
    0x0f,0x0f,0x1c,0x1c,0x14,0x14,0x18,0x18,0x0f,0x0f,0x18,0x18,0x0e,0x0e,0x0c,0x0c,
    0x09,0x09,0x09,0x09,0x09,0x09,0x09,0x09,0x0a,0x0a,0x11,0x11,0x1b,0x1b,0x16,0x16,
    0x18,0x18,0x2e,0x2e,0x2c,0x2c,0x1c,0x1c,0x16,0x16,0x13,0x13,0x09,0x09,0x0d,0x0d,
    0x12,0x12,0x0d,0x0d,0x12,0x12,0x0a,0x0a,0x13,0x13,0x1c,0x1c,0x19,0x19,0x2e,0x2e,
    0x2e,0x2e,0x20,0x20,0x22,0x22,0x23,0x23,0x23,0x23,0x28,0x28,0x23,0x23,0x23,0x23,
    0x2c,0x2c,0x1c,0x1c,0x16,0x16,0x0f,0x0f,0x14,0x14,0x17,0x17,0x2b,0x2b,0x17,0x17,
    0x16,0x16,0x0f,0x0f,0x1b,0x1b,0x2f,0x2f,0x1d,0x1d,0x1a,0x1a,0x2f,0x2f,0x22,0x22,
    0x27,0x27,0x23,0x23,0x25,0x25,0x23,0x23,0x2c,0x2c,0x18,0x18,0x0a,0x0a,0x0a,0x0a,
    0x0a,0x0a,0x0a,0x0a,0x09,0x09,0x05,0x05,0x09,0x09,0x0a,0x0a,0x0d,0x0d,0x0a,0x0a,
    0x10,0x10,0x1a,0x1a,0x13,0x13,0x0d,0x0d,0x10,0x10,0x11,0x11,0x12,0x12,0x18,0x18,
    0x19,0x19,0x1a,0x1a,0x1b,0x1b,0x1a,0x1a,0x16,0x16,0x17,0x17,0x19,0x19,0x23,0x23,
    0x23,0x23,0x23,0x23,0x25,0x25,0x1a,0x1a,0x23,0x23,0x28,0x28,0x23,0x23,0x23,0x23,
    0x28,0x28,0x2b,0x2b,0x25,0x25,0x15,0x15,0x10,0x10,0x12,0x12,0x1a,0x1a,0x2e,0x2e,
    0x1f,0x1f,0x1a,0x1a,0x16,0x16,0x28,0x28,0x19,0x19,0x18,0x18,0x23,0x23,0x20,0x20,
    0x23,0x23,0x23,0x23,0x23,0x23,0x2b,0x2b,0x2e,0x2e,0x23,0x23,0x1e,0x1e,0x28,0x28,
    0x1c,0x1c,0x1c,0x1c,0x1d,0x1d,0x2e,0x2e,0x1e,0x1e,0x1f,0x1f,0x16,0x16,0x1d,0x1d,
    0x1d,0x1d,0x1f,0x1f,0x23,0x23,0x1d,0x1d,0x1f,0x1f,0x14,0x14,0x0e,0x0e,0x0e,0x0e,
    0x0c,0x0c,0x0b,0x0b,0x0e,0x0e,0x14,0x14,0x16,0x16,0x17,0x17,0x14,0x14,0x14,0x14,
    0x16,0x16,0x17,0x17,0x1c,0x1c,0x2b,0x2b,0x22,0x22,0x23,0x23,0x2c,0x2c,0x27,0x27,
    0x23,0x23,0x25,0x25,0x23,0x23,0x27,0x27,0x27,0x27,0x27,0x27,0x23,0x23,0x23,0x23,
    0x23,0x23,0x23,0x23,0x23,0x23,0x2b,0x2b,0x23,0x23,0x23,0x23,0x23,0x23,0x23,0x23,
    0x27,0x27,0x23,0x23,0x2c,0x2c,0x19,0x19,0x15,0x15,0x20,0x20,0x1f,0x1f,0x2b,0x2b,
    0x25,0x25,0x23,0x23,0x27,0x27,0x27,0x27,0x27,0x27,0x27,0x27,0x23,0x23,0x22,0x22,
    0x23,0x23,0x23,0x23,0x20,0x20,0x1e,0x1e,0x18,0x18,0x1b,0x1b,0x16,0x16,0x0d,0x0d,
    0x10,0x10,0x15,0x15,0x1a,0x1a,0x1c,0x1c,0x13,0x13,0x16,0x16,0x0a,0x0a,0x0d,0x0d,
    0x15,0x15,0x09,0x09,0x08,0x08,0x02,0x02,0x02,0x02,0x09,0x09,0x10,0x10,0x05,0x05,
    0x05,0x05,0x10,0x10,0x09,0x09,0x0d,0x0d,0x12,0x12,0x12,0x12,0x13,0x13,0x12,0x12,
    0x15,0x15,0x14,0x14,0x27,0x27,0x20,0x20,0x15,0x15,0x18,0x18,0x0e,0x0e,0x05,0x05,
    0x0d,0x0d,0x0e,0x0e,0x0e,0x0e,0x0a,0x0a,0x05,0x05,0x08,0x08,0x0a,0x0a,0x08,0x08,
    0x07,0x07,0x07,0x07,0x0b,0x0b,0x0b,0x0b,0x08,0x08,0x02,0x02,0x01,0x01,0x03,0x03,
    0x01,0x01,0x01,0x01,0x01,0x01,0x03,0x03,0x06,0x06,0x0b,0x0b,0x0b,0x0b,0x0c,0x0c,
    0x0f,0x0f,0x1b,0x1b,0x16,0x16,0x07,0x07,0x0f,0x0f,0x1f,0x1f,0x1b,0x1b,0x14,0x14,
    0x0e,0x0e,0x12,0x12,0x0b,0x0b,0x0e,0x0e,0x17,0x17,0x0e,0x0e,0x0c,0x0c,0x0e,0x0e,
    0x07,0x07,0x05,0x05,0x0a,0x0a,0x09,0x09,0x0a,0x0a,0x0a,0x0a,0x13,0x13,0x1a,0x1a,
    0x1c,0x1c,0x20,0x20,0x1f,0x1f,0x1f,0x1f,0x16,0x16,0x1b,0x1b,0x0d,0x0d,0x11,0x11,
    0x20,0x20,0x13,0x13,0x15,0x15,0x0a,0x0a,0x08,0x08,0x11,0x11,0x19,0x19,0x1f,0x1f,
    0x1c,0x1c,0x18,0x18,0x15,0x15,0x2e,0x2e,0x23,0x23,0x25,0x25,0x25,0x25,0x2a,0x2a,
    0x25,0x25,0x1d,0x1d,0x1d,0x1d,0x1f,0x1f,0x20,0x20,0x1c,0x1c,0x23,0x23,0x1c,0x1c,
    0x20,0x20,0x1c,0x1c,0x2f,0x2f,0x23,0x23,0x2c,0x2c,0x2f,0x2f,0x23,0x23,0x25,0x25,
    0x23,0x23,0x23,0x23,0x23,0x23,0x23,0x23,0x2f,0x2f,0x16,0x16,0x0d,0x0d,0x0d,0x0d,
    0x09,0x09,0x05,0x05,0x09,0x09,0x09,0x09,0x0d,0x0d,0x13,0x13,0x10,0x10,0x0a,0x0a,
    0x10,0x10,0x16,0x16,0x15,0x15,0x09,0x09,0x16,0x16,0x0d,0x0d,0x0a,0x0a,0x11,0x11,
    0x18,0x18,0x12,0x12,0x12,0x12,0x1c,0x1c,0x19,0x19,0x1a,0x1a,0x18,0x18,0x20,0x20,
    0x1a,0x1a,0x16,0x16,0x21,0x21,0x23,0x23,0x23,0x23,0x23,0x23,0x25,0x25,0x2e,0x2e,
    0x25,0x25,0x23,0x23,0x21,0x21,0x1e,0x1e,0x0d,0x0d,0x15,0x15,0x27,0x27,0x1c,0x1c,
    0x1f,0x1f,0x1a,0x1a,0x16,0x16,0x28,0x28,0x19,0x19,0x18,0x18,0x23,0x23,0x20,0x20,
    0x23,0x23,0x23,0x23,0x23,0x23,0x2b,0x2b,0x2e,0x2e,0x23,0x23,0x1e,0x1e,0x28,0x28,
    0x1c,0x1c,0x1c,0x1c,0x1d,0x1d,0x2e,0x2e,0x1e,0x1e,0x1f,0x1f,0x16,0x16,0x1d,0x1d,
    0x1d,0x1d,0x1f,0x1f,0x23,0x23,0x1d,0x1d,0x1f,0x1f,0x14,0x14,0x0e,0x0e,0x0e,0x0e,
    0x0c,0x0c,0x0b,0x0b,0x0e,0x0e,0x14,0x14,0x16,0x16,0x17,0x17,0x14,0x14,0x14,0x14,
    0x16,0x16,0x17,0x17,0x1c,0x1c,0x2b,0x2b,0x22,0x22,0x23,0x23,0x2c,0x2c,0x27,0x27,
    0x23,0x23,0x25,0x25,0x23,0x23,0x27,0x27,0x27,0x27,0x27,0x27,0x23,0x23,0x23,0x23,
    0x23,0x23,0x23,0x23,0x23,0x23,0x2b,0x2b,0x23,0x23,0x23,0x23,0x23,0x23,0x23,0x23,
    0x27,0x27,0x23,0x23,0x2c,0x2c,0x19,0x19,0x15,0x15,0x20,0x20,0x1f,0x1f,0x2b,0x2b,
    0x25,0x25,0x23,0x23,0x27,0x27,0x27,0x27,0x27,0x27,0x27,0x27,0x23,0x23,0x22,0x22,
    0x23,0x23,0x23,0x23,0x20,0x20,0x1e,0x1e,0x18,0x18,0x1b,0x1b,0x16,0x16,0x0d,0x0d,
    0x10,0x10,0x15,0x15,0x1a,0x1a,0x1c,0x1c,0x13,0x13,0x16,0x16,0x0a,0x0a,0x0d,0x0d,
    0x15,0x15,0x09,0x09,0x08,0x08,0x02,0x02,0x02,0x02,0x09,0x09,0x10,0x10,0x05,0x05,
    0x05,0x05,0x10,0x10,0x09,0x09,0x0d,0x0d,0x12,0x12,0x12,0x12,0x13,0x13,0x12,0x12,
    0x15,0x15,0x14,0x14,0x27,0x27,0x20,0x20,0x15,0x15,0x18,0x18,0x0e,0x0e,0x05,0x05,
    0x0d,0x0d,0x0e,0x0e,0x0e,0x0e,0x0a,0x0a,0x05,0x05,0x08,0x08,0x0a,0x0a,0x08,0x08,
    0x07,0x07,0x07,0x07,0x0b,0x0b,0x0b,0x0b,0x08,0x08,0x02,0x02,0x01,0x01,0x03,0x03,
    0x01,0x01,0x01,0x01,0x01,0x01,0x03,0x03,0x06,0x06,0x0b,0x0b,0x0b,0x0b,0x0c,0x0c,
    0x0f,0x0f,0x1b,0x1b,0x16,0x16,0x07,0x07,0x0f,0x0f,0x1f,0x1f,0x1b,0x1b,0x14,0x14,
    0x0e,0x0e,0x12,0x12,0x0b,0x0b,0x0e,0x0e,0x17,0x17,0x0e,0x0e,0x0c,0x0c,0x0e,0x0e,
    0x07,0x07,0x05,0x05,0x0a,0x0a,0x09,0x09,0x0a,0x0a,0x0a,0x0a,0x13,0x13,0x1a,0x1a,
    0x1c,0x1c,0x20,0x20,0x1f,0x1f,0x1f,0x1f,0x16,0x16,0x1b,0x1b,0x0d,0x0d,0x11,0x11,
    0x20,0x20,0x13,0x13,0x15,0x15,0x0a,0x0a,0x08,0x08,0x11,0x11,0x19,0x19,0x1f,0x1f,
    0x1c,0x1c,0x18,0x18,0x15,0x15,0x2e,0x2e,0x23,0x23,0x25,0x25,0x25,0x25,0x2a,0x2a,
    0x25,0x25,0x1d,0x1d,0x1d,0x1d,0x1f,0x1f,0x20,0x20,0x1c,0x1c,0x23,0x23,0x1c,0x1c,
    0x20,0x20,0x1c,0x1c,0x2f,0x2f,0x23,0x23,0x2c,0x2c,0x2f,0x2f,0x23,0x23,0x25,0x25,
    0x23,0x23,0x23,0x23,0x23,0x23,0x23,0x23,0x2f,0x2f,0x16,0x16,0x0d,0x0d,0x0d,0x0d,
    0x09,0x09,0x05,0x05,0x09,0x09,0x09,0x09,0x0d,0x0d,0x13,0x13,0x10,0x10,0x0a,0x0a,
    0x10,0x10,0x16,0x16,0x15,0x15,0x09,0x09,0x16,0x16,0x0d,0x0d,0x0a,0x0a,0x11,0x11,
    0x18,0x18,0x12,0x12,0x12,0x12,0x1c,0x1c,0x19,0x19,0x1a,0x1a,0x18,0x18,0x20,0x20,
    0x1a,0x1a,0x16,0x16,0x21,0x21,0x23,0x23,0x23,0x23,0x23,0x23,0x25,0x25,0x2e,0x2e,
    0x25,0x25,0x23,0x23,0x21,0x21,0x1e,0x1e,0x0d,0x0d,0x15,0x15,0x27,0x27,0x1c,0x1c,
    0x11,0x11,0x1c,0x1c,0x1a,0x1a,0x10,0x10,0x10,0x10,0x0a,0x0a,0x18,0x18,0x1c,0x1c,
    0x1d,0x1d,0x2c,0x2c,0x2c,0x2c,0x27,0x27,0x1e,0x1e,0x1f,0x1f,0x11,0x11,0x2e,0x2e,
    0x28,0x28,0x2c,0x2c,0x28,0x28,0x28,0x28,0x2e,0x2e,0x1d,0x1d,0x1f,0x1f,0x2f,0x2f,
    0x2c,0x2c,0x23,0x23,0x23,0x23,0x1d,0x1d,0x0f,0x0f,0x0b,0x0b,0x0c,0x0c,0x0f,0x0f,
    0x0e,0x0e,0x0c,0x0c,0x0f,0x0f,0x16,0x16,0x16,0x16,0x17,0x17,0x18,0x18,0x0c,0x0c,
    0x0e,0x0e,0x1b,0x1b,0x2b,0x2b,0x22,0x22,0x23,0x23,0x23,0x23,0x23,0x23,0x23,0x23,
    0x23,0x23,0x25,0x25,0x2b,0x2b,0x25,0x25,0x23,0x23,0x23,0x23,0x25,0x25,0x23,0x23,
    0x23,0x23,0x23,0x23,0x23,0x23,0x23,0x23,0x2c,0x2c,0x25,0x25,0x2b,0x2b,0x25,0x25,
    0x22,0x22,0x25,0x25,0x1c,0x1c,0x13,0x13,0x19,0x19,0x1a,0x1a,0x2f,0x2f,0x1b,0x1b,
    0x1e,0x1e,0x2b,0x2b,0x23,0x23,0x27,0x27,0x28,0x28,0x23,0x23,0x23,0x23,0x23,0x23,
    0x23,0x23,0x23,0x23,0x23,0x23,0x2b,0x2b,0x20,0x20,0x19,0x19,0x15,0x15,0x13,0x13,
    0x16,0x16,0x15,0x15,0x1c,0x1c,0x2f,0x2f,0x19,0x19,0x18,0x18,0x09,0x09,0x09,0x09,
    0x05,0x05,0x05,0x05,0x05,0x05,0x00,0x00,0x05,0x05,0x0a,0x0a,0x09,0x09,0x09,0x09,
    0x05,0x05,0x0a,0x0a,0x10,0x10,0x15,0x15,0x14,0x14,0x11,0x11,0x14,0x14,0x18,0x18,
    0x11,0x11,0x1d,0x1d,0x2e,0x2e,0x1f,0x1f,0x08,0x08,0x14,0x14,0x1a,0x1a,0x0e,0x0e,
    0x0c,0x0c,0x0f,0x0f,0x12,0x12,0x0e,0x0e,0x08,0x08,0x09,0x09,0x0c,0x0c,0x0c,0x0c,
    0x02,0x02,0x07,0x07,0x0b,0x0b,0x04,0x04,0x04,0x04,0x03,0x03,0x03,0x03,0x03,0x03,
    0x03,0x03,0x03,0x03,0x01,0x01,0x01,0x01,0x06,0x06,0x06,0x06,0x0b,0x0b,0x0c,0x0c,
    0x0e,0x0e,0x0c,0x0c,0x0e,0x0e,0x0b,0x0b,0x0f,0x0f,0x0f,0x0f,0x17,0x17,0x17,0x17,
    0x0e,0x0e,0x0c,0x0c,0x0c,0x0c,0x0d,0x0d,0x12,0x12,0x0b,0x0b,0x09,0x09,0x0a,0x0a,
    0x0a,0x0a,0x08,0x08,0x08,0x08,0x09,0x09,0x09,0x09,0x09,0x09,0x0d,0x0d,0x15,0x15,
    0x15,0x15,0x13,0x13,0x18,0x18,0x23,0x23,0x1e,0x1e,0x2e,0x2e,0x19,0x19,0x11,0x11,
    0x20,0x20,0x25,0x25,0x1c,0x1c,0x11,0x11,0x09,0x09,0x08,0x08,0x15,0x15,0x1a,0x1a,
    0x11,0x11,0x2f,0x2f,0x15,0x15,0x15,0x15,0x23,0x23,0x2b,0x2b,0x23,0x23,0x23,0x23,
    0x23,0x23,0x25,0x25,0x25,0x25,0x25,0x25,0x1f,0x1f,0x1f,0x1f,0x23,0x23,0x2b,0x2b,
    0x23,0x23,0x28,0x28,0x25,0x25,0x2b,0x2b,0x28,0x28,0x23,0x23,0x27,0x27,0x25,0x25,
    0x25,0x25,0x23,0x23,0x23,0x23,0x23,0x23,0x23,0x23,0x2c,0x2c,0x19,0x19,0x11,0x11,
    0x0a,0x0a,0x05,0x05,0x05,0x05,0x10,0x10,0x13,0x13,0x11,0x11,0x13,0x13,0x0d,0x0d,
    0x1a,0x1a,0x22,0x22,0x2e,0x2e,0x13,0x13,0x11,0x11,0x14,0x14,0x0d,0x0d,0x12,0x12,
    0x12,0x12,0x10,0x10,0x1a,0x1a,0x14,0x14,0x19,0x19,0x14,0x14,0x12,0x12,0x16,0x16,
    0x14,0x14,0x1a,0x1a,0x1c,0x1c,0x1a,0x1a,0x2b,0x2b,0x2e,0x2e,0x20,0x20,0x1a,0x1a,
    0x2f,0x2f,0x18,0x18,0x10,0x10,0x18,0x18,0x2e,0x2e,0x18,0x18,0x1a,0x1a,0x15,0x15,
    0x11,0x11,0x1c,0x1c,0x1a,0x1a,0x10,0x10,0x10,0x10,0x0a,0x0a,0x18,0x18,0x1c,0x1c,
    0x1d,0x1d,0x2c,0x2c,0x2c,0x2c,0x27,0x27,0x1e,0x1e,0x1f,0x1f,0x11,0x11,0x2e,0x2e,
    0x28,0x28,0x2c,0x2c,0x28,0x28,0x28,0x28,0x2e,0x2e,0x1d,0x1d,0x1f,0x1f,0x2f,0x2f,
    0x2c,0x2c,0x23,0x23,0x23,0x23,0x1d,0x1d,0x0f,0x0f,0x0b,0x0b,0x0c,0x0c,0x0f,0x0f,
    0x0e,0x0e,0x0c,0x0c,0x0f,0x0f,0x16,0x16,0x16,0x16,0x17,0x17,0x18,0x18,0x0c,0x0c,
    0x0e,0x0e,0x1b,0x1b,0x2b,0x2b,0x22,0x22,0x23,0x23,0x23,0x23,0x23,0x23,0x23,0x23,
    0x23,0x23,0x25,0x25,0x2b,0x2b,0x25,0x25,0x23,0x23,0x23,0x23,0x25,0x25,0x23,0x23,
    0x23,0x23,0x23,0x23,0x23,0x23,0x23,0x23,0x2c,0x2c,0x25,0x25,0x2b,0x2b,0x25,0x25,
    0x22,0x22,0x25,0x25,0x1c,0x1c,0x13,0x13,0x19,0x19,0x1a,0x1a,0x2f,0x2f,0x1b,0x1b,
    0x1e,0x1e,0x2b,0x2b,0x23,0x23,0x27,0x27,0x28,0x28,0x23,0x23,0x23,0x23,0x23,0x23,
    0x23,0x23,0x23,0x23,0x23,0x23,0x2b,0x2b,0x20,0x20,0x19,0x19,0x15,0x15,0x13,0x13,
    0x16,0x16,0x15,0x15,0x1c,0x1c,0x2f,0x2f,0x19,0x19,0x18,0x18,0x09,0x09,0x09,0x09,
    0x05,0x05,0x05,0x05,0x05,0x05,0x00,0x00,0x05,0x05,0x0a,0x0a,0x09,0x09,0x09,0x09,
    0x05,0x05,0x0a,0x0a,0x10,0x10,0x15,0x15,0x14,0x14,0x11,0x11,0x14,0x14,0x18,0x18,
    0x11,0x11,0x1d,0x1d,0x2e,0x2e,0x1f,0x1f,0x08,0x08,0x14,0x14,0x1a,0x1a,0x0e,0x0e,
    0x0c,0x0c,0x0f,0x0f,0x12,0x12,0x0e,0x0e,0x08,0x08,0x09,0x09,0x0c,0x0c,0x0c,0x0c,
    0x02,0x02,0x07,0x07,0x0b,0x0b,0x04,0x04,0x04,0x04,0x03,0x03,0x03,0x03,0x03,0x03,
    0x03,0x03,0x03,0x03,0x01,0x01,0x01,0x01,0x06,0x06,0x06,0x06,0x0b,0x0b,0x0c,0x0c,
    0x0e,0x0e,0x0c,0x0c,0x0e,0x0e,0x0b,0x0b,0x0f,0x0f,0x0f,0x0f,0x17,0x17,0x17,0x17,
    0x0e,0x0e,0x0c,0x0c,0x0c,0x0c,0x0d,0x0d,0x12,0x12,0x0b,0x0b,0x09,0x09,0x0a,0x0a,
    0x0a,0x0a,0x08,0x08,0x08,0x08,0x09,0x09,0x09,0x09,0x09,0x09,0x0d,0x0d,0x15,0x15,
    0x15,0x15,0x13,0x13,0x18,0x18,0x23,0x23,0x1e,0x1e,0x2e,0x2e,0x19,0x19,0x11,0x11,
    0x20,0x20,0x25,0x25,0x1c,0x1c,0x11,0x11,0x09,0x09,0x08,0x08,0x15,0x15,0x1a,0x1a,
    0x11,0x11,0x2f,0x2f,0x15,0x15,0x15,0x15,0x23,0x23,0x2b,0x2b,0x23,0x23,0x23,0x23,
    0x23,0x23,0x25,0x25,0x25,0x25,0x25,0x25,0x1f,0x1f,0x1f,0x1f,0x23,0x23,0x2b,0x2b,
    0x23,0x23,0x28,0x28,0x25,0x25,0x2b,0x2b,0x28,0x28,0x23,0x23,0x27,0x27,0x25,0x25,
    0x25,0x25,0x23,0x23,0x23,0x23,0x23,0x23,0x23,0x23,0x2c,0x2c,0x19,0x19,0x11,0x11,
    0x0a,0x0a,0x05,0x05,0x05,0x05,0x10,0x10,0x13,0x13,0x11,0x11,0x13,0x13,0x0d,0x0d,
    0x1a,0x1a,0x22,0x22,0x2e,0x2e,0x13,0x13,0x11,0x11,0x14,0x14,0x0d,0x0d,0x12,0x12,
    0x12,0x12,0x10,0x10,0x1a,0x1a,0x14,0x14,0x19,0x19,0x14,0x14,0x12,0x12,0x16,0x16,
    0x14,0x14,0x1a,0x1a,0x1c,0x1c,0x1a,0x1a,0x2b,0x2b,0x2e,0x2e,0x20,0x20,0x1a,0x1a,
    0x2f,0x2f,0x18,0x18,0x10,0x10,0x18,0x18,0x2e,0x2e,0x18,0x18,0x1a,0x1a,0x15,0x15,
    0x0a,0x0a,0x16,0x16,0x1a,0x1a,0x15,0x15,0x11,0x11,0x10,0x10,0x11,0x11,0x13,0x13,
    0x2b,0x2b,0x19,0x19,0x1a,0x1a,0x10,0x10,0x09,0x09,0x1c,0x1c,0x15,0x15,0x19,0x19,
    0x2c,0x2c,0x23,0x23,0x28,0x28,0x2b,0x2b,0x2a,0x2a,0x28,0x28,0x25,0x25,0x23,0x23,
    0x23,0x23,0x28,0x28,0x1c,0x1c,0x1a,0x1a,0x17,0x17,0x0e,0x0e,0x14,0x14,0x16,0x16,
    0x17,0x17,0x0e,0x0e,0x0e,0x0e,0x0b,0x0b,0x0e,0x0e,0x0e,0x0e,0x16,0x16,0x14,0x14,
    0x1a,0x1a,0x1c,0x1c,0x1d,0x1d,0x25,0x25,0x23,0x23,0x23,0x23,0x27,0x27,0x23,0x23,
    0x23,0x23,0x23,0x23,0x2b,0x2b,0x28,0x28,0x23,0x23,0x27,0x27,0x23,0x23,0x25,0x25,
    0x23,0x23,0x23,0x23,0x23,0x23,0x2c,0x2c,0x1a,0x1a,0x1c,0x1c,0x1a,0x1a,0x1e,0x1e,
    0x25,0x25,0x28,0x28,0x1c,0x1c,0x1a,0x1a,0x1a,0x1a,0x18,0x18,0x19,0x19,0x18,0x18,
    0x1c,0x1c,0x2c,0x2c,0x2a,0x2a,0x23,0x23,0x23,0x23,0x27,0x27,0x23,0x23,0x23,0x23,
    0x23,0x23,0x23,0x23,0x23,0x23,0x23,0x23,0x2b,0x2b,0x27,0x27,0x2c,0x2c,0x16,0x16,
    0x1d,0x1d,0x29,0x29,0x2e,0x2e,0x13,0x13,0x0a,0x0a,0x0a,0x0a,0x08,0x08,0x08,0x08,
    0x05,0x05,0x05,0x05,0x02,0x02,0x02,0x02,0x09,0x09,0x05,0x05,0x0a,0x0a,0x0d,0x0d,
    0x09,0x09,0x10,0x10,0x0d,0x0d,0x12,0x12,0x1c,0x1c,0x16,0x16,0x1e,0x1e,0x1a,0x1a,
    0x1b,0x1b,0x2c,0x2c,0x23,0x23,0x20,0x20,0x15,0x15,0x16,0x16,0x0f,0x0f,0x28,0x28,
    0x0f,0x0f,0x14,0x14,0x0f,0x0f,0x0c,0x0c,0x0e,0x0e,0x0d,0x0d,0x0a,0x0a,0x0c,0x0c,
    0x06,0x06,0x07,0x07,0x03,0x03,0x03,0x03,0x03,0x03,0x03,0x03,0x06,0x06,0x0b,0x0b,
    0x0b,0x0b,0x03,0x03,0x01,0x01,0x03,0x03,0x03,0x03,0x03,0x03,0x06,0x06,0x0e,0x0e,
    0x0e,0x0e,0x0b,0x0b,0x07,0x07,0x0e,0x0e,0x0b,0x0b,0x0e,0x0e,0x16,0x16,0x12,0x12,
    0x0c,0x0c,0x0c,0x0c,0x09,0x09,0x0d,0x0d,0x0e,0x0e,0x08,0x08,0x08,0x08,0x08,0x08,
    0x0e,0x0e,0x12,0x12,0x08,0x08,0x0a,0x0a,0x0a,0x0a,0x09,0x09,0x0a,0x0a,0x08,0x08,
    0x0a,0x0a,0x18,0x18,0x18,0x18,0x11,0x11,0x15,0x15,0x1d,0x1d,0x18,0x18,0x20,0x20,
    0x1f,0x1f,0x16,0x16,0x13,0x13,0x10,0x10,0x0a,0x0a,0x11,0x11,0x11,0x11,0x1c,0x1c,
    0x2f,0x2f,0x18,0x18,0x1b,0x1b,0x19,0x19,0x18,0x18,0x23,0x23,0x23,0x23,0x23,0x23,
    0x23,0x23,0x23,0x23,0x23,0x23,0x22,0x22,0x23,0x23,0x23,0x23,0x23,0x23,0x23,0x23,
    0x27,0x27,0x23,0x23,0x2b,0x2b,0x2b,0x2b,0x28,0x28,0x28,0x28,0x23,0x23,0x27,0x27,
    0x23,0x23,0x23,0x23,0x23,0x23,0x23,0x23,0x23,0x23,0x2e,0x2e,0x18,0x18,0x11,0x11,
    0x0a,0x0a,0x0a,0x0a,0x09,0x09,0x0a,0x0a,0x12,0x12,0x15,0x15,0x16,0x16,0x1a,0x1a,
    0x1d,0x1d,0x2b,0x2b,0x26,0x26,0x2f,0x2f,0x15,0x15,0x0d,0x0d,0x0e,0x0e,0x10,0x10,
    0x10,0x10,0x10,0x10,0x12,0x12,0x11,0x11,0x10,0x10,0x0e,0x0e,0x0e,0x0e,0x1a,0x1a,
    0x15,0x15,0x1f,0x1f,0x2c,0x2c,0x2c,0x2c,0x1e,0x1e,0x18,0x18,0x2f,0x2f,0x12,0x12,
    0x15,0x15,0x1b,0x1b,0x08,0x08,0x12,0x12,0x2c,0x2c,0x16,0x16,0x11,0x11,0x13,0x13,
    0x0a,0x0a,0x16,0x16,0x1a,0x1a,0x15,0x15,0x11,0x11,0x10,0x10,0x11,0x11,0x13,0x13,
    0x2b,0x2b,0x19,0x19,0x1a,0x1a,0x10,0x10,0x09,0x09,0x1c,0x1c,0x15,0x15,0x19,0x19,
    0x2c,0x2c,0x23,0x23,0x28,0x28,0x2b,0x2b,0x2a,0x2a,0x28,0x28,0x25,0x25,0x23,0x23,
    0x23,0x23,0x28,0x28,0x1c,0x1c,0x1a,0x1a,0x17,0x17,0x0e,0x0e,0x14,0x14,0x16,0x16,
    0x17,0x17,0x0e,0x0e,0x0e,0x0e,0x0b,0x0b,0x0e,0x0e,0x0e,0x0e,0x16,0x16,0x14,0x14,
    0x1a,0x1a,0x1c,0x1c,0x1d,0x1d,0x25,0x25,0x23,0x23,0x23,0x23,0x27,0x27,0x23,0x23,
    0x23,0x23,0x23,0x23,0x2b,0x2b,0x28,0x28,0x23,0x23,0x27,0x27,0x23,0x23,0x25,0x25,
    0x23,0x23,0x23,0x23,0x23,0x23,0x2c,0x2c,0x1a,0x1a,0x1c,0x1c,0x1a,0x1a,0x1e,0x1e,
    0x25,0x25,0x28,0x28,0x1c,0x1c,0x1a,0x1a,0x1a,0x1a,0x18,0x18,0x19,0x19,0x18,0x18,
    0x1c,0x1c,0x2c,0x2c,0x2a,0x2a,0x23,0x23,0x23,0x23,0x27,0x27,0x23,0x23,0x23,0x23,
    0x23,0x23,0x23,0x23,0x23,0x23,0x23,0x23,0x2b,0x2b,0x27,0x27,0x2c,0x2c,0x16,0x16,
    0x1d,0x1d,0x29,0x29,0x2e,0x2e,0x13,0x13,0x0a,0x0a,0x0a,0x0a,0x08,0x08,0x08,0x08,
    0x05,0x05,0x05,0x05,0x02,0x02,0x02,0x02,0x09,0x09,0x05,0x05,0x0a,0x0a,0x0d,0x0d,
    0x09,0x09,0x10,0x10,0x0d,0x0d,0x12,0x12,0x1c,0x1c,0x16,0x16,0x1e,0x1e,0x1a,0x1a,
    0x1b,0x1b,0x2c,0x2c,0x23,0x23,0x20,0x20,0x15,0x15,0x16,0x16,0x0f,0x0f,0x28,0x28,
    0x0f,0x0f,0x14,0x14,0x0f,0x0f,0x0c,0x0c,0x0e,0x0e,0x0d,0x0d,0x0a,0x0a,0x0c,0x0c,
    0x06,0x06,0x07,0x07,0x03,0x03,0x03,0x03,0x03,0x03,0x03,0x03,0x06,0x06,0x0b,0x0b,
    0x0b,0x0b,0x03,0x03,0x01,0x01,0x03,0x03,0x03,0x03,0x03,0x03,0x06,0x06,0x0e,0x0e,
    0x0e,0x0e,0x0b,0x0b,0x07,0x07,0x0e,0x0e,0x0b,0x0b,0x0e,0x0e,0x16,0x16,0x12,0x12,
    0x0c,0x0c,0x0c,0x0c,0x09,0x09,0x0d,0x0d,0x0e,0x0e,0x08,0x08,0x08,0x08,0x08,0x08,
    0x0e,0x0e,0x12,0x12,0x08,0x08,0x0a,0x0a,0x0a,0x0a,0x09,0x09,0x0a,0x0a,0x08,0x08,
    0x0a,0x0a,0x18,0x18,0x18,0x18,0x11,0x11,0x15,0x15,0x1d,0x1d,0x18,0x18,0x20,0x20,
    0x1f,0x1f,0x16,0x16,0x13,0x13,0x10,0x10,0x0a,0x0a,0x11,0x11,0x11,0x11,0x1c,0x1c,
    0x2f,0x2f,0x18,0x18,0x1b,0x1b,0x19,0x19,0x18,0x18,0x23,0x23,0x23,0x23,0x23,0x23,
    0x23,0x23,0x23,0x23,0x23,0x23,0x22,0x22,0x23,0x23,0x23,0x23,0x23,0x23,0x23,0x23,
    0x27,0x27,0x23,0x23,0x2b,0x2b,0x2b,0x2b,0x28,0x28,0x28,0x28,0x23,0x23,0x27,0x27,
    0x23,0x23,0x23,0x23,0x23,0x23,0x23,0x23,0x23,0x23,0x2e,0x2e,0x18,0x18,0x11,0x11,
    0x0a,0x0a,0x0a,0x0a,0x09,0x09,0x0a,0x0a,0x12,0x12,0x15,0x15,0x16,0x16,0x1a,0x1a,
    0x1d,0x1d,0x2b,0x2b,0x26,0x26,0x2f,0x2f,0x15,0x15,0x0d,0x0d,0x0e,0x0e,0x10,0x10,
    0x10,0x10,0x10,0x10,0x12,0x12,0x11,0x11,0x10,0x10,0x0e,0x0e,0x0e,0x0e,0x1a,0x1a,
    0x15,0x15,0x1f,0x1f,0x2c,0x2c,0x2c,0x2c,0x1e,0x1e,0x18,0x18,0x2f,0x2f,0x12,0x12,
    0x15,0x15,0x1b,0x1b,0x08,0x08,0x12,0x12,0x2c,0x2c,0x16,0x16,0x11,0x11,0x13,0x13,
    0x05,0x05,0x15,0x15,0x11,0x11,0x19,0x19,0x0a,0x0a,0x15,0x15,0x19,0x19,0x15,0x15,
    0x13,0x13,0x13,0x13,0x0a,0x0a,0x11,0x11,0x05,0x05,0x18,0x18,0x2e,0x2e,0x1a,0x1a,
    0x2c,0x2c,0x25,0x25,0x28,0x28,0x28,0x28,0x2b,0x2b,0x28,0x28,0x23,0x23,0x23,0x23,
    0x23,0x23,0x2c,0x2c,0x1a,0x1a,0x17,0x17,0x1d,0x1d,0x1c,0x1c,0x1f,0x1f,0x17,0x17,
    0x17,0x17,0x1b,0x1b,0x0e,0x0e,0x0c,0x0c,0x0e,0x0e,0x0e,0x0e,0x16,0x16,0x18,0x18,
    0x18,0x18,0x17,0x17,0x23,0x23,0x23,0x23,0x23,0x23,0x23,0x23,0x25,0x25,0x23,0x23,
    0x23,0x23,0x23,0x23,0x23,0x23,0x2b,0x2b,0x28,0x28,0x27,0x27,0x25,0x25,0x23,0x23,
    0x20,0x20,0x23,0x23,0x1f,0x1f,0x1f,0x1f,0x1e,0x1e,0x12,0x12,0x15,0x15,0x19,0x19,
    0x2b,0x2b,0x23,0x23,0x25,0x25,0x1a,0x1a,0x0d,0x0d,0x0d,0x0d,0x16,0x16,0x1c,0x1c,
    0x2c,0x2c,0x2b,0x2b,0x25,0x25,0x28,0x28,0x23,0x23,0x23,0x23,0x23,0x23,0x23,0x23,
    0x23,0x23,0x25,0x25,0x1f,0x1f,0x20,0x20,0x2c,0x2c,0x1f,0x1f,0x15,0x15,0x13,0x13,
    0x1a,0x1a,0x1c,0x1c,0x26,0x26,0x15,0x15,0x0a,0x0a,0x08,0x08,0x09,0x09,0x0a,0x0a,
    0x15,0x15,0x0d,0x0d,0x05,0x05,0x05,0x05,0x09,0x09,0x0a,0x0a,0x0a,0x0a,0x0d,0x0d,
    0x11,0x11,0x11,0x11,0x0d,0x0d,0x0d,0x0d,0x15,0x15,0x1c,0x1c,0x25,0x25,0x16,0x16,
    0x28,0x28,0x23,0x23,0x25,0x25,0x25,0x25,0x2f,0x2f,0x18,0x18,0x0b,0x0b,0x1b,0x1b,
    0x19,0x19,0x0f,0x0f,0x0d,0x0d,0x14,0x14,0x12,0x12,0x12,0x12,0x0c,0x0c,0x0b,0x0b,
    0x04,0x04,0x04,0x04,0x03,0x03,0x03,0x03,0x03,0x03,0x03,0x03,0x06,0x06,0x0e,0x0e,
    0x0b,0x0b,0x03,0x03,0x03,0x03,0x03,0x03,0x01,0x01,0x03,0x03,0x03,0x03,0x0c,0x0c,
    0x0b,0x0b,0x06,0x06,0x0b,0x0b,0x0b,0x0b,0x06,0x06,0x0c,0x0c,0x0c,0x0c,0x0b,0x0b,
    0x0c,0x0c,0x0b,0x0b,0x05,0x05,0x08,0x08,0x07,0x07,0x08,0x08,0x05,0x05,0x0e,0x0e,
    0x0d,0x0d,0x08,0x08,0x08,0x08,0x0a,0x0a,0x0a,0x0a,0x0d,0x0d,0x10,0x10,0x09,0x09,
    0x15,0x15,0x1e,0x1e,0x10,0x10,0x09,0x09,0x15,0x15,0x13,0x13,0x13,0x13,0x19,0x19,
    0x2e,0x2e,0x11,0x11,0x0d,0x0d,0x09,0x09,0x09,0x09,0x13,0x13,0x13,0x13,0x0d,0x0d,
    0x2c,0x2c,0x1a,0x1a,0x11,0x11,0x1d,0x1d,0x1c,0x1c,0x1e,0x1e,0x2b,0x2b,0x23,0x23,
    0x23,0x23,0x23,0x23,0x27,0x27,0x23,0x23,0x23,0x23,0x23,0x23,0x23,0x23,0x23,0x23,
    0x23,0x23,0x27,0x27,0x27,0x27,0x28,0x28,0x25,0x25,0x27,0x27,0x25,0x25,0x25,0x25,
    0x20,0x20,0x21,0x21,0x18,0x18,0x1b,0x1b,0x2e,0x2e,0x16,0x16,0x10,0x10,0x0d,0x0d,
    0x0a,0x0a,0x05,0x05,0x09,0x09,0x0a,0x0a,0x09,0x09,0x15,0x15,0x2f,0x2f,0x2c,0x2c,
    0x20,0x20,0x1f,0x1f,0x2c,0x2c,0x15,0x15,0x13,0x13,0x15,0x15,0x0d,0x0d,0x12,0x12,
    0x11,0x11,0x0d,0x0d,0x0d,0x0d,0x0d,0x0d,0x0a,0x0a,0x12,0x12,0x1e,0x1e,0x19,0x19,
    0x16,0x16,0x23,0x23,0x2a,0x2a,0x2b,0x2b,0x27,0x27,0x16,0x16,0x1f,0x1f,0x20,0x20,
    0x0d,0x0d,0x18,0x18,0x1c,0x1c,0x20,0x20,0x15,0x15,0x0a,0x0a,0x0a,0x0a,0x05,0x05,
    0x05,0x05,0x15,0x15,0x11,0x11,0x19,0x19,0x0a,0x0a,0x15,0x15,0x19,0x19,0x15,0x15,
    0x13,0x13,0x13,0x13,0x0a,0x0a,0x11,0x11,0x05,0x05,0x18,0x18,0x2e,0x2e,0x1a,0x1a,
    0x2c,0x2c,0x25,0x25,0x28,0x28,0x28,0x28,0x2b,0x2b,0x28,0x28,0x23,0x23,0x23,0x23,
    0x23,0x23,0x2c,0x2c,0x1a,0x1a,0x17,0x17,0x1d,0x1d,0x1c,0x1c,0x1f,0x1f,0x17,0x17,
    0x17,0x17,0x1b,0x1b,0x0e,0x0e,0x0c,0x0c,0x0e,0x0e,0x0e,0x0e,0x16,0x16,0x18,0x18,
    0x18,0x18,0x17,0x17,0x23,0x23,0x23,0x23,0x23,0x23,0x23,0x23,0x25,0x25,0x23,0x23,
    0x23,0x23,0x23,0x23,0x23,0x23,0x2b,0x2b,0x28,0x28,0x27,0x27,0x25,0x25,0x23,0x23,
    0x20,0x20,0x23,0x23,0x1f,0x1f,0x1f,0x1f,0x1e,0x1e,0x12,0x12,0x15,0x15,0x19,0x19,
    0x2b,0x2b,0x23,0x23,0x25,0x25,0x1a,0x1a,0x0d,0x0d,0x0d,0x0d,0x16,0x16,0x1c,0x1c,
    0x2c,0x2c,0x2b,0x2b,0x25,0x25,0x28,0x28,0x23,0x23,0x23,0x23,0x23,0x23,0x23,0x23,
    0x23,0x23,0x25,0x25,0x1f,0x1f,0x20,0x20,0x2c,0x2c,0x1f,0x1f,0x15,0x15,0x13,0x13,
    0x1a,0x1a,0x1c,0x1c,0x26,0x26,0x15,0x15,0x0a,0x0a,0x08,0x08,0x09,0x09,0x0a,0x0a,
    0x15,0x15,0x0d,0x0d,0x05,0x05,0x05,0x05,0x09,0x09,0x0a,0x0a,0x0a,0x0a,0x0d,0x0d,
    0x11,0x11,0x11,0x11,0x0d,0x0d,0x0d,0x0d,0x15,0x15,0x1c,0x1c,0x25,0x25,0x16,0x16,
    0x28,0x28,0x23,0x23,0x25,0x25,0x25,0x25,0x2f,0x2f,0x18,0x18,0x0b,0x0b,0x1b,0x1b,
    0x19,0x19,0x0f,0x0f,0x0d,0x0d,0x14,0x14,0x12,0x12,0x12,0x12,0x0c,0x0c,0x0b,0x0b,
    0x04,0x04,0x04,0x04,0x03,0x03,0x03,0x03,0x03,0x03,0x03,0x03,0x06,0x06,0x0e,0x0e,
    0x0b,0x0b,0x03,0x03,0x03,0x03,0x03,0x03,0x01,0x01,0x03,0x03,0x03,0x03,0x0c,0x0c,
    0x0b,0x0b,0x06,0x06,0x0b,0x0b,0x0b,0x0b,0x06,0x06,0x0c,0x0c,0x0c,0x0c,0x0b,0x0b,
    0x0c,0x0c,0x0b,0x0b,0x05,0x05,0x08,0x08,0x07,0x07,0x08,0x08,0x05,0x05,0x0e,0x0e,
    0x0d,0x0d,0x08,0x08,0x08,0x08,0x0a,0x0a,0x0a,0x0a,0x0d,0x0d,0x10,0x10,0x09,0x09,
    0x15,0x15,0x1e,0x1e,0x10,0x10,0x09,0x09,0x15,0x15,0x13,0x13,0x13,0x13,0x19,0x19,
    0x2e,0x2e,0x11,0x11,0x0d,0x0d,0x09,0x09,0x09,0x09,0x13,0x13,0x13,0x13,0x0d,0x0d,
    0x2c,0x2c,0x1a,0x1a,0x11,0x11,0x1d,0x1d,0x1c,0x1c,0x1e,0x1e,0x2b,0x2b,0x23,0x23,
    0x23,0x23,0x23,0x23,0x27,0x27,0x23,0x23,0x23,0x23,0x23,0x23,0x23,0x23,0x23,0x23,
    0x23,0x23,0x27,0x27,0x27,0x27,0x28,0x28,0x25,0x25,0x27,0x27,0x25,0x25,0x25,0x25,
    0x20,0x20,0x21,0x21,0x18,0x18,0x1b,0x1b,0x2e,0x2e,0x16,0x16,0x10,0x10,0x0d,0x0d,
    0x0a,0x0a,0x05,0x05,0x09,0x09,0x0a,0x0a,0x09,0x09,0x15,0x15,0x2f,0x2f,0x2c,0x2c,
    0x20,0x20,0x1f,0x1f,0x2c,0x2c,0x15,0x15,0x13,0x13,0x15,0x15,0x0d,0x0d,0x12,0x12,
    0x11,0x11,0x0d,0x0d,0x0d,0x0d,0x0d,0x0d,0x0a,0x0a,0x12,0x12,0x1e,0x1e,0x19,0x19,
    0x16,0x16,0x23,0x23,0x2a,0x2a,0x2b,0x2b,0x27,0x27,0x16,0x16,0x1f,0x1f,0x20,0x20,
    0x0d,0x0d,0x18,0x18,0x1c,0x1c,0x20,0x20,0x15,0x15,0x0a,0x0a,0x0a,0x0a,0x05,0x05,
    0x05,0x05,0x09,0x09,0x09,0x09,0x09,0x09,0x09,0x09,0x09,0x09,0x13,0x13,0x12,0x12,
    0x05,0x05,0x0a,0x0a,0x11,0x11,0x1b,0x1b,0x19,0x19,0x1a,0x1a,0x23,0x23,0x2f,0x2f,
    0x2b,0x2b,0x28,0x28,0x28,0x28,0x2b,0x2b,0x2c,0x2c,0x28,0x28,0x25,0x25,0x23,0x23,
    0x23,0x23,0x28,0x28,0x1f,0x1f,0x23,0x23,0x17,0x17,0x1f,0x1f,0x2c,0x2c,0x1d,0x1d,
    0x1f,0x1f,0x1a,0x1a,0x0e,0x0e,0x0e,0x0e,0x0e,0x0e,0x17,0x17,0x17,0x17,0x1d,0x1d,
    0x18,0x18,0x1c,0x1c,0x2e,0x2e,0x23,0x23,0x23,0x23,0x23,0x23,0x20,0x20,0x23,0x23,
    0x23,0x23,0x23,0x23,0x25,0x25,0x23,0x23,0x25,0x25,0x23,0x23,0x28,0x28,0x1e,0x1e,
    0x15,0x15,0x1d,0x1d,0x1c,0x1c,0x13,0x13,0x19,0x19,0x09,0x09,0x10,0x10,0x16,0x16,
    0x11,0x11,0x1d,0x1d,0x1c,0x1c,0x14,0x14,0x10,0x10,0x0a,0x0a,0x18,0x18,0x13,0x13,
    0x1e,0x1e,0x1f,0x1f,0x22,0x22,0x25,0x25,0x23,0x23,0x23,0x23,0x23,0x23,0x23,0x23,
    0x23,0x23,0x1f,0x1f,0x1a,0x1a,0x17,0x17,0x2b,0x2b,0x1c,0x1c,0x17,0x17,0x11,0x11,
    0x18,0x18,0x1e,0x1e,0x11,0x11,0x25,0x25,0x22,0x22,0x10,0x10,0x08,0x08,0x16,0x16,
    0x13,0x13,0x12,0x12,0x0d,0x0d,0x08,0x08,0x05,0x05,0x05,0x05,0x0d,0x0d,0x0d,0x0d,
    0x15,0x15,0x16,0x16,0x11,0x11,0x0d,0x0d,0x11,0x11,0x17,0x17,0x20,0x20,0x20,0x20,
    0x23,0x23,0x28,0x28,0x23,0x23,0x2b,0x2b,0x17,0x17,0x0c,0x0c,0x0e,0x0e,0x14,0x14,
    0x16,0x16,0x0d,0x0d,0x0e,0x0e,0x0f,0x0f,0x16,0x16,0x0f,0x0f,0x0c,0x0c,0x05,0x05,
    0x07,0x07,0x0b,0x0b,0x04,0x04,0x02,0x02,0x03,0x03,0x0b,0x0b,0x07,0x07,0x06,0x06,
    0x0e,0x0e,0x07,0x07,0x06,0x06,0x03,0x03,0x03,0x03,0x03,0x03,0x03,0x03,0x06,0x06,
    0x07,0x07,0x06,0x06,0x06,0x06,0x07,0x07,0x0c,0x0c,0x06,0x06,0x0c,0x0c,0x06,0x06,
    0x04,0x04,0x0b,0x0b,0x0c,0x0c,0x0c,0x0c,0x05,0x05,0x09,0x09,0x05,0x05,0x08,0x08,
    0x05,0x05,0x05,0x05,0x08,0x08,0x0a,0x0a,0x0d,0x0d,0x16,0x16,0x0d,0x0d,0x15,0x15,
    0x20,0x20,0x11,0x11,0x05,0x05,0x05,0x05,0x0a,0x0a,0x16,0x16,0x0a,0x0a,0x10,0x10,
    0x1b,0x1b,0x11,0x11,0x0d,0x0d,0x05,0x05,0x05,0x05,0x11,0x11,0x13,0x13,0x0a,0x0a,
    0x16,0x16,0x19,0x19,0x11,0x11,0x0a,0x0a,0x1a,0x1a,0x15,0x15,0x25,0x25,0x23,0x23,
    0x23,0x23,0x23,0x23,0x23,0x23,0x23,0x23,0x23,0x23,0x28,0x28,0x23,0x23,0x23,0x23,
    0x23,0x23,0x23,0x23,0x23,0x23,0x25,0x25,0x23,0x23,0x25,0x25,0x23,0x23,0x2c,0x2c,
    0x1c,0x1c,0x17,0x17,0x1a,0x1a,0x11,0x11,0x1e,0x1e,0x13,0x13,0x10,0x10,0x0a,0x0a,
    0x09,0x09,0x09,0x09,0x10,0x10,0x17,0x17,0x0a,0x0a,0x10,0x10,0x1a,0x1a,0x22,0x22,
    0x10,0x10,0x16,0x16,0x25,0x25,0x1c,0x1c,0x1b,0x1b,0x17,0x17,0x0a,0x0a,0x18,0x18,
    0x19,0x19,0x12,0x12,0x12,0x12,0x08,0x08,0x10,0x10,0x17,0x17,0x13,0x13,0x0e,0x0e,
    0x13,0x13,0x1e,0x1e,0x2b,0x2b,0x23,0x23,0x1f,0x1f,0x1e,0x1e,0x1e,0x1e,0x2f,0x2f,
    0x1e,0x1e,0x1e,0x1e,0x2f,0x2f,0x1c,0x1c,0x10,0x10,0x08,0x08,0x08,0x08,0x09,0x09,
    0x05,0x05,0x09,0x09,0x09,0x09,0x09,0x09,0x09,0x09,0x09,0x09,0x13,0x13,0x12,0x12,
    0x05,0x05,0x0a,0x0a,0x11,0x11,0x1b,0x1b,0x19,0x19,0x1a,0x1a,0x23,0x23,0x2f,0x2f,
    0x2b,0x2b,0x28,0x28,0x28,0x28,0x2b,0x2b,0x2c,0x2c,0x28,0x28,0x25,0x25,0x23,0x23,
    0x23,0x23,0x28,0x28,0x1f,0x1f,0x23,0x23,0x17,0x17,0x1f,0x1f,0x2c,0x2c,0x1d,0x1d,
    0x1f,0x1f,0x1a,0x1a,0x0e,0x0e,0x0e,0x0e,0x0e,0x0e,0x17,0x17,0x17,0x17,0x1d,0x1d,
    0x18,0x18,0x1c,0x1c,0x2e,0x2e,0x23,0x23,0x23,0x23,0x23,0x23,0x20,0x20,0x23,0x23,
    0x23,0x23,0x23,0x23,0x25,0x25,0x23,0x23,0x25,0x25,0x23,0x23,0x28,0x28,0x1e,0x1e,
    0x15,0x15,0x1d,0x1d,0x1c,0x1c,0x13,0x13,0x19,0x19,0x09,0x09,0x10,0x10,0x16,0x16,
    0x11,0x11,0x1d,0x1d,0x1c,0x1c,0x14,0x14,0x10,0x10,0x0a,0x0a,0x18,0x18,0x13,0x13,
    0x1e,0x1e,0x1f,0x1f,0x22,0x22,0x25,0x25,0x23,0x23,0x23,0x23,0x23,0x23,0x23,0x23,
    0x23,0x23,0x1f,0x1f,0x1a,0x1a,0x17,0x17,0x2b,0x2b,0x1c,0x1c,0x17,0x17,0x11,0x11,
    0x18,0x18,0x1e,0x1e,0x11,0x11,0x25,0x25,0x22,0x22,0x10,0x10,0x08,0x08,0x16,0x16,
    0x13,0x13,0x12,0x12,0x0d,0x0d,0x08,0x08,0x05,0x05,0x05,0x05,0x0d,0x0d,0x0d,0x0d,
    0x15,0x15,0x16,0x16,0x11,0x11,0x0d,0x0d,0x11,0x11,0x17,0x17,0x20,0x20,0x20,0x20,
    0x23,0x23,0x28,0x28,0x23,0x23,0x2b,0x2b,0x17,0x17,0x0c,0x0c,0x0e,0x0e,0x14,0x14,
    0x16,0x16,0x0d,0x0d,0x0e,0x0e,0x0f,0x0f,0x16,0x16,0x0f,0x0f,0x0c,0x0c,0x05,0x05,
    0x07,0x07,0x0b,0x0b,0x04,0x04,0x02,0x02,0x03,0x03,0x0b,0x0b,0x07,0x07,0x06,0x06,
    0x0e,0x0e,0x07,0x07,0x06,0x06,0x03,0x03,0x03,0x03,0x03,0x03,0x03,0x03,0x06,0x06,
    0x07,0x07,0x06,0x06,0x06,0x06,0x07,0x07,0x0c,0x0c,0x06,0x06,0x0c,0x0c,0x06,0x06,
    0x04,0x04,0x0b,0x0b,0x0c,0x0c,0x0c,0x0c,0x05,0x05,0x09,0x09,0x05,0x05,0x08,0x08,
    0x05,0x05,0x05,0x05,0x08,0x08,0x0a,0x0a,0x0d,0x0d,0x16,0x16,0x0d,0x0d,0x15,0x15,
    0x20,0x20,0x11,0x11,0x05,0x05,0x05,0x05,0x0a,0x0a,0x16,0x16,0x0a,0x0a,0x10,0x10,
    0x1b,0x1b,0x11,0x11,0x0d,0x0d,0x05,0x05,0x05,0x05,0x11,0x11,0x13,0x13,0x0a,0x0a,
    0x16,0x16,0x19,0x19,0x11,0x11,0x0a,0x0a,0x1a,0x1a,0x15,0x15,0x25,0x25,0x23,0x23,
    0x23,0x23,0x23,0x23,0x23,0x23,0x23,0x23,0x23,0x23,0x28,0x28,0x23,0x23,0x23,0x23,
    0x23,0x23,0x23,0x23,0x23,0x23,0x25,0x25,0x23,0x23,0x25,0x25,0x23,0x23,0x2c,0x2c,
    0x1c,0x1c,0x17,0x17,0x1a,0x1a,0x11,0x11,0x1e,0x1e,0x13,0x13,0x10,0x10,0x0a,0x0a,
    0x09,0x09,0x09,0x09,0x10,0x10,0x17,0x17,0x0a,0x0a,0x10,0x10,0x1a,0x1a,0x22,0x22,
    0x10,0x10,0x16,0x16,0x25,0x25,0x1c,0x1c,0x1b,0x1b,0x17,0x17,0x0a,0x0a,0x18,0x18,
    0x19,0x19,0x12,0x12,0x12,0x12,0x08,0x08,0x10,0x10,0x17,0x17,0x13,0x13,0x0e,0x0e,
    0x13,0x13,0x1e,0x1e,0x2b,0x2b,0x23,0x23,0x1f,0x1f,0x1e,0x1e,0x1e,0x1e,0x2f,0x2f,
    0x1e,0x1e,0x1e,0x1e,0x2f,0x2f,0x1c,0x1c,0x10,0x10,0x08,0x08,0x08,0x08,0x09,0x09,
};
const uint16_t wayfarer_sky_palettes[4352] = {
    0x1947,0x1907,0x18e6,0x18c6,0x10a6,0x08a5,0x10a5,0x1085,0x0885,0x0884,0x0884,0x1084,0x0884,0x0884,0x0864,0x0863,
    0x0884,0x0863,0x0863,0x0863,0x0863,0x0863,0x0843,0x0842,0x0042,0x0042,0x0042,0x0042,0x0022,0x0022,0x0022,0x0022,
    0x0022,0x0021,0x0021,0x0021,0x0021,0x0021,0x0021,0x0021,0x0021,0x0021,0x0021,0x0021,0x0021,0x0021,0x0021,0x0021,
    0x0000,0x0000,0x0000,0x0000,0x0000,0x0000,0x0000,0x0000,0x0000,0x0000,0x0000,0x0000,0x0000,0x0000,0x0000,0x0000,
    0x0000,0x0000,0x0000,0x0000,0x0000,0x0000,0x0000,0x0000,0x0000,0x0000,0x0000,0x0000,0x0000,0x0000,0x0000,0x0000,
    0x0000,0x0000,0x0000,0x0000,0x0000,0x0000,0x0000,0x0000,0x0000,0x0000,0x0000,0x0000,0x0000,0x0000,0x0000,0x0000,
    0x0000,0x0000,0x0000,0x0000,0x0000,0x0000,0x0000,0x0000,0x0000,0x0000,0x0000,0x0000,0x0000,0x0000,0x0000,0x0000,
    0x0000,0x0000,0x0000,0x0000,0x0000,0x0000,0x0000,0x0000,0x0000,0x0000,0x0000,0x0000,0x0000,0x0000,0x0000,0x0000,
    0x0000,0x0000,0x0000,0x0000,0x0000,0x0000,0x0000,0x0000,0x0000,0x0000,0x0000,0x0000,0x0000,0x0000,0x0000,0x0000,
    0x0000,0x0000,0x0000,0x0000,0x0000,0x0000,0x0000,0x0000,0x0000,0x0000,0x0000,0x0000,0x0000,0x0000,0x0000,0x0000,
    0x0000,0x0000,0x0000,0x0000,0x0000,0x0000,0x0000,0x0000,0x0000,0x0000,0x0000,0x0000,0x0000,0x0000,0x0000,0x0000,
    0x0000,0x0000,0x0000,0x0000,0x0000,0x0000,0x0000,0x0000,0x0000,0x0000,0x0000,0x0000,0x0000,0x0000,0x0000,0x0000,
    0x0000,0x0000,0x0000,0x0000,0x0000,0x0000,0x0000,0x0000,0x0000,0x0000,0x0000,0x0000,0x0000,0x0000,0x0000,0x0000,
    0x0000,0x0000,0x0000,0x0000,0x0000,0x0000,0x0000,0x0000,0x0000,0x0000,0x0000,0x0000,0x0000,0x0000,0x0000,0x0000,
    0x0000,0x0000,0x0000,0x0000,0x0000,0x0000,0x0000,0x0000,0x0000,0x0000,0x0000,0x0000,0x0000,0x0000,0x0000,0x0000,
    0x0000,0x0000,0x0000,0x0000,0x0000,0x0000,0x0000,0x0000,0x0000,0x0000,0x0000,0x0000,0x0000,0x0000,0x0000,0x0000,
    0x1968,0x1907,0x18e7,0x18c6,0x10c6,0x10c5,0x18a5,0x10a5,0x10a5,0x08a5,0x0884,0x1084,0x0884,0x0884,0x0884,0x0864,
    0x0884,0x0864,0x0863,0x0863,0x0863,0x0863,0x0843,0x0842,0x0042,0x0042,0x0042,0x0042,0x0022,0x0022,0x0022,0x0022,
    0x0022,0x0022,0x0022,0x0021,0x0021,0x0021,0x0021,0x0021,0x0021,0x0021,0x0021,0x0021,0x0021,0x0021,0x0021,0x0021,
    0x0000,0x0000,0x0000,0x0000,0x0000,0x0000,0x0000,0x0000,0x0000,0x0000,0x0000,0x0000,0x0000,0x0000,0x0000,0x0000,
    0x0000,0x0000,0x0000,0x0000,0x0000,0x0000,0x0000,0x0000,0x0000,0x0000,0x0000,0x0000,0x0000,0x0000,0x0000,0x0000,
    0x0000,0x0000,0x0000,0x0000,0x0000,0x0000,0x0000,0x0000,0x0000,0x0000,0x0000,0x0000,0x0000,0x0000,0x0000,0x0000,
    0x0000,0x0000,0x0000,0x0000,0x0000,0x0000,0x0000,0x0000,0x0000,0x0000,0x0000,0x0000,0x0000,0x0000,0x0000,0x0000,
    0x0000,0x0000,0x0000,0x0000,0x0000,0x0000,0x0000,0x0000,0x0000,0x0000,0x0000,0x0000,0x0000,0x0000,0x0000,0x0000,
    0x0000,0x0000,0x0000,0x0000,0x0000,0x0000,0x0000,0x0000,0x0000,0x0000,0x0000,0x0000,0x0000,0x0000,0x0000,0x0000,
    0x0000,0x0000,0x0000,0x0000,0x0000,0x0000,0x0000,0x0000,0x0000,0x0000,0x0000,0x0000,0x0000,0x0000,0x0000,0x0000,
    0x0000,0x0000,0x0000,0x0000,0x0000,0x0000,0x0000,0x0000,0x0000,0x0000,0x0000,0x0000,0x0000,0x0000,0x0000,0x0000,
    0x0000,0x0000,0x0000,0x0000,0x0000,0x0000,0x0000,0x0000,0x0000,0x0000,0x0000,0x0000,0x0000,0x0000,0x0000,0x0000,
    0x0000,0x0000,0x0000,0x0000,0x0000,0x0000,0x0000,0x0000,0x0000,0x0000,0x0000,0x0000,0x0000,0x0000,0x0000,0x0000,
    0x0000,0x0000,0x0000,0x0000,0x0000,0x0000,0x0000,0x0000,0x0000,0x0000,0x0000,0x0000,0x0000,0x0000,0x0000,0x0000,
    0x0000,0x0000,0x0000,0x0000,0x0000,0x0000,0x0000,0x0000,0x0000,0x0000,0x0000,0x0000,0x0000,0x0000,0x0000,0x0000,
    0x0000,0x0000,0x0000,0x0000,0x0000,0x0000,0x0000,0x0000,0x0000,0x0000,0x0000,0x0000,0x0000,0x0000,0x0000,0x0000,
    0x1968,0x1928,0x1907,0x20c7,0x18c7,0x10c6,0x18a6,0x10a6,0x10a5,0x08a5,0x08a5,0x1085,0x1084,0x0885,0x0884,0x0864,
    0x0884,0x0884,0x0864,0x0863,0x0863,0x0863,0x0863,0x0843,0x0843,0x0043,0x0042,0x0042,0x0042,0x0022,0x0022,0x0022,
    0x0022,0x0022,0x0022,0x0022,0x0022,0x0022,0x0021,0x0022,0x0022,0x0021,0x0022,0x0022,0x0021,0x0022,0x0021,0x0021,
    0x0000,0x0000,0x0000,0x0000,0x0000,0x0000,0x0000,0x0000,0x0000,0x0000,0x0000,0x0000,0x0000,0x0000,0x0000,0x0000,
    0x0000,0x0000,0x0000,0x0000,0x0000,0x0000,0x0000,0x0000,0x0000,0x0000,0x0000,0x0000,0x0000,0x0000,0x0000,0x0000,
    0x0000,0x0000,0x0000,0x0000,0x0000,0x0000,0x0000,0x0000,0x0000,0x0000,0x0000,0x0000,0x0000,0x0000,0x0000,0x0000,
    0x0000,0x0000,0x0000,0x0000,0x0000,0x0000,0x0000,0x0000,0x0000,0x0000,0x0000,0x0000,0x0000,0x0000,0x0000,0x0000,
    0x0000,0x0000,0x0000,0x0000,0x0000,0x0000,0x0000,0x0000,0x0000,0x0000,0x0000,0x0000,0x0000,0x0000,0x0000,0x0000,
    0x0000,0x0000,0x0000,0x0000,0x0000,0x0000,0x0000,0x0000,0x0000,0x0000,0x0000,0x0000,0x0000,0x0000,0x0000,0x0000,
    0x0000,0x0000,0x0000,0x0000,0x0000,0x0000,0x0000,0x0000,0x0000,0x0000,0x0000,0x0000,0x0000,0x0000,0x0000,0x0000,
    0x0000,0x0000,0x0000,0x0000,0x0000,0x0000,0x0000,0x0000,0x0000,0x0000,0x0000,0x0000,0x0000,0x0000,0x0000,0x0000,
    0x0000,0x0000,0x0000,0x0000,0x0000,0x0000,0x0000,0x0000,0x0000,0x0000,0x0000,0x0000,0x0000,0x0000,0x0000,0x0000,
    0x0000,0x0000,0x0000,0x0000,0x0000,0x0000,0x0000,0x0000,0x0000,0x0000,0x0000,0x0000,0x0000,0x0000,0x0000,0x0000,
    0x0000,0x0000,0x0000,0x0000,0x0000,0x0000,0x0000,0x0000,0x0000,0x0000,0x0000,0x0000,0x0000,0x0000,0x0000,0x0000,
    0x0000,0x0000,0x0000,0x0000,0x0000,0x0000,0x0000,0x0000,0x0000,0x0000,0x0000,0x0000,0x0000,0x0000,0x0000,0x0000,
    0x0000,0x0000,0x0000,0x0000,0x0000,0x0000,0x0000,0x0000,0x0000,0x0000,0x0000,0x0000,0x0000,0x0000,0x0000,0x0000,
    0x1989,0x2128,0x1907,0x20e7,0x18c7,0x10c6,0x18a6,0x10a6,0x10a6,0x08a5,0x08a5,0x10a5,0x1085,0x08a5,0x1084,0x0884,
    0x0884,0x0884,0x0884,0x0884,0x0864,0x0863,0x0863,0x0843,0x0843,0x0043,0x0042,0x0042,0x0042,0x0042,0x0042,0x0022,
    0x0022,0x0022,0x0022,0x0022,0x0022,0x0022,0x0022,0x0022,0x0022,0x0022,0x0022,0x0022,0x0022,0x0022,0x0022,0x0021,
    0x0000,0x0000,0x0000,0x0000,0x0000,0x0000,0x0000,0x0000,0x0000,0x0000,0x0000,0x0000,0x0000,0x0000,0x0000,0x0000,
    0x0000,0x0000,0x0000,0x0000,0x0000,0x0000,0x0000,0x0000,0x0000,0x0000,0x0000,0x0000,0x0000,0x0000,0x0000,0x0000,
    0x0000,0x0000,0x0000,0x0000,0x0000,0x0000,0x0000,0x0000,0x0000,0x0000,0x0000,0x0000,0x0000,0x0000,0x0000,0x0000,
    0x0000,0x0000,0x0000,0x0000,0x0000,0x0000,0x0000,0x0000,0x0000,0x0000,0x0000,0x0000,0x0000,0x0000,0x0000,0x0000,
    0x0000,0x0000,0x0000,0x0000,0x0000,0x0000,0x0000,0x0000,0x0000,0x0000,0x0000,0x0000,0x0000,0x0000,0x0000,0x0000,
    0x0000,0x0000,0x0000,0x0000,0x0000,0x0000,0x0000,0x0000,0x0000,0x0000,0x0000,0x0000,0x0000,0x0000,0x0000,0x0000,
    0x0000,0x0000,0x0000,0x0000,0x0000,0x0000,0x0000,0x0000,0x0000,0x0000,0x0000,0x0000,0x0000,0x0000,0x0000,0x0000,
    0x0000,0x0000,0x0000,0x0000,0x0000,0x0000,0x0000,0x0000,0x0000,0x0000,0x0000,0x0000,0x0000,0x0000,0x0000,0x0000,
    0x0000,0x0000,0x0000,0x0000,0x0000,0x0000,0x0000,0x0000,0x0000,0x0000,0x0000,0x0000,0x0000,0x0000,0x0000,0x0000,
    0x0000,0x0000,0x0000,0x0000,0x0000,0x0000,0x0000,0x0000,0x0000,0x0000,0x0000,0x0000,0x0000,0x0000,0x0000,0x0000,
    0x0000,0x0000,0x0000,0x0000,0x0000,0x0000,0x0000,0x0000,0x0000,0x0000,0x0000,0x0000,0x0000,0x0000,0x0000,0x0000,
    0x0000,0x0000,0x0000,0x0000,0x0000,0x0000,0x0000,0x0000,0x0000,0x0000,0x0000,0x0000,0x0000,0x0000,0x0000,0x0000,
    0x0000,0x0000,0x0000,0x0000,0x0000,0x0000,0x0000,0x0000,0x0000,0x0000,0x0000,0x0000,0x0000,0x0000,0x0000,0x0000,
    0x1989,0x2149,0x1908,0x20e8,0x18e8,0x10e6,0x18c6,0x10c6,0x10c6,0x10c6,0x08a5,0x10a5,0x10a5,0x10a5,0x1085,0x0884,
    0x08a5,0x0884,0x0884,0x0884,0x0864,0x0864,0x0863,0x0843,0x0843,0x0843,0x0843,0x0842,0x0042,0x0042,0x0042,0x0042,
    0x0042,0x0022,0x0022,0x0022,0x0022,0x0022,0x0022,0x0022,0x0022,0x0022,0x0022,0x0022,0x0022,0x0022,0x0022,0x0022,
    0x0000,0x0000,0x0000,0x0000,0x0000,0x0000,0x0000,0x0000,0x0000,0x0000,0x0000,0x0000,0x0000,0x0000,0x0000,0x0000,
    0x0000,0x0000,0x0000,0x0000,0x0000,0x0000,0x0000,0x0000,0x0000,0x0000,0x0000,0x0000,0x0000,0x0000,0x0000,0x0000,
    0x0000,0x0000,0x0000,0x0000,0x0000,0x0000,0x0000,0x0000,0x0000,0x0000,0x0000,0x0000,0x0000,0x0000,0x0000,0x0000,
    0x0000,0x0000,0x0000,0x0000,0x0000,0x0000,0x0000,0x0000,0x0000,0x0000,0x0000,0x0000,0x0000,0x0000,0x0000,0x0000,
    0x0000,0x0000,0x0000,0x0000,0x0000,0x0000,0x0000,0x0000,0x0000,0x0000,0x0000,0x0000,0x0000,0x0000,0x0000,0x0000,
    0x0000,0x0000,0x0000,0x0000,0x0000,0x0000,0x0000,0x0000,0x0000,0x0000,0x0000,0x0000,0x0000,0x0000,0x0000,0x0000,
    0x0000,0x0000,0x0000,0x0000,0x0000,0x0000,0x0000,0x0000,0x0000,0x0000,0x0000,0x0000,0x0000,0x0000,0x0000,0x0000,
    0x0000,0x0000,0x0000,0x0000,0x0000,0x0000,0x0000,0x0000,0x0000,0x0000,0x0000,0x0000,0x0000,0x0000,0x0000,0x0000,
    0x0000,0x0000,0x0000,0x0000,0x0000,0x0000,0x0000,0x0000,0x0000,0x0000,0x0000,0x0000,0x0000,0x0000,0x0000,0x0000,
    0x0000,0x0000,0x0000,0x0000,0x0000,0x0000,0x0000,0x0000,0x0000,0x0000,0x0000,0x0000,0x0000,0x0000,0x0000,0x0000,
    0x0000,0x0000,0x0000,0x0000,0x0000,0x0000,0x0000,0x0000,0x0000,0x0000,0x0000,0x0000,0x0000,0x0000,0x0000,0x0000,
    0x0000,0x0000,0x0000,0x0000,0x0000,0x0000,0x0000,0x0000,0x0000,0x0000,0x0000,0x0000,0x0000,0x0000,0x0000,0x0000,
    0x0000,0x0000,0x0000,0x0000,0x0000,0x0000,0x0000,0x0000,0x0000,0x0000,0x0000,0x0000,0x0000,0x0000,0x0000,0x0000,
    0x19aa,0x2149,0x2128,0x20e8,0x18e8,0x10e7,0x18c7,0x18c7,0x10c6,0x10c6,0x10c6,0x10a6,0x10a5,0x10a5,0x10a5,0x1085,
    0x08a5,0x0885,0x0884,0x0884,0x0864,0x0864,0x0864,0x0863,0x0863,0x0863,0x0843,0x0843,0x0042,0x0042,0x0042,0x0042,
    0x0042,0x0022,0x0022,0x0022,0x0022,0x0022,0x0022,0x0022,0x0022,0x0022,0x0022,0x0022,0x0022,0x0022,0x0022,0x0022,
    0x0000,0x0000,0x0000,0x0000,0x0000,0x0000,0x0000,0x0000,0x0000,0x0000,0x0000,0x0000,0x0000,0x0000,0x0000,0x0000,
    0x0000,0x0000,0x0000,0x0000,0x0000,0x0000,0x0000,0x0000,0x0000,0x0000,0x0000,0x0000,0x0000,0x0000,0x0000,0x0000,
    0x0000,0x0000,0x0000,0x0000,0x0000,0x0000,0x0000,0x0000,0x0000,0x0000,0x0000,0x0000,0x0000,0x0000,0x0000,0x0000,
    0x0000,0x0000,0x0000,0x0000,0x0000,0x0000,0x0000,0x0000,0x0000,0x0000,0x0000,0x0000,0x0000,0x0000,0x0000,0x0000,
    0x0000,0x0000,0x0000,0x0000,0x0000,0x0000,0x0000,0x0000,0x0000,0x0000,0x0000,0x0000,0x0000,0x0000,0x0000,0x0000,
    0x0000,0x0000,0x0000,0x0000,0x0000,0x0000,0x0000,0x0000,0x0000,0x0000,0x0000,0x0000,0x0000,0x0000,0x0000,0x0000,
    0x0000,0x0000,0x0000,0x0000,0x0000,0x0000,0x0000,0x0000,0x0000,0x0000,0x0000,0x0000,0x0000,0x0000,0x0000,0x0000,
    0x0000,0x0000,0x0000,0x0000,0x0000,0x0000,0x0000,0x0000,0x0000,0x0000,0x0000,0x0000,0x0000,0x0000,0x0000,0x0000,
    0x0000,0x0000,0x0000,0x0000,0x0000,0x0000,0x0000,0x0000,0x0000,0x0000,0x0000,0x0000,0x0000,0x0000,0x0000,0x0000,
    0x0000,0x0000,0x0000,0x0000,0x0000,0x0000,0x0000,0x0000,0x0000,0x0000,0x0000,0x0000,0x0000,0x0000,0x0000,0x0000,
    0x0000,0x0000,0x0000,0x0000,0x0000,0x0000,0x0000,0x0000,0x0000,0x0000,0x0000,0x0000,0x0000,0x0000,0x0000,0x0000,
    0x0000,0x0000,0x0000,0x0000,0x0000,0x0000,0x0000,0x0000,0x0000,0x0000,0x0000,0x0000,0x0000,0x0000,0x0000,0x0000,
    0x0000,0x0000,0x0000,0x0000,0x0000,0x0000,0x0000,0x0000,0x0000,0x0000,0x0000,0x0000,0x0000,0x0000,0x0000,0x0000,
    0x21ca,0x216a,0x2129,0x2908,0x1908,0x1107,0x20c7,0x18c7,0x10c7,0x10c6,0x10c6,0x10a6,0x10a6,0x10a6,0x10a5,0x1085,
    0x08a5,0x0885,0x0885,0x0884,0x0884,0x0884,0x0864,0x0863,0x0863,0x0863,0x0843,0x0843,0x0843,0x0842,0x0043,0x0042,
    0x0042,0x0042,0x0042,0x0042,0x0042,0x0042,0x0042,0x0042,0x0042,0x0042,0x0022,0x0022,0x0022,0x0022,0x0022,0x0022,
    0x0000,0x0000,0x0000,0x0000,0x0000,0x0000,0x0000,0x0000,0x0000,0x0000,0x0000,0x0000,0x0000,0x0000,0x0000,0x0000,
    0x0000,0x0000,0x0000,0x0000,0x0000,0x0000,0x0000,0x0000,0x0000,0x0000,0x0000,0x0000,0x0000,0x0000,0x0000,0x0000,
    0x0000,0x0000,0x0000,0x0000,0x0000,0x0000,0x0000,0x0000,0x0000,0x0000,0x0000,0x0000,0x0000,0x0000,0x0000,0x0000,
    0x0000,0x0000,0x0000,0x0000,0x0000,0x0000,0x0000,0x0000,0x0000,0x0000,0x0000,0x0000,0x0000,0x0000,0x0000,0x0000,
    0x0000,0x0000,0x0000,0x0000,0x0000,0x0000,0x0000,0x0000,0x0000,0x0000,0x0000,0x0000,0x0000,0x0000,0x0000,0x0000,
    0x0000,0x0000,0x0000,0x0000,0x0000,0x0000,0x0000,0x0000,0x0000,0x0000,0x0000,0x0000,0x0000,0x0000,0x0000,0x0000,
    0x0000,0x0000,0x0000,0x0000,0x0000,0x0000,0x0000,0x0000,0x0000,0x0000,0x0000,0x0000,0x0000,0x0000,0x0000,0x0000,
    0x0000,0x0000,0x0000,0x0000,0x0000,0x0000,0x0000,0x0000,0x0000,0x0000,0x0000,0x0000,0x0000,0x0000,0x0000,0x0000,
    0x0000,0x0000,0x0000,0x0000,0x0000,0x0000,0x0000,0x0000,0x0000,0x0000,0x0000,0x0000,0x0000,0x0000,0x0000,0x0000,
    0x0000,0x0000,0x0000,0x0000,0x0000,0x0000,0x0000,0x0000,0x0000,0x0000,0x0000,0x0000,0x0000,0x0000,0x0000,0x0000,
    0x0000,0x0000,0x0000,0x0000,0x0000,0x0000,0x0000,0x0000,0x0000,0x0000,0x0000,0x0000,0x0000,0x0000,0x0000,0x0000,
    0x0000,0x0000,0x0000,0x0000,0x0000,0x0000,0x0000,0x0000,0x0000,0x0000,0x0000,0x0000,0x0000,0x0000,0x0000,0x0000,
    0x0000,0x0000,0x0000,0x0000,0x0000,0x0000,0x0000,0x0000,0x0000,0x0000,0x0000,0x0000,0x0000,0x0000,0x0000,0x0000,
    0x21cb,0x296a,0x2149,0x2909,0x2109,0x1107,0x20e7,0x18e7,0x10e7,0x10e7,0x10c6,0x18c6,0x10a6,0x10c6,0x10a6,0x10a5,
    0x08a6,0x08a5,0x0885,0x0885,0x0884,0x0884,0x0864,0x0864,0x0863,0x0863,0x0863,0x0843,0x0843,0x0843,0x0043,0x0042,
    0x0042,0x0042,0x0042,0x0042,0x0042,0x0042,0x0042,0x0042,0x0042,0x0042,0x0022,0x0022,0x0022,0x0022,0x0022,0x0022,
    0x0000,0x0000,0x0000,0x0000,0x0000,0x0000,0x0000,0x0000,0x0000,0x0000,0x0000,0x0000,0x0000,0x0000,0x0000,0x0000,
    0x0000,0x0000,0x0000,0x0000,0x0000,0x0000,0x0000,0x0000,0x0000,0x0000,0x0000,0x0000,0x0000,0x0000,0x0000,0x0000,
    0x0000,0x0000,0x0000,0x0000,0x0000,0x0000,0x0000,0x0000,0x0000,0x0000,0x0000,0x0000,0x0000,0x0000,0x0000,0x0000,
    0x0000,0x0000,0x0000,0x0000,0x0000,0x0000,0x0000,0x0000,0x0000,0x0000,0x0000,0x0000,0x0000,0x0000,0x0000,0x0000,
    0x0000,0x0000,0x0000,0x0000,0x0000,0x0000,0x0000,0x0000,0x0000,0x0000,0x0000,0x0000,0x0000,0x0000,0x0000,0x0000,
    0x0000,0x0000,0x0000,0x0000,0x0000,0x0000,0x0000,0x0000,0x0000,0x0000,0x0000,0x0000,0x0000,0x0000,0x0000,0x0000,
    0x0000,0x0000,0x0000,0x0000,0x0000,0x0000,0x0000,0x0000,0x0000,0x0000,0x0000,0x0000,0x0000,0x0000,0x0000,0x0000,
    0x0000,0x0000,0x0000,0x0000,0x0000,0x0000,0x0000,0x0000,0x0000,0x0000,0x0000,0x0000,0x0000,0x0000,0x0000,0x0000,
    0x0000,0x0000,0x0000,0x0000,0x0000,0x0000,0x0000,0x0000,0x0000,0x0000,0x0000,0x0000,0x0000,0x0000,0x0000,0x0000,
    0x0000,0x0000,0x0000,0x0000,0x0000,0x0000,0x0000,0x0000,0x0000,0x0000,0x0000,0x0000,0x0000,0x0000,0x0000,0x0000,
    0x0000,0x0000,0x0000,0x0000,0x0000,0x0000,0x0000,0x0000,0x0000,0x0000,0x0000,0x0000,0x0000,0x0000,0x0000,0x0000,
    0x0000,0x0000,0x0000,0x0000,0x0000,0x0000,0x0000,0x0000,0x0000,0x0000,0x0000,0x0000,0x0000,0x0000,0x0000,0x0000,
    0x0000,0x0000,0x0000,0x0000,0x0000,0x0000,0x0000,0x0000,0x0000,0x0000,0x0000,0x0000,0x0000,0x0000,0x0000,0x0000,
    0x21eb,0x298a,0x214a,0x2929,0x2109,0x1108,0x20e8,0x18e8,0x10e7,0x10e7,0x10c7,0x18c6,0x10c6,0x10c6,0x10a6,0x10a5,
    0x10c6,0x08a5,0x08a5,0x08a5,0x0885,0x0884,0x0884,0x0864,0x0864,0x0864,0x0863,0x0863,0x0843,0x0843,0x0843,0x0843,
    0x0043,0x0842,0x0042,0x0042,0x0842,0x0042,0x0042,0x0042,0x0042,0x0042,0x0042,0x0042,0x0042,0x0042,0x0042,0x0022,
    0x0000,0x0000,0x0000,0x0000,0x0000,0x0000,0x0000,0x0000,0x0000,0x0000,0x0000,0x0000,0x0000,0x0000,0x0000,0x0000,
    0x0000,0x0000,0x0000,0x0000,0x0000,0x0000,0x0000,0x0000,0x0000,0x0000,0x0000,0x0000,0x0000,0x0000,0x0000,0x0000,
    0x0000,0x0000,0x0000,0x0000,0x0000,0x0000,0x0000,0x0000,0x0000,0x0000,0x0000,0x0000,0x0000,0x0000,0x0000,0x0000,
    0x0000,0x0000,0x0000,0x0000,0x0000,0x0000,0x0000,0x0000,0x0000,0x0000,0x0000,0x0000,0x0000,0x0000,0x0000,0x0000,
    0x0000,0x0000,0x0000,0x0000,0x0000,0x0000,0x0000,0x0000,0x0000,0x0000,0x0000,0x0000,0x0000,0x0000,0x0000,0x0000,
    0x0000,0x0000,0x0000,0x0000,0x0000,0x0000,0x0000,0x0000,0x0000,0x0000,0x0000,0x0000,0x0000,0x0000,0x0000,0x0000,
    0x0000,0x0000,0x0000,0x0000,0x0000,0x0000,0x0000,0x0000,0x0000,0x0000,0x0000,0x0000,0x0000,0x0000,0x0000,0x0000,
    0x0000,0x0000,0x0000,0x0000,0x0000,0x0000,0x0000,0x0000,0x0000,0x0000,0x0000,0x0000,0x0000,0x0000,0x0000,0x0000,
    0x0000,0x0000,0x0000,0x0000,0x0000,0x0000,0x0000,0x0000,0x0000,0x0000,0x0000,0x0000,0x0000,0x0000,0x0000,0x0000,
    0x0000,0x0000,0x0000,0x0000,0x0000,0x0000,0x0000,0x0000,0x0000,0x0000,0x0000,0x0000,0x0000,0x0000,0x0000,0x0000,
    0x0000,0x0000,0x0000,0x0000,0x0000,0x0000,0x0000,0x0000,0x0000,0x0000,0x0000,0x0000,0x0000,0x0000,0x0000,0x0000,
    0x0000,0x0000,0x0000,0x0000,0x0000,0x0000,0x0000,0x0000,0x0000,0x0000,0x0000,0x0000,0x0000,0x0000,0x0000,0x0000,
    0x0000,0x0000,0x0000,0x0000,0x0000,0x0000,0x0000,0x0000,0x0000,0x0000,0x0000,0x0000,0x0000,0x0000,0x0000,0x0000,
    0x220c,0x298b,0x216a,0x292a,0x212a,0x1928,0x20e8,0x18e8,0x18e8,0x10e7,0x10e7,0x18c7,0x10c6,0x10c7,0x10c6,0x10a6,
    0x10c6,0x10a6,0x10a5,0x08a5,0x1085,0x0885,0x0884,0x0864,0x0864,0x0864,0x0863,0x0863,0x0843,0x0843,0x0843,0x0843,
    0x0043,0x0843,0x0043,0x0042,0x0842,0x0042,0x0042,0x0042,0x0042,0x0042,0x0042,0x0042,0x0042,0x0042,0x0042,0x0022,
    0x0000,0x0000,0x0000,0x0000,0x0000,0x0000,0x0000,0x0000,0x0000,0x0000,0x0000,0x0000,0x0000,0x0000,0x0000,0x0000,
    0x0000,0x0000,0x0000,0x0000,0x0000,0x0000,0x0000,0x0000,0x0000,0x0000,0x0000,0x0000,0x0000,0x0000,0x0000,0x0000,
    0x0000,0x0000,0x0000,0x0000,0x0000,0x0000,0x0000,0x0000,0x0000,0x0000,0x0000,0x0000,0x0000,0x0000,0x0000,0x0000,
    0x0000,0x0000,0x0000,0x0000,0x0000,0x0000,0x0000,0x0000,0x0000,0x0000,0x0000,0x0000,0x0000,0x0000,0x0000,0x0000,
    0x0000,0x0000,0x0000,0x0000,0x0000,0x0000,0x0000,0x0000,0x0000,0x0000,0x0000,0x0000,0x0000,0x0000,0x0000,0x0000,
    0x0000,0x0000,0x0000,0x0000,0x0000,0x0000,0x0000,0x0000,0x0000,0x0000,0x0000,0x0000,0x0000,0x0000,0x0000,0x0000,
    0x0000,0x0000,0x0000,0x0000,0x0000,0x0000,0x0000,0x0000,0x0000,0x0000,0x0000,0x0000,0x0000,0x0000,0x0000,0x0000,
    0x0000,0x0000,0x0000,0x0000,0x0000,0x0000,0x0000,0x0000,0x0000,0x0000,0x0000,0x0000,0x0000,0x0000,0x0000,0x0000,
    0x0000,0x0000,0x0000,0x0000,0x0000,0x0000,0x0000,0x0000,0x0000,0x0000,0x0000,0x0000,0x0000,0x0000,0x0000,0x0000,
    0x0000,0x0000,0x0000,0x0000,0x0000,0x0000,0x0000,0x0000,0x0000,0x0000,0x0000,0x0000,0x0000,0x0000,0x0000,0x0000,
    0x0000,0x0000,0x0000,0x0000,0x0000,0x0000,0x0000,0x0000,0x0000,0x0000,0x0000,0x0000,0x0000,0x0000,0x0000,0x0000,
    0x0000,0x0000,0x0000,0x0000,0x0000,0x0000,0x0000,0x0000,0x0000,0x0000,0x0000,0x0000,0x0000,0x0000,0x0000,0x0000,
    0x0000,0x0000,0x0000,0x0000,0x0000,0x0000,0x0000,0x0000,0x0000,0x0000,0x0000,0x0000,0x0000,0x0000,0x0000,0x0000,
    0x220c,0x29ab,0x296a,0x292a,0x212a,0x1929,0x2108,0x18e8,0x18e8,0x10e7,0x10e7,0x18c7,0x18c7,0x10c7,0x10c6,0x10a6,
    0x10c6,0x10a6,0x10a5,0x08a5,0x1085,0x0885,0x0884,0x0864,0x0864,0x0864,0x0864,0x0863,0x0863,0x0843,0x0843,0x0843,
    0x0843,0x0843,0x0843,0x0843,0x0842,0x0842,0x0842,0x0043,0x0042,0x0042,0x0043,0x0042,0x0042,0x0042,0x0042,0x0042,
    0x0000,0x0000,0x0000,0x0000,0x0000,0x0000,0x0000,0x0000,0x0000,0x0000,0x0000,0x0000,0x0000,0x0000,0x0000,0x0000,
    0x0000,0x0000,0x0000,0x0000,0x0000,0x0000,0x0000,0x0000,0x0000,0x0000,0x0000,0x0000,0x0000,0x0000,0x0000,0x0000,
    0x0000,0x0000,0x0000,0x0000,0x0000,0x0000,0x0000,0x0000,0x0000,0x0000,0x0000,0x0000,0x0000,0x0000,0x0000,0x0000,
    0x0000,0x0000,0x0000,0x0000,0x0000,0x0000,0x0000,0x0000,0x0000,0x0000,0x0000,0x0000,0x0000,0x0000,0x0000,0x0000,
    0x0000,0x0000,0x0000,0x0000,0x0000,0x0000,0x0000,0x0000,0x0000,0x0000,0x0000,0x0000,0x0000,0x0000,0x0000,0x0000,
    0x0000,0x0000,0x0000,0x0000,0x0000,0x0000,0x0000,0x0000,0x0000,0x0000,0x0000,0x0000,0x0000,0x0000,0x0000,0x0000,
    0x0000,0x0000,0x0000,0x0000,0x0000,0x0000,0x0000,0x0000,0x0000,0x0000,0x0000,0x0000,0x0000,0x0000,0x0000,0x0000,
    0x0000,0x0000,0x0000,0x0000,0x0000,0x0000,0x0000,0x0000,0x0000,0x0000,0x0000,0x0000,0x0000,0x0000,0x0000,0x0000,
    0x0000,0x0000,0x0000,0x0000,0x0000,0x0000,0x0000,0x0000,0x0000,0x0000,0x0000,0x0000,0x0000,0x0000,0x0000,0x0000,
    0x0000,0x0000,0x0000,0x0000,0x0000,0x0000,0x0000,0x0000,0x0000,0x0000,0x0000,0x0000,0x0000,0x0000,0x0000,0x0000,
    0x0000,0x0000,0x0000,0x0000,0x0000,0x0000,0x0000,0x0000,0x0000,0x0000,0x0000,0x0000,0x0000,0x0000,0x0000,0x0000,
    0x0000,0x0000,0x0000,0x0000,0x0000,0x0000,0x0000,0x0000,0x0000,0x0000,0x0000,0x0000,0x0000,0x0000,0x0000,0x0000,
    0x0000,0x0000,0x0000,0x0000,0x0000,0x0000,0x0000,0x0000,0x0000,0x0000,0x0000,0x0000,0x0000,0x0000,0x0000,0x0000,
    0x2a2d,0x29ac,0x298b,0x314a,0x212a,0x1929,0x2109,0x2109,0x1908,0x1108,0x10e7,0x18e7,0x18c7,0x10e7,0x10c7,0x10a6,
    0x10c7,0x10c6,0x10a6,0x08a5,0x10a5,0x08a5,0x0885,0x0884,0x0884,0x0884,0x0864,0x0864,0x0863,0x0843,0x0843,0x0843,
    0x0843,0x0843,0x0843,0x0843,0x0843,0x0843,0x0842,0x0043,0x0043,0x0042,0x0043,0x0043,0x0042,0x0043,0x0042,0x0042,
    0x0000,0x0000,0x0000,0x0000,0x0000,0x0000,0x0000,0x0000,0x0000,0x0000,0x0000,0x0000,0x0000,0x0000,0x0000,0x0000,
    0x0000,0x0000,0x0000,0x0000,0x0000,0x0000,0x0000,0x0000,0x0000,0x0000,0x0000,0x0000,0x0000,0x0000,0x0000,0x0000,
    0x0000,0x0000,0x0000,0x0000,0x0000,0x0000,0x0000,0x0000,0x0000,0x0000,0x0000,0x0000,0x0000,0x0000,0x0000,0x0000,
    0x0000,0x0000,0x0000,0x0000,0x0000,0x0000,0x0000,0x0000,0x0000,0x0000,0x0000,0x0000,0x0000,0x0000,0x0000,0x0000,
    0x0000,0x0000,0x0000,0x0000,0x0000,0x0000,0x0000,0x0000,0x0000,0x0000,0x0000,0x0000,0x0000,0x0000,0x0000,0x0000,
    0x0000,0x0000,0x0000,0x0000,0x0000,0x0000,0x0000,0x0000,0x0000,0x0000,0x0000,0x0000,0x0000,0x0000,0x0000,0x0000,
    0x0000,0x0000,0x0000,0x0000,0x0000,0x0000,0x0000,0x0000,0x0000,0x0000,0x0000,0x0000,0x0000,0x0000,0x0000,0x0000,
    0x0000,0x0000,0x0000,0x0000,0x0000,0x0000,0x0000,0x0000,0x0000,0x0000,0x0000,0x0000,0x0000,0x0000,0x0000,0x0000,
    0x0000,0x0000,0x0000,0x0000,0x0000,0x0000,0x0000,0x0000,0x0000,0x0000,0x0000,0x0000,0x0000,0x0000,0x0000,0x0000,
    0x0000,0x0000,0x0000,0x0000,0x0000,0x0000,0x0000,0x0000,0x0000,0x0000,0x0000,0x0000,0x0000,0x0000,0x0000,0x0000,
    0x0000,0x0000,0x0000,0x0000,0x0000,0x0000,0x0000,0x0000,0x0000,0x0000,0x0000,0x0000,0x0000,0x0000,0x0000,0x0000,
    0x0000,0x0000,0x0000,0x0000,0x0000,0x0000,0x0000,0x0000,0x0000,0x0000,0x0000,0x0000,0x0000,0x0000,0x0000,0x0000,
    0x0000,0x0000,0x0000,0x0000,0x0000,0x0000,0x0000,0x0000,0x0000,0x0000,0x0000,0x0000,0x0000,0x0000,0x0000,0x0000,
    0x2a4d,0x31cc,0x298b,0x314b,0x214b,0x1949,0x2909,0x2109,0x1909,0x1108,0x1108,0x18e8,0x18e7,0x10e7,0x10c7,0x10c6,
    0x10e7,0x10c6,0x10a6,0x08a6,0x10a5,0x08a5,0x0885,0x0884,0x0884,0x0884,0x0864,0x0864,0x0863,0x0863,0x0863,0x0843,
    0x0843,0x0843,0x0843,0x0843,0x0843,0x0843,0x0843,0x0043,0x0043,0x0043,0x0043,0x0043,0x0043,0x0043,0x0042,0x0042,
    0x0000,0x0000,0x0000,0x0000,0x0000,0x0000,0x0000,0x0000,0x0000,0x0000,0x0000,0x0000,0x0000,0x0000,0x0000,0x0000,
    0x0000,0x0000,0x0000,0x0000,0x0000,0x0000,0x0000,0x0000,0x0000,0x0000,0x0000,0x0000,0x0000,0x0000,0x0000,0x0000,
    0x0000,0x0000,0x0000,0x0000,0x0000,0x0000,0x0000,0x0000,0x0000,0x0000,0x0000,0x0000,0x0000,0x0000,0x0000,0x0000,
    0x0000,0x0000,0x0000,0x0000,0x0000,0x0000,0x0000,0x0000,0x0000,0x0000,0x0000,0x0000,0x0000,0x0000,0x0000,0x0000,
    0x0000,0x0000,0x0000,0x0000,0x0000,0x0000,0x0000,0x0000,0x0000,0x0000,0x0000,0x0000,0x0000,0x0000,0x0000,0x0000,
    0x0000,0x0000,0x0000,0x0000,0x0000,0x0000,0x0000,0x0000,0x0000,0x0000,0x0000,0x0000,0x0000,0x0000,0x0000,0x0000,
    0x0000,0x0000,0x0000,0x0000,0x0000,0x0000,0x0000,0x0000,0x0000,0x0000,0x0000,0x0000,0x0000,0x0000,0x0000,0x0000,
    0x0000,0x0000,0x0000,0x0000,0x0000,0x0000,0x0000,0x0000,0x0000,0x0000,0x0000,0x0000,0x0000,0x0000,0x0000,0x0000,
    0x0000,0x0000,0x0000,0x0000,0x0000,0x0000,0x0000,0x0000,0x0000,0x0000,0x0000,0x0000,0x0000,0x0000,0x0000,0x0000,
    0x0000,0x0000,0x0000,0x0000,0x0000,0x0000,0x0000,0x0000,0x0000,0x0000,0x0000,0x0000,0x0000,0x0000,0x0000,0x0000,
    0x0000,0x0000,0x0000,0x0000,0x0000,0x0000,0x0000,0x0000,0x0000,0x0000,0x0000,0x0000,0x0000,0x0000,0x0000,0x0000,
    0x0000,0x0000,0x0000,0x0000,0x0000,0x0000,0x0000,0x0000,0x0000,0x0000,0x0000,0x0000,0x0000,0x0000,0x0000,0x0000,
    0x0000,0x0000,0x0000,0x0000,0x0000,0x0000,0x0000,0x0000,0x0000,0x0000,0x0000,0x0000,0x0000,0x0000,0x0000,0x0000,
    0x2a4e,0x31cd,0x298c,0x314b,0x294b,0x194a,0x2929,0x2109,0x1909,0x1108,0x1108,0x18e8,0x18e8,0x10e8,0x18e7,0x10c7,
    0x10e7,0x10c7,0x10c6,0x10c6,0x10a6,0x08a5,0x1085,0x0885,0x0884,0x0884,0x0864,0x0864,0x0864,0x0863,0x0863,0x0843,
    0x0843,0x0843,0x0843,0x0843,0x0843,0x0843,0x0843,0x0843,0x0843,0x0843,0x0843,0x0843,0x0843,0x0043,0x0843,0x0042,
    0x0000,0x0000,0x0000,0x0000,0x0000,0x0000,0x0000,0x0000,0x0000,0x0000,0x0000,0x0000,0x0000,0x0000,0x0000,0x0000,
    0x0000,0x0000,0x0000,0x0000,0x0000,0x0000,0x0000,0x0000,0x0000,0x0000,0x0000,0x0000,0x0000,0x0000,0x0000,0x0000,
    0x0000,0x0000,0x0000,0x0000,0x0000,0x0000,0x0000,0x0000,0x0000,0x0000,0x0000,0x0000,0x0000,0x0000,0x0000,0x0000,
    0x0000,0x0000,0x0000,0x0000,0x0000,0x0000,0x0000,0x0000,0x0000,0x0000,0x0000,0x0000,0x0000,0x0000,0x0000,0x0000,
    0x0000,0x0000,0x0000,0x0000,0x0000,0x0000,0x0000,0x0000,0x0000,0x0000,0x0000,0x0000,0x0000,0x0000,0x0000,0x0000,
    0x0000,0x0000,0x0000,0x0000,0x0000,0x0000,0x0000,0x0000,0x0000,0x0000,0x0000,0x0000,0x0000,0x0000,0x0000,0x0000,
    0x0000,0x0000,0x0000,0x0000,0x0000,0x0000,0x0000,0x0000,0x0000,0x0000,0x0000,0x0000,0x0000,0x0000,0x0000,0x0000,
    0x0000,0x0000,0x0000,0x0000,0x0000,0x0000,0x0000,0x0000,0x0000,0x0000,0x0000,0x0000,0x0000,0x0000,0x0000,0x0000,
    0x0000,0x0000,0x0000,0x0000,0x0000,0x0000,0x0000,0x0000,0x0000,0x0000,0x0000,0x0000,0x0000,0x0000,0x0000,0x0000,
    0x0000,0x0000,0x0000,0x0000,0x0000,0x0000,0x0000,0x0000,0x0000,0x0000,0x0000,0x0000,0x0000,0x0000,0x0000,0x0000,
    0x0000,0x0000,0x0000,0x0000,0x0000,0x0000,0x0000,0x0000,0x0000,0x0000,0x0000,0x0000,0x0000,0x0000,0x0000,0x0000,
    0x0000,0x0000,0x0000,0x0000,0x0000,0x0000,0x0000,0x0000,0x0000,0x0000,0x0000,0x0000,0x0000,0x0000,0x0000,0x0000,
    0x0000,0x0000,0x0000,0x0000,0x0000,0x0000,0x0000,0x0000,0x0000,0x0000,0x0000,0x0000,0x0000,0x0000,0x0000,0x0000,
    0x2a6e,0x31ed,0x29ac,0x316c,0x296c,0x196a,0x292a,0x212a,0x1929,0x1929,0x1108,0x18e8,0x18e8,0x18e8,0x18e7,0x10c7,
    0x10e7,0x10c7,0x10c6,0x10c6,0x10a6,0x08a6,0x10a5,0x0885,0x0885,0x0885,0x0864,0x0864,0x0864,0x0863,0x0864,0x0863,
    0x0863,0x0843,0x0843,0x0843,0x0843,0x0843,0x0843,0x0843,0x0843,0x0843,0x0843,0x0843,0x0843,0x0043,0x0843,0x0043,
    0x0000,0x0000,0x0000,0x0000,0x0000,0x0000,0x0000,0x0000,0x0000,0x0000,0x0000,0x0000,0x0000,0x0000,0x0000,0x0000,
    0x0000,0x0000,0x0000,0x0000,0x0000,0x0000,0x0000,0x0000,0x0000,0x0000,0x0000,0x0000,0x0000,0x0000,0x0000,0x0000,
    0x0000,0x0000,0x0000,0x0000,0x0000,0x0000,0x0000,0x0000,0x0000,0x0000,0x0000,0x0000,0x0000,0x0000,0x0000,0x0000,
    0x0000,0x0000,0x0000,0x0000,0x0000,0x0000,0x0000,0x0000,0x0000,0x0000,0x0000,0x0000,0x0000,0x0000,0x0000,0x0000,
    0x0000,0x0000,0x0000,0x0000,0x0000,0x0000,0x0000,0x0000,0x0000,0x0000,0x0000,0x0000,0x0000,0x0000,0x0000,0x0000,
    0x0000,0x0000,0x0000,0x0000,0x0000,0x0000,0x0000,0x0000,0x0000,0x0000,0x0000,0x0000,0x0000,0x0000,0x0000,0x0000,
    0x0000,0x0000,0x0000,0x0000,0x0000,0x0000,0x0000,0x0000,0x0000,0x0000,0x0000,0x0000,0x0000,0x0000,0x0000,0x0000,
    0x0000,0x0000,0x0000,0x0000,0x0000,0x0000,0x0000,0x0000,0x0000,0x0000,0x0000,0x0000,0x0000,0x0000,0x0000,0x0000,
    0x0000,0x0000,0x0000,0x0000,0x0000,0x0000,0x0000,0x0000,0x0000,0x0000,0x0000,0x0000,0x0000,0x0000,0x0000,0x0000,
    0x0000,0x0000,0x0000,0x0000,0x0000,0x0000,0x0000,0x0000,0x0000,0x0000,0x0000,0x0000,0x0000,0x0000,0x0000,0x0000,
    0x0000,0x0000,0x0000,0x0000,0x0000,0x0000,0x0000,0x0000,0x0000,0x0000,0x0000,0x0000,0x0000,0x0000,0x0000,0x0000,
    0x0000,0x0000,0x0000,0x0000,0x0000,0x0000,0x0000,0x0000,0x0000,0x0000,0x0000,0x0000,0x0000,0x0000,0x0000,0x0000,
    0x0000,0x0000,0x0000,0x0000,0x0000,0x0000,0x0000,0x0000,0x0000,0x0000,0x0000,0x0000,0x0000,0x0000,0x0000,0x0000,
    0x2a8f,0x31ee,0x31ac,0x396c,0x296c,0x196a,0x292a,0x212a,0x192a,0x1929,0x1909,0x2108,0x18e8,0x1908,0x18e8,0x18c7,
    0x10e8,0x10e7,0x10c7,0x10c6,0x10a6,0x10a6,0x10a5,0x1085,0x0885,0x0885,0x0884,0x0864,0x0864,0x0864,0x0864,0x0863,
    0x0863,0x0843,0x0843,0x0843,0x0843,0x0843,0x0843,0x0843,0x0843,0x0843,0x0843,0x0843,0x0843,0x0043,0x0843,0x0043,
    0x0000,0x0000,0x0000,0x0000,0x0000,0x0000,0x0000,0x0000,0x0000,0x0000,0x0000,0x0000,0x0000,0x0000,0x0000,0x0000,
    0x0000,0x0000,0x0000,0x0000,0x0000,0x0000,0x0000,0x0000,0x0000,0x0000,0x0000,0x0000,0x0000,0x0000,0x0000,0x0000,
    0x0000,0x0000,0x0000,0x0000,0x0000,0x0000,0x0000,0x0000,0x0000,0x0000,0x0000,0x0000,0x0000,0x0000,0x0000,0x0000,
    0x0000,0x0000,0x0000,0x0000,0x0000,0x0000,0x0000,0x0000,0x0000,0x0000,0x0000,0x0000,0x0000,0x0000,0x0000,0x0000,
    0x0000,0x0000,0x0000,0x0000,0x0000,0x0000,0x0000,0x0000,0x0000,0x0000,0x0000,0x0000,0x0000,0x0000,0x0000,0x0000,
    0x0000,0x0000,0x0000,0x0000,0x0000,0x0000,0x0000,0x0000,0x0000,0x0000,0x0000,0x0000,0x0000,0x0000,0x0000,0x0000,
    0x0000,0x0000,0x0000,0x0000,0x0000,0x0000,0x0000,0x0000,0x0000,0x0000,0x0000,0x0000,0x0000,0x0000,0x0000,0x0000,
    0x0000,0x0000,0x0000,0x0000,0x0000,0x0000,0x0000,0x0000,0x0000,0x0000,0x0000,0x0000,0x0000,0x0000,0x0000,0x0000,
    0x0000,0x0000,0x0000,0x0000,0x0000,0x0000,0x0000,0x0000,0x0000,0x0000,0x0000,0x0000,0x0000,0x0000,0x0000,0x0000,
    0x0000,0x0000,0x0000,0x0000,0x0000,0x0000,0x0000,0x0000,0x0000,0x0000,0x0000,0x0000,0x0000,0x0000,0x0000,0x0000,
    0x0000,0x0000,0x0000,0x0000,0x0000,0x0000,0x0000,0x0000,0x0000,0x0000,0x0000,0x0000,0x0000,0x0000,0x0000,0x0000,
    0x0000,0x0000,0x0000,0x0000,0x0000,0x0000,0x0000,0x0000,0x0000,0x0000,0x0000,0x0000,0x0000,0x0000,0x0000,0x0000,
    0x0000,0x0000,0x0000,0x0000,0x0000,0x0000,0x0000,0x0000,0x0000,0x0000,0x0000,0x0000,0x0000,0x0000,0x0000,0x0000,
    0x328f,0x3a0e,0x31cd,0x398c,0x296c,0x196b,0x294a,0x212a,0x192a,0x1929,0x1929,0x2109,0x1908,0x1909,0x18e8,0x18e7,
    0x1108,0x10e7,0x10c7,0x10c7,0x10c6,0x10c6,0x10a6,0x1085,0x0885,0x0885,0x0885,0x0884,0x0864,0x0864,0x0864,0x0864,
    0x0864,0x0863,0x0863,0x0863,0x0863,0x0863,0x0863,0x0863,0x0863,0x0863,0x0843,0x0843,0x0843,0x0843,0x0843,0x0843,
    0x0000,0x0000,0x0000,0x0000,0x0000,0x0000,0x0000,0x0000,0x0000,0x0000,0x0000,0x0000,0x0000,0x0000,0x0000,0x0000,
    0x0000,0x0000,0x0000,0x0000,0x0000,0x0000,0x0000,0x0000,0x0000,0x0000,0x0000,0x0000,0x0000,0x0000,0x0000,0x0000,
    0x0000,0x0000,0x0000,0x0000,0x0000,0x0000,0x0000,0x0000,0x0000,0x0000,0x0000,0x0000,0x0000,0x0000,0x0000,0x0000,
    0x0000,0x0000,0x0000,0x0000,0x0000,0x0000,0x0000,0x0000,0x0000,0x0000,0x0000,0x0000,0x0000,0x0000,0x0000,0x0000,
    0x0000,0x0000,0x0000,0x0000,0x0000,0x0000,0x0000,0x0000,0x0000,0x0000,0x0000,0x0000,0x0000,0x0000,0x0000,0x0000,
    0x0000,0x0000,0x0000,0x0000,0x0000,0x0000,0x0000,0x0000,0x0000,0x0000,0x0000,0x0000,0x0000,0x0000,0x0000,0x0000,
    0x0000,0x0000,0x0000,0x0000,0x0000,0x0000,0x0000,0x0000,0x0000,0x0000,0x0000,0x0000,0x0000,0x0000,0x0000,0x0000,
    0x0000,0x0000,0x0000,0x0000,0x0000,0x0000,0x0000,0x0000,0x0000,0x0000,0x0000,0x0000,0x0000,0x0000,0x0000,0x0000,
    0x0000,0x0000,0x0000,0x0000,0x0000,0x0000,0x0000,0x0000,0x0000,0x0000,0x0000,0x0000,0x0000,0x0000,0x0000,0x0000,
    0x0000,0x0000,0x0000,0x0000,0x0000,0x0000,0x0000,0x0000,0x0000,0x0000,0x0000,0x0000,0x0000,0x0000,0x0000,0x0000,
    0x0000,0x0000,0x0000,0x0000,0x0000,0x0000,0x0000,0x0000,0x0000,0x0000,0x0000,0x0000,0x0000,0x0000,0x0000,0x0000,
    0x0000,0x0000,0x0000,0x0000,0x0000,0x0000,0x0000,0x0000,0x0000,0x0000,0x0000,0x0000,0x0000,0x0000,0x0000,0x0000,
    0x0000,0x0000,0x0000,0x0000,0x0000,0x0000,0x0000,0x0000,0x0000,0x0000,0x0000,0x0000,0x0000,0x0000,0x0000,0x0000,
};
const uint16_t wayfarer_span_rows[241] = {
    0x0000,0x0000,0x0000,0x0000,0x0000,0x0000,0x0000,0x0001,0x0002,0x0003,0x0004,0x0005,0x0006,0x0007,0x0008,0x0009,
    0x000a,0x000b,0x000c,0x000d,0x000e,0x000f,0x0010,0x0011,0x0012,0x0013,0x0014,0x0015,0x0016,0x0017,0x0018,0x0019,
    0x001a,0x001b,0x001c,0x001d,0x001e,0x001f,0x0020,0x0021,0x0022,0x0023,0x0024,0x0025,0x0026,0x0027,0x0028,0x0029,
    0x002a,0x002b,0x002c,0x002d,0x002e,0x002f,0x0030,0x0031,0x0032,0x0033,0x0034,0x0035,0x0036,0x0037,0x0038,0x0039,
    0x003a,0x003b,0x003c,0x003d,0x003e,0x0041,0x0044,0x0047,0x004a,0x004d,0x0050,0x0053,0x0056,0x0059,0x005c,0x005f,
    0x0062,0x0065,0x0068,0x006b,0x006e,0x0071,0x0074,0x0077,0x007a,0x007d,0x0080,0x0083,0x0086,0x0089,0x008c,0x008f,
    0x0092,0x0095,0x0098,0x009b,0x009e,0x00a1,0x00a4,0x00a7,0x00aa,0x00ad,0x00b0,0x00b3,0x00b6,0x00b9,0x00bc,0x00bf,
    0x00c2,0x00c5,0x00c8,0x00cb,0x00ce,0x00d1,0x00d4,0x00d7,0x00da,0x00dd,0x00e0,0x00e3,0x00e6,0x00e9,0x00ec,0x00ef,
    0x00f2,0x00f5,0x00f8,0x00fb,0x00fe,0x0101,0x0104,0x0107,0x010a,0x010d,0x0110,0x0113,0x0116,0x0119,0x011c,0x011f,
    0x0122,0x0125,0x0128,0x012b,0x012e,0x0131,0x0134,0x0137,0x013a,0x013e,0x0142,0x0145,0x0148,0x0149,0x014a,0x014b,
    0x014c,0x014f,0x0152,0x0155,0x0158,0x015a,0x015c,0x015c,0x015c,0x015c,0x015c,0x015c,0x015c,0x015c,0x015c,0x015c,
    0x015c,0x015c,0x015c,0x015c,0x015c,0x015c,0x015c,0x015c,0x015c,0x015c,0x015c,0x015c,0x015c,0x015c,0x015c,0x015c,
    0x015c,0x015c,0x015c,0x015c,0x015c,0x015c,0x015c,0x015c,0x015c,0x015c,0x015c,0x015c,0x015c,0x015c,0x015c,0x015c,
    0x015c,0x015c,0x015c,0x015c,0x015c,0x015c,0x015c,0x015c,0x015c,0x015c,0x015c,0x015c,0x015c,0x015c,0x015c,0x015c,
    0x015c,0x015c,0x015c,0x015c,0x015c,0x015c,0x015c,0x015c,0x015c,0x015c,0x015c,0x015c,0x015c,0x015c,0x015c,0x015c,
    0x015c,
};
const uint16_t wayfarer_lamp_rows[241] = {
    0x0000,0x0002,0x0004,0x0006,0x0008,0x000e,0x0014,0x0016,0x0018,0x0020,0x0028,0x0032,0x003c,0x0048,0x0054,0x0054,
    0x0054,0x0054,0x0054,0x0058,0x005c,0x005c,0x005c,0x0060,0x0064,0x006e,0x0078,0x0082,0x008c,0x0090,0x0094,0x00a0,
    0x00ac,0x00b4,0x00bc,0x00c0,0x00c4,0x00ca,0x00d0,0x00d4,0x00d8,0x00d8,0x00d8,0x00da,0x00dc,0x00dc,0x00dc,0x00dc,
    0x00dc,0x00de,0x00e0,0x00e4,0x00e8,0x00e8,0x00e8,0x00e8,0x00e8,0x00e8,0x00e8,0x00e8,0x00e8,0x00e8,0x00e8,0x00e8,
    0x00e8,0x00e8,0x00e8,0x00e8,0x00e8,0x00ea,0x00ec,0x00ec,0x00ec,0x00ec,0x00ec,0x00ec,0x00ec,0x00ec,0x00ec,0x00ec,
    0x00ec,0x00ec,0x00ec,0x00ec,0x00ec,0x00ec,0x00ec,0x00ec,0x00ec,0x00ec,0x00ec,0x00ec,0x00ec,0x00ec,0x00ec,0x00ec,
    0x00ec,0x00ec,0x00ec,0x00f0,0x00f4,0x00f8,0x00fc,0x00fc,0x00fc,0x00fc,0x00fc,0x00fc,0x00fc,0x00fc,0x00fc,0x00fc,
    0x00fc,0x00fe,0x0100,0x0100,0x0100,0x0102,0x0104,0x0104,0x0104,0x0106,0x0108,0x0108,0x0108,0x0108,0x0108,0x0108,
    0x0108,0x0108,0x0108,0x0108,0x0108,0x010c,0x0110,0x0114,0x0118,0x011a,0x011c,0x011c,0x011c,0x011c,0x011c,0x0120,
    0x0124,0x0124,0x0124,0x0126,0x0128,0x012a,0x012c,0x012c,0x012c,0x012c,0x012c,0x012c,0x012c,0x012c,0x012c,0x012e,
    0x0130,0x0130,0x0130,0x0130,0x0130,0x0138,0x0140,0x0148,0x0150,0x0158,0x0160,0x0178,0x0190,0x01b8,0x01e0,0x01e6,
    0x01ec,0x01fe,0x0210,0x0218,0x0220,0x0228,0x0230,0x0230,0x0230,0x0232,0x0234,0x0236,0x0238,0x0240,0x0248,0x0258,
    0x0268,0x026c,0x0270,0x0270,0x0270,0x0270,0x0270,0x027a,0x0284,0x0292,0x02a0,0x02a2,0x02a4,0x02b0,0x02bc,0x02c2,
    0x02c8,0x02cc,0x02d0,0x02da,0x02e4,0x02ec,0x02f4,0x02f4,0x02f4,0x02f8,0x02fc,0x0300,0x0304,0x0308,0x030c,0x030e,
    0x0310,0x0314,0x0318,0x031c,0x0320,0x0324,0x0328,0x0328,0x0328,0x0334,0x0340,0x034c,0x0358,0x035a,0x035c,0x035c,
    0x035c,
};
const uint16_t wayfarer_lamp_x[860] = {
    0x0150,0x0151,0x0150,0x0151,0x014a,0x014b,0x014a,0x014b,0x00c2,0x00c3,0x00c4,0x00c5,0x0150,0x0151,0x00c2,0x00c3,
    0x00c4,0x00c5,0x0150,0x0151,0x000a,0x000b,0x000a,0x000b,0x0028,0x0029,0x005c,0x005d,0x005e,0x005f,0x01ba,0x01bb,
    0x0028,0x0029,0x005c,0x005d,0x005e,0x005f,0x01ba,0x01bb,0x0056,0x0057,0x019e,0x019f,0x01b8,0x01b9,0x01be,0x01bf,
    0x01c0,0x01c1,0x0056,0x0057,0x019e,0x019f,0x01b8,0x01b9,0x01be,0x01bf,0x01c0,0x01c1,0x005a,0x005b,0x0072,0x0073,
    0x01a4,0x01a5,0x01ba,0x01bb,0x01bc,0x01bd,0x01c0,0x01c1,0x005a,0x005b,0x0072,0x0073,0x01a4,0x01a5,0x01ba,0x01bb,
    0x01bc,0x01bd,0x01c0,0x01c1,0x0072,0x0073,0x0210,0x0211,0x0072,0x0073,0x0210,0x0211,0x0036,0x0037,0x01e0,0x01e1,
    0x0036,0x0037,0x01e0,0x01e1,0x002c,0x002d,0x0030,0x0031,0x0034,0x0035,0x01e6,0x01e7,0x01ea,0x01eb,0x002c,0x002d,
    0x0030,0x0031,0x0034,0x0035,0x01e6,0x01e7,0x01ea,0x01eb,0x0028,0x0029,0x002a,0x002b,0x01e6,0x01e7,0x01ec,0x01ed,
    0x01ee,0x01ef,0x0028,0x0029,0x002a,0x002b,0x01e6,0x01e7,0x01ec,0x01ed,0x01ee,0x01ef,0x002a,0x002b,0x01ec,0x01ed,
    0x002a,0x002b,0x01ec,0x01ed,0x001e,0x001f,0x0024,0x0025,0x0026,0x0027,0x01f0,0x01f1,0x01f2,0x01f3,0x01f8,0x01f9,
    0x001e,0x001f,0x0024,0x0025,0x0026,0x0027,0x01f0,0x01f1,0x01f2,0x01f3,0x01f8,0x01f9,0x001e,0x001f,0x01e2,0x01e3,
    0x01e6,0x01e7,0x01f8,0x01f9,0x001e,0x001f,0x01e2,0x01e3,0x01e6,0x01e7,0x01f8,0x01f9,0x01e4,0x01e5,0x01ec,0x01ed,
    0x01e4,0x01e5,0x01ec,0x01ed,0x01e4,0x01e5,0x01ec,0x01ed,0x01ee,0x01ef,0x01e4,0x01e5,0x01ec,0x01ed,0x01ee,0x01ef,
    0x01e4,0x01e5,0x01f2,0x01f3,0x01e4,0x01e5,0x01f2,0x01f3,0x002a,0x002b,0x002a,0x002b,0x000a,0x000b,0x000a,0x000b,
    0x020c,0x020d,0x0210,0x0211,0x020c,0x020d,0x0210,0x0211,0x000e,0x000f,0x000e,0x000f,0x01f6,0x01f7,0x01f8,0x01f9,
    0x01f6,0x01f7,0x01f8,0x01f9,0x001a,0x001b,0x0022,0x0023,0x001a,0x001b,0x0022,0x0023,0x01f0,0x01f1,0x01f0,0x01f1,
    0x002a,0x002b,0x002a,0x002b,0x002c,0x002d,0x002c,0x002d,0x0002,0x0003,0x0214,0x0215,0x0002,0x0003,0x0214,0x0215,
    0x01ea,0x01eb,0x0214,0x0215,0x01ea,0x01eb,0x0214,0x0215,0x0004,0x0005,0x0004,0x0005,0x0006,0x0007,0x0210,0x0211,
    0x0006,0x0007,0x0210,0x0211,0x020e,0x020f,0x020e,0x020f,0x01da,0x01db,0x01da,0x01db,0x01f2,0x01f3,0x01f2,0x01f3,
    0x001a,0x001b,0x001c,0x001d,0x0020,0x0021,0x01fc,0x01fd,0x001a,0x001b,0x001c,0x001d,0x0020,0x0021,0x01fc,0x01fd,
    0x0012,0x0013,0x001e,0x001f,0x01f8,0x01f9,0x0204,0x0205,0x0012,0x0013,0x001e,0x001f,0x01f8,0x01f9,0x0204,0x0205,
    0x0016,0x0017,0x010c,0x010d,0x011e,0x011f,0x0200,0x0201,0x0016,0x0017,0x010c,0x010d,0x011e,0x011f,0x0200,0x0201,
    0x004a,0x004b,0x0074,0x0075,0x0078,0x0079,0x007c,0x007d,0x008a,0x008b,0x0090,0x0091,0x0094,0x0095,0x010c,0x010d,
    0x0182,0x0183,0x019e,0x019f,0x01a2,0x01a3,0x01cc,0x01cd,0x004a,0x004b,0x0074,0x0075,0x0078,0x0079,0x007c,0x007d,
    0x008a,0x008b,0x0090,0x0091,0x0094,0x0095,0x010c,0x010d,0x0182,0x0183,0x019e,0x019f,0x01a2,0x01a3,0x01cc,0x01cd,
    0x0024,0x0025,0x0026,0x0027,0x0048,0x0049,0x0076,0x0077,0x007e,0x007f,0x0084,0x0085,0x0086,0x0087,0x008a,0x008b,
    0x008c,0x008d,0x0092,0x0093,0x00f2,0x00f3,0x0124,0x0125,0x018c,0x018d,0x0190,0x0191,0x0192,0x0193,0x0198,0x0199,
    0x01a0,0x01a1,0x01ce,0x01cf,0x01ee,0x01ef,0x01f0,0x01f1,0x0024,0x0025,0x0026,0x0027,0x0048,0x0049,0x0076,0x0077,
    0x007e,0x007f,0x0084,0x0085,0x0086,0x0087,0x008a,0x008b,0x008c,0x008d,0x0092,0x0093,0x00f2,0x00f3,0x0124,0x0125,
    0x018c,0x018d,0x0190,0x0191,0x0192,0x0193,0x0198,0x0199,0x01a0,0x01a1,0x01ce,0x01cf,0x01ee,0x01ef,0x01f0,0x01f1,
    0x00ec,0x00ed,0x00f4,0x00f5,0x0128,0x0129,0x00ec,0x00ed,0x00f4,0x00f5,0x0128,0x0129,0x008e,0x008f,0x0090,0x0091,
    0x0092,0x0093,0x0094,0x0095,0x010c,0x010d,0x0126,0x0127,0x0182,0x0183,0x0186,0x0187,0x018a,0x018b,0x008e,0x008f,
    0x0090,0x0091,0x0092,0x0093,0x0094,0x0095,0x010c,0x010d,0x0126,0x0127,0x0182,0x0183,0x0186,0x0187,0x018a,0x018b,
    0x0014,0x0015,0x00ec,0x00ed,0x00f0,0x00f1,0x0112,0x0113,0x0014,0x0015,0x00ec,0x00ed,0x00f0,0x00f1,0x0112,0x0113,
    0x005e,0x005f,0x0060,0x0061,0x01b6,0x01b7,0x01ba,0x01bb,0x005e,0x005f,0x0060,0x0061,0x01b6,0x01b7,0x01ba,0x01bb,
    0x00be,0x00bf,0x00be,0x00bf,0x01e0,0x01e1,0x01e0,0x01e1,0x00b4,0x00b5,0x00b8,0x00b9,0x015e,0x015f,0x0162,0x0163,
    0x00b4,0x00b5,0x00b8,0x00b9,0x015e,0x015f,0x0162,0x0163,0x004a,0x004b,0x0052,0x0053,0x0054,0x0055,0x00b4,0x00b5,
    0x0162,0x0163,0x01c2,0x01c3,0x01c4,0x01c5,0x01cc,0x01cd,0x004a,0x004b,0x0052,0x0053,0x0054,0x0055,0x00b4,0x00b5,
    0x0162,0x0163,0x01c2,0x01c3,0x01c4,0x01c5,0x01cc,0x01cd,0x0050,0x0051,0x01e0,0x01e1,0x0050,0x0051,0x01e0,0x01e1,
    0x00b2,0x00b3,0x00b6,0x00b7,0x0146,0x0147,0x0160,0x0161,0x0164,0x0165,0x00b2,0x00b3,0x00b6,0x00b7,0x0146,0x0147,
    0x0160,0x0161,0x0164,0x0165,0x00b2,0x00b3,0x00b6,0x00b7,0x00d0,0x00d1,0x00d2,0x00d3,0x0144,0x0145,0x0160,0x0161,
    0x0164,0x0165,0x00b2,0x00b3,0x00b6,0x00b7,0x00d0,0x00d1,0x00d2,0x00d3,0x0144,0x0145,0x0160,0x0161,0x0164,0x0165,
    0x0070,0x0071,0x0070,0x0071,0x0030,0x0031,0x00b2,0x00b3,0x00b4,0x00b5,0x0162,0x0163,0x0164,0x0165,0x01c6,0x01c7,
    0x0030,0x0031,0x00b2,0x00b3,0x00b4,0x00b5,0x0162,0x0163,0x0164,0x0165,0x01c6,0x01c7,0x002e,0x002f,0x0030,0x0031,
    0x01e8,0x01e9,0x002e,0x002f,0x0030,0x0031,0x01e8,0x01e9,0x0030,0x0031,0x01e8,0x01e9,0x0030,0x0031,0x01e8,0x01e9,
    0x0064,0x0065,0x0068,0x0069,0x0078,0x0079,0x007a,0x007b,0x01e8,0x01e9,0x0064,0x0065,0x0068,0x0069,0x0078,0x0079,
    0x007a,0x007b,0x01e8,0x01e9,0x0068,0x0069,0x006c,0x006d,0x00c6,0x00c7,0x01f2,0x01f3,0x0068,0x0069,0x006c,0x006d,
    0x00c6,0x00c7,0x01f2,0x01f3,0x0052,0x0053,0x01c4,0x01c5,0x0052,0x0053,0x01c4,0x01c5,0x00d0,0x00d1,0x0146,0x0147,
    0x00d0,0x00d1,0x0146,0x0147,0x004e,0x004f,0x01c8,0x01c9,0x004e,0x004f,0x01c8,0x01c9,0x000c,0x000d,0x000c,0x000d,
    0x0000,0x0001,0x000c,0x000d,0x0000,0x0001,0x000c,0x000d,0x000c,0x000d,0x0092,0x0093,0x000c,0x000d,0x0092,0x0093,
    0x000e,0x000f,0x0092,0x0093,0x000e,0x000f,0x0092,0x0093,0x000e,0x000f,0x0014,0x0015,0x0016,0x0017,0x00ce,0x00cf,
    0x00fe,0x00ff,0x0106,0x0107,0x000e,0x000f,0x0014,0x0015,0x0016,0x0017,0x00ce,0x00cf,0x00fe,0x00ff,0x0106,0x0107,
    0x0014,0x0015,0x00fc,0x00fd,0x0100,0x0101,0x0102,0x0103,0x0104,0x0105,0x0106,0x0107,0x0014,0x0015,0x00fc,0x00fd,
    0x0100,0x0101,0x0102,0x0103,0x0104,0x0105,0x0106,0x0107,0x0010,0x0011,0x0010,0x0011,
};
const wayfarer_span_t wayfarer_window_spans[348] = {
    {238, 298},
    {238, 298},
    {208, 330},
    {208, 330},
    {186, 350},
    {186, 350},
    {170, 366},
    {170, 366},
    {156, 380},
    {156, 380},
    {146, 392},
    {146, 392},
    {134, 402},
    {134, 402},
    {126, 410},
    {126, 410},
    {118, 418},
    {118, 418},
    {110, 428},
    {110, 428},
    {102, 434},
    {102, 434},
    {96, 442},
    {96, 442},
    {88, 448},
    {88, 448},
    {82, 454},
    {82, 454},
    {76, 460},
    {76, 460},
    {70, 466},
    {70, 466},
    {64, 472},
    {64, 472},
    {58, 478},
    {58, 478},
    {52, 484},
    {52, 484},
    {48, 488},
    {48, 488},
    {42, 494},
    {42, 494},
    {36, 500},
    {36, 500},
    {32, 504},
    {32, 504},
    {28, 508},
    {28, 508},
    {28, 508},
    {28, 508},
    {28, 510},
    {28, 510},
    {28, 510},
    {28, 510},
    {26, 510},
    {26, 510},
    {28, 510},
    {28, 510},
    {28, 508},
    {28, 508},
    {28, 508},
    {28, 508},
    {0, 4},
    {30, 508},
    {532, 536},
    {0, 4},
    {30, 508},
    {532, 536},
    {0, 6},
    {30, 506},
    {532, 536},
    {0, 6},
    {30, 506},
    {532, 536},
    {0, 6},
    {32, 506},
    {530, 536},
    {0, 6},
    {32, 506},
    {530, 536},
    {0, 8},
    {32, 504},
    {530, 536},
    {0, 8},
    {32, 504},
    {530, 536},
    {0, 8},
    {32, 504},
    {528, 536},
    {0, 8},
    {32, 504},
    {528, 536},
    {0, 8},
    {34, 502},
    {528, 536},
    {0, 8},
    {34, 502},
    {528, 536},
    {0, 10},
    {34, 502},
    {526, 536},
    {0, 10},
    {34, 502},
    {526, 536},
    {0, 10},
    {36, 502},
    {526, 536},
    {0, 10},
    {36, 502},
    {526, 536},
    {0, 14},
    {36, 500},
    {522, 536},
    {0, 14},
    {36, 500},
    {522, 536},
    {0, 16},
    {36, 500},
    {522, 536},
    {0, 16},
    {36, 500},
    {522, 536},
    {0, 16},
    {38, 498},
    {520, 536},
    {0, 16},
    {38, 498},
    {520, 536},
    {0, 18},
    {38, 498},
    {520, 536},
    {0, 18},
    {38, 498},
    {520, 536},
    {0, 18},
    {40, 498},
    {518, 536},
    {0, 18},
    {40, 498},
    {518, 536},
    {0, 18},
    {40, 496},
    {518, 536},
    {0, 18},
    {40, 496},
    {518, 536},
    {0, 20},
    {40, 496},
    {516, 536},
    {0, 20},
    {40, 496},
    {516, 536},
    {0, 20},
    {42, 494},
    {516, 536},
    {0, 20},
    {42, 494},
    {516, 536},
    {0, 22},
    {42, 494},
    {516, 536},
    {0, 22},
    {42, 494},
    {516, 536},
    {0, 22},
    {44, 492},
    {514, 536},
    {0, 22},
    {44, 492},
    {514, 536},
    {0, 24},
    {44, 492},
    {514, 536},
    {0, 24},
    {44, 492},
    {514, 536},
    {0, 24},
    {46, 492},
    {512, 536},
    {0, 24},
    {46, 492},
    {512, 536},
    {0, 24},
    {46, 490},
    {512, 536},
    {0, 24},
    {46, 490},
    {512, 536},
    {0, 26},
    {46, 490},
    {512, 536},
    {0, 26},
    {46, 490},
    {512, 536},
    {0, 26},
    {48, 488},
    {510, 536},
    {0, 26},
    {48, 488},
    {510, 536},
    {0, 28},
    {48, 488},
    {510, 536},
    {0, 28},
    {48, 488},
    {510, 536},
    {0, 28},
    {50, 486},
    {508, 536},
    {0, 28},
    {50, 486},
    {508, 536},
    {0, 28},
    {50, 486},
    {508, 536},
    {0, 28},
    {50, 486},
    {508, 536},
    {0, 30},
    {50, 486},
    {508, 536},
    {0, 30},
    {50, 486},
    {508, 536},
    {0, 30},
    {52, 484},
    {506, 536},
    {0, 30},
    {52, 484},
    {506, 536},
    {2, 32},
    {52, 484},
    {506, 536},
    {2, 32},
    {52, 484},
    {506, 536},
    {2, 32},
    {54, 482},
    {504, 534},
    {2, 32},
    {54, 482},
    {504, 534},
    {2, 32},
    {54, 482},
    {504, 534},
    {2, 32},
    {54, 482},
    {504, 534},
    {4, 34},
    {56, 482},
    {502, 532},
    {4, 34},
    {56, 482},
    {502, 532},
    {4, 34},
    {56, 480},
    {502, 532},
    {4, 34},
    {56, 480},
    {502, 532},
    {6, 36},
    {58, 480},
    {502, 530},
    {6, 36},
    {58, 480},
    {502, 530},
    {6, 36},
    {58, 478},
    {500, 530},
    {6, 36},
    {58, 478},
    {500, 530},
    {8, 36},
    {58, 478},
    {500, 528},
    {8, 36},
    {58, 478},
    {500, 528},
    {8, 38},
    {60, 476},
    {498, 528},
    {8, 38},
    {60, 476},
    {498, 528},
    {10, 38},
    {60, 476},
    {498, 526},
    {10, 38},
    {60, 476},
    {498, 526},
    {10, 40},
    {62, 474},
    {498, 526},
    {10, 40},
    {62, 474},
    {498, 526},
    {12, 40},
    {62, 474},
    {496, 524},
    {12, 40},
    {62, 474},
    {496, 524},
    {12, 42},
    {64, 474},
    {496, 524},
    {12, 42},
    {64, 474},
    {496, 524},
    {14, 42},
    {64, 472},
    {494, 522},
    {14, 42},
    {64, 472},
    {494, 522},
    {16, 18},
    {20, 42},
    {64, 472},
    {494, 518},
    {16, 18},
    {20, 42},
    {64, 472},
    {494, 518},
    {34, 44},
    {76, 462},
    {492, 502},
    {34, 44},
    {76, 462},
    {492, 502},
    {78, 460},
    {78, 460},
    {94, 444},
    {94, 444},
    {104, 184},
    {202, 334},
    {352, 434},
    {104, 184},
    {202, 334},
    {352, 434},
    {110, 182},
    {204, 332},
    {356, 426},
    {110, 182},
    {204, 332},
    {356, 426},
    {210, 218},
    {318, 326},
    {210, 218},
    {318, 326},
};
